Japanese,Kana,Romaji,Meaning,Part of speech,Chapter,Register,Usage note,Example 1 (Japanese),Example 1 (English),Example 2 (Japanese),Example 2 (English),Contrast,Misuse note
スマホを使う,つかう,tsukau,I use a smartphone.,collocation,Daily Life,neutral,Draft candidate mined from an existing Kokeniwa example. Confirm the particle and natural range during editorial review.,スマホを使う。,I use a smartphone.,,,,Confirm whether this is a fixed or strongly preferred pairing rather than a freely generated phrase.
本を閉じてください,とじる,tojiru,Please close your books.,collocation,Daily Life,neutral,Draft candidate mined from an existing Kokeniwa example. Confirm the particle and natural range during editorial review.,本を閉じてください。,Please close your books.,,,,Confirm whether this is a fixed or strongly preferred pairing rather than a freely generated phrase.
日常の会話を練習する,にちじょう,nichijou,I practice everyday conversation.,collocation,Daily Life,neutral,Draft candidate mined from an existing Kokeniwa example. Confirm the particle and natural range during editorial review.,日常の会話を練習する。,I practice everyday conversation.,,,,Confirm whether this is a fixed or strongly preferred pairing rather than a freely generated phrase.
今日はいい天気ですね,てんき,tenki,"Nice weather today, isn't it?",collocation,Daily Life,neutral,Draft candidate mined from an existing Kokeniwa example. Confirm the particle and natural range during editorial review.,今日はいい天気ですね。,"Nice weather today, isn't it?",,,,Confirm whether this is a fixed or strongly preferred pairing rather than a freely generated phrase.
この本は仕事に役立つ,やくだつ,yakudatsu,This book is useful for work.,collocation,Daily Life,neutral,Draft candidate mined from an existing Kokeniwa example. Confirm the particle and natural range during editorial review.,この本は仕事に役立つ。,This book is useful for work.,,,,Confirm whether this is a fixed or strongly preferred pairing rather than a freely generated phrase.
応募を今日で締め切る,しめきる,shimekiru,We close applications today.,collocation,Daily Life,neutral,Draft candidate mined from an existing Kokeniwa example. Confirm the particle and natural range during editorial review.,応募を今日で締め切る。,We close applications today.,,,,Confirm whether this is a fixed or strongly preferred pairing rather than a freely generated phrase.
忙しい日は時短料理を作る,じたんりょうり,jitan ryouri,On busy days I make time-saving meals.,collocation,Daily Life,neutral,Draft candidate mined from an existing Kokeniwa example. Confirm the particle and natural range during editorial review.,忙しい日は時短料理を作る。,On busy days I make time-saving meals.,,,,Confirm whether this is a fixed or strongly preferred pairing rather than a freely generated phrase.
月曜日が定休日の店だった,ていきゅうび,teikyuubi,It was a shop closed on Mondays.,collocation,Daily Life,neutral,Draft candidate mined from an existing Kokeniwa example. Confirm the particle and natural range during editorial review.,月曜日が定休日の店だった。,It was a shop closed on Mondays.,,,,Confirm whether this is a fixed or strongly preferred pairing rather than a freely generated phrase.
美術館の閉館時間を確認した,へいかんじかん,heikan jikan,I checked the museum's closing time.,collocation,Daily Life,neutral,Draft candidate mined from an existing Kokeniwa example. Confirm the particle and natural range during editorial review.,美術館の閉館時間を確認した。,I checked the museum's closing time.,,,,Confirm whether this is a fixed or strongly preferred pairing rather than a freely generated phrase.
一泊二日の弾丸旅行に行った,だんがんりょこう,dangan ryokou,"I went on a whirlwind two-day, one-night trip.",collocation,Daily Life,neutral,Draft candidate mined from an existing Kokeniwa example. Confirm the particle and natural range during editorial review.,一泊二日の弾丸旅行に行った。,"I went on a whirlwind two-day, one-night trip.",,,,Confirm whether this is a fixed or strongly preferred pairing rather than a freely generated phrase.
乗り継ぎ時間が短くて焦った,のりつぎじかん,noritsugi jikan,I was in a rush because the layover time was short.,collocation,Daily Life,neutral,Draft candidate mined from an existing Kokeniwa example. Confirm the particle and natural range during editorial review.,乗り継ぎ時間が短くて焦った。,I was in a rush because the layover time was short.,,,,Confirm whether this is a fixed or strongly preferred pairing rather than a freely generated phrase.
朝礼で今日の予定を共有した,ちょうれい,chourei,We shared today's schedule at the morning meeting.,collocation,Daily Life,neutral,Draft candidate mined from an existing Kokeniwa example. Confirm the particle and natural range during editorial review.,朝礼で今日の予定を共有した。,We shared today's schedule at the morning meeting.,,,,Confirm whether this is a fixed or strongly preferred pairing rather than a freely generated phrase.
休日はもっぱら読書をして過ごす,もっぱら,moppara,On holidays I spend my time exclusively reading.,collocation,Daily Life,neutral,Draft candidate mined from an existing Kokeniwa example. Confirm the particle and natural range during editorial review.,休日はもっぱら読書をして過ごす。,On holidays I spend my time exclusively reading.,,,,Confirm whether this is a fixed or strongly preferred pairing rather than a freely generated phrase.
フレックスタイム制を利用している,ふれっくすたいむ,furekkusu taimu,I use the flextime system.,collocation,Daily Life,neutral,Draft candidate mined from an existing Kokeniwa example. Confirm the particle and natural range during editorial review.,フレックスタイム制を利用している。,I use the flextime system.,,,,Confirm whether this is a fixed or strongly preferred pairing rather than a freely generated phrase.
技術の習得は一朝一夕にはいかない,いっちょういっせき,icchou isseki,Mastering a skill doesn't happen overnight.,collocation,Daily Life,neutral,Draft candidate mined from an existing Kokeniwa example. Confirm the particle and natural range during editorial review.,技術の習得は一朝一夕にはいかない。,Mastering a skill doesn't happen overnight.,,,,Confirm whether this is a fixed or strongly preferred pairing rather than a freely generated phrase.
教科書の十ページを開いてください,きょうかしょ,kyoukasho,Please open your textbook to page ten.,collocation,Daily Life,neutral,Draft candidate mined from an existing Kokeniwa example. Confirm the particle and natural range during editorial review.,教科書の十ページを開いてください。,Please open your textbook to page ten.,,,,Confirm whether this is a fixed or strongly preferred pairing rather than a freely generated phrase.
本を読む,ほん,hon,Read a book.,collocation,Daily Life,neutral,Draft candidate mined from an existing Kokeniwa example. Confirm the particle and natural range during editorial review.,本を読む。,Read a book.,,,,Confirm whether this is a fixed or strongly preferred pairing rather than a freely generated phrase.
服を売る,うる,uru,I sell clothes.,collocation,Daily Life,neutral,Draft candidate mined from an existing Kokeniwa example. Confirm the particle and natural range during editorial review.,服を売る。,I sell clothes.,,,,Confirm whether this is a fixed or strongly preferred pairing rather than a freely generated phrase.
窓を開ける,まど,mado,Open the window.,collocation,Daily Life,neutral,Draft candidate mined from an existing Kokeniwa example. Confirm the particle and natural range during editorial review.,窓を開ける。,Open the window.,,,,Confirm whether this is a fixed or strongly preferred pairing rather than a freely generated phrase.
ドアを閉める,どあ,doa,Close the door.,collocation,Daily Life,neutral,Draft candidate mined from an existing Kokeniwa example. Confirm the particle and natural range during editorial review.,ドアを閉める。,Close the door.,,,,Confirm whether this is a fixed or strongly preferred pairing rather than a freely generated phrase.
ベッドで寝る,べっど,beddo,Sleep in the bed.,collocation,Daily Life,neutral,Draft candidate mined from an existing Kokeniwa example. Confirm the particle and natural range during editorial review.,ベッドで寝る。,Sleep in the bed.,,,,Confirm whether this is a fixed or strongly preferred pairing rather than a freely generated phrase.
最近残業が多い,ざんぎょう,zangyou,I have a lot of overtime recently.,collocation,Daily Life,neutral,Draft candidate mined from an existing Kokeniwa example. Confirm the particle and natural range during editorial review.,最近残業が多い。,I have a lot of overtime recently.,,,,Confirm whether this is a fixed or strongly preferred pairing rather than a freely generated phrase.
新しい本を買う,あたらしい,atarashii,I buy a new book.,collocation,Daily Life,neutral,Draft candidate mined from an existing Kokeniwa example. Confirm the particle and natural range during editorial review.,新しい本を買う。,I buy a new book.,,,,Confirm whether this is a fixed or strongly preferred pairing rather than a freely generated phrase.
年鑑を刊行する,かんこう,kankou,Publish the yearbook.,collocation,Daily Life,neutral,Draft candidate mined from an existing Kokeniwa example. Confirm the particle and natural range during editorial review.,年鑑を刊行する。,Publish the yearbook.,,,,Confirm whether this is a fixed or strongly preferred pairing rather than a freely generated phrase.
時間を管理する,かんり,kanri,Manage time.,collocation,Daily Life,neutral,Draft candidate mined from an existing Kokeniwa example. Confirm the particle and natural range during editorial review.,時間を管理する。,Manage time.,,,,Confirm whether this is a fixed or strongly preferred pairing rather than a freely generated phrase.
連休に旅行する,れんきゅう,renkyuu,Travel during the holidays.,collocation,Daily Life,neutral,Draft candidate mined from an existing Kokeniwa example. Confirm the particle and natural range during editorial review.,連休に旅行する。,Travel during the holidays.,,,,Confirm whether this is a fixed or strongly preferred pairing rather than a freely generated phrase.
時間を短縮する,たんしゅく,tanshuku,Shorten the time.,collocation,Daily Life,neutral,Draft candidate mined from an existing Kokeniwa example. Confirm the particle and natural range during editorial review.,時間を短縮する。,Shorten the time.,,,,Confirm whether this is a fixed or strongly preferred pairing rather than a freely generated phrase.
夜間勤務がある,きんむ,kinmu,There is night duty.,collocation,Daily Life,neutral,Draft candidate mined from an existing Kokeniwa example. Confirm the particle and natural range during editorial review.,夜間勤務がある。,There is night duty.,,,,Confirm whether this is a fixed or strongly preferred pairing rather than a freely generated phrase.
定時に退勤する,たいきん,taikin,Leave work on time.,collocation,Daily Life,neutral,Draft candidate mined from an existing Kokeniwa example. Confirm the particle and natural range during editorial review.,定時に退勤する。,Leave work on time.,,,,Confirm whether this is a fixed or strongly preferred pairing rather than a freely generated phrase.
パソコンを使う,ぱそこん,pasokon,Use a computer.,collocation,Daily Life,neutral,Draft candidate mined from an existing Kokeniwa example. Confirm the particle and natural range during editorial review.,パソコンを使う。,Use a computer.,,,,Confirm whether this is a fixed or strongly preferred pairing rather than a freely generated phrase.
口座を開設する,こうざ,kouza,Open a bank account.,collocation,Daily Life,neutral,Draft candidate mined from an existing Kokeniwa example. Confirm the particle and natural range during editorial review.,口座を開設する。,Open a bank account.,,,,Confirm whether this is a fixed or strongly preferred pairing rather than a freely generated phrase.
面会を拒まれた,こばむ,kobamu,I was refused a meeting.,collocation,Daily Life,neutral,Draft candidate mined from an existing Kokeniwa example. Confirm the particle and natural range during editorial review.,面会を拒まれた。,I was refused a meeting.,,,,Confirm whether this is a fixed or strongly preferred pairing rather than a freely generated phrase.
明日は暇ですか,ひま,hima,Are you free tomorrow?,collocation,Daily Life,neutral,Draft candidate mined from an existing Kokeniwa example. Confirm the particle and natural range during editorial review.,明日は暇ですか。,Are you free tomorrow?,,,,Confirm whether this is a fixed or strongly preferred pairing rather than a freely generated phrase.
立派な家ですね,りっぱ,rippa,What a splendid house!,collocation,Daily Life,neutral,Draft candidate mined from an existing Kokeniwa example. Confirm the particle and natural range during editorial review.,立派な家ですね。,What a splendid house!,,,,Confirm whether this is a fixed or strongly preferred pairing rather than a freely generated phrase.
体力を消耗した,しょうもう,shoumou,I used up my energy.,collocation,Daily Life,neutral,Draft candidate mined from an existing Kokeniwa example. Confirm the particle and natural range during editorial review.,体力を消耗した。,I used up my energy.,,,,Confirm whether this is a fixed or strongly preferred pairing rather than a freely generated phrase.
役職を固辞した,こじ,koji,He firmly refused the post.,collocation,Daily Life,neutral,Draft candidate mined from an existing Kokeniwa example. Confirm the particle and natural range during editorial review.,役職を固辞した。,He firmly refused the post.,,,,Confirm whether this is a fixed or strongly preferred pairing rather than a freely generated phrase.
当時を述懐する,じゅっかい,jukkai,I reminisce about those days.,collocation,Daily Life,neutral,Draft candidate mined from an existing Kokeniwa example. Confirm the particle and natural range during editorial review.,当時を述懐する。,I reminisce about those days.,,,,Confirm whether this is a fixed or strongly preferred pairing rather than a freely generated phrase.
権力を濫用する,らんよう,ran'you,They abuse their power.,collocation,Daily Life,neutral,Draft candidate mined from an existing Kokeniwa example. Confirm the particle and natural range during editorial review.,権力を濫用する。,They abuse their power.,,,,Confirm whether this is a fixed or strongly preferred pairing rather than a freely generated phrase.
今、何時ですか,なんじ,nanji,What time is it now?,collocation,Daily Life,neutral,Draft candidate mined from an existing Kokeniwa example. Confirm the particle and natural range during editorial review.,今、何時ですか。,What time is it now?,,,,Confirm whether this is a fixed or strongly preferred pairing rather than a freely generated phrase.
営業を再開した,さいかい,saikai,We resumed business.,collocation,Daily Life,neutral,Draft candidate mined from an existing Kokeniwa example. Confirm the particle and natural range during editorial review.,営業を再開した。,We resumed business.,,,,Confirm whether this is a fixed or strongly preferred pairing rather than a freely generated phrase.
提案を拒絶する,きょぜつする,kyozetsu suru,They reject the proposal.,collocation,Daily Life,neutral,Draft candidate mined from an existing Kokeniwa example. Confirm the particle and natural range during editorial review.,提案を拒絶する。,They reject the proposal.,,,,Confirm whether this is a fixed or strongly preferred pairing rather than a freely generated phrase.
今日は予定がある,よてい,yotei,I have plans today.,collocation,Daily Life,neutral,Draft candidate mined from an existing Kokeniwa example. Confirm the particle and natural range during editorial review.,今日は予定がある。,I have plans today.,,,,Confirm whether this is a fixed or strongly preferred pairing rather than a freely generated phrase.
病院の予約をした,よやく,yoyaku,I made a hospital appointment.,collocation,Daily Life,neutral,Draft candidate mined from an existing Kokeniwa example. Confirm the particle and natural range during editorial review.,病院の予約をした。,I made a hospital appointment.,,,,Confirm whether this is a fixed or strongly preferred pairing rather than a freely generated phrase.
引き出しを開ける,ひきだし,hikidashi,I open the drawer.,collocation,Daily Life,neutral,Draft candidate mined from an existing Kokeniwa example. Confirm the particle and natural range during editorial review.,引き出しを開ける。,I open the drawer.,,,,Confirm whether this is a fixed or strongly preferred pairing rather than a freely generated phrase.
自由席を利用する,じゆうせき,jiyuuseki,Use a non-reserved seat.,collocation,Daily Life,neutral,Draft candidate mined from an existing Kokeniwa example. Confirm the particle and natural range during editorial review.,自由席を利用する。,Use a non-reserved seat.,,,,Confirm whether this is a fixed or strongly preferred pairing rather than a freely generated phrase.
時間に制限がある,せいげん,seigen,There is a time limit.,collocation,Daily Life,neutral,Draft candidate mined from an existing Kokeniwa example. Confirm the particle and natural range during editorial review.,時間に制限がある。,There is a time limit.,,,,Confirm whether this is a fixed or strongly preferred pairing rather than a freely generated phrase.
資源を有効に使う,しげん,shigen,Use resources efficiently.,collocation,Daily Life,neutral,Draft candidate mined from an existing Kokeniwa example. Confirm the particle and natural range during editorial review.,資源を有効に使う。,Use resources efficiently.,,,,Confirm whether this is a fixed or strongly preferred pairing rather than a freely generated phrase.
机の上に本がある,ある,aru,There is a book on the desk.,collocation,Daily Life,neutral,Draft candidate mined from an existing Kokeniwa example. Confirm the particle and natural range during editorial review.,机の上に本がある。,There is a book on the desk.,,,,Confirm whether this is a fixed or strongly preferred pairing rather than a freely generated phrase.
この本を翻訳した,ほんやく,honyaku,I translated this book.,collocation,Daily Life,neutral,Draft candidate mined from an existing Kokeniwa example. Confirm the particle and natural range during editorial review.,この本を翻訳した。,I translated this book.,,,,Confirm whether this is a fixed or strongly preferred pairing rather than a freely generated phrase.
今日は用事がある,ようじ,youji,I have something to do today.,collocation,Daily Life,neutral,Draft candidate mined from an existing Kokeniwa example. Confirm the particle and natural range during editorial review.,今日は用事がある。,I have something to do today.,,,,Confirm whether this is a fixed or strongly preferred pairing rather than a freely generated phrase.
家に帰る,いえ,ie,Go home.,collocation,Home and Housework,neutral,Draft candidate mined from an existing Kokeniwa example. Confirm the particle and natural range during editorial review.,家に帰る。,Go home.,,,,Confirm whether this is a fixed or strongly preferred pairing rather than a freely generated phrase.
部屋を掃除する,へや,heya,Clean the room.,collocation,Home and Housework,neutral,Draft candidate mined from an existing Kokeniwa example. Confirm the particle and natural range during editorial review.,部屋を掃除する。,Clean the room.,,,,Confirm whether this is a fixed or strongly preferred pairing rather than a freely generated phrase.
台所で料理する,だいどころ,daidokoro,Cook in the kitchen.,collocation,Home and Housework,neutral,Draft candidate mined from an existing Kokeniwa example. Confirm the particle and natural range during editorial review.,台所で料理する。,Cook in the kitchen.,,,,Confirm whether this is a fixed or strongly preferred pairing rather than a freely generated phrase.
家の奥に部屋がある,おく,oku,There is a room in the back of the house.,collocation,Home and Housework,neutral,Draft candidate mined from an existing Kokeniwa example. Confirm the particle and natural range during editorial review.,家の奥に部屋がある。,There is a room in the back of the house.,,,,Confirm whether this is a fixed or strongly preferred pairing rather than a freely generated phrase.
母の手料理が恋しい,てりょうり,teryouri,I miss my mother's home-cooked food.,collocation,Home and Housework,neutral,Draft candidate mined from an existing Kokeniwa example. Confirm the particle and natural range during editorial review.,母の手料理が恋しい。,I miss my mother's home-cooked food.,,,,Confirm whether this is a fixed or strongly preferred pairing rather than a freely generated phrase.
最近、料理に凝っている,こる,koru,Lately I'm really into cooking.,collocation,Home and Housework,neutral,Draft candidate mined from an existing Kokeniwa example. Confirm the particle and natural range during editorial review.,最近、料理に凝っている。,Lately I'm really into cooking.,,,,Confirm whether this is a fixed or strongly preferred pairing rather than a freely generated phrase.
お袋の味を再現しようとした,おふくろのあじ,ofukuro no aji,I tried to recreate the taste of my mother's home cooking.,collocation,Home and Housework,neutral,Draft candidate mined from an existing Kokeniwa example. Confirm the particle and natural range during editorial review.,お袋の味を再現しようとした。,I tried to recreate the taste of my mother's home cooking.,,,,Confirm whether this is a fixed or strongly preferred pairing rather than a freely generated phrase.
部屋を片付けてすっきりした,すっきり,sukkiri,I cleaned the room and felt refreshed.,collocation,Home and Housework,neutral,Draft candidate mined from an existing Kokeniwa example. Confirm the particle and natural range during editorial review.,部屋を片付けてすっきりした。,I cleaned the room and felt refreshed.,,,,Confirm whether this is a fixed or strongly preferred pairing rather than a freely generated phrase.
調理場は常に清潔に保たれている,ちょうりば,chouriba,The cooking area is always kept clean.,collocation,Home and Housework,neutral,Draft candidate mined from an existing Kokeniwa example. Confirm the particle and natural range during editorial review.,調理場は常に清潔に保たれている。,The cooking area is always kept clean.,,,,Confirm whether this is a fixed or strongly preferred pairing rather than a freely generated phrase.
家庭料理を教える教室に通っている,かていりょうり,katei ryouri,I attend a class that teaches home cooking.,collocation,Home and Housework,neutral,Draft candidate mined from an existing Kokeniwa example. Confirm the particle and natural range during editorial review.,家庭料理を教える教室に通っている。,I attend a class that teaches home cooking.,,,,Confirm whether this is a fixed or strongly preferred pairing rather than a freely generated phrase.
風呂に入る,ふろ,furo,Take a bath.,collocation,Home and Housework,neutral,Draft candidate mined from an existing Kokeniwa example. Confirm the particle and natural range during editorial review.,風呂に入る。,Take a bath.,,,,Confirm whether this is a fixed or strongly preferred pairing rather than a freely generated phrase.
宿題をする,する,suru,I do homework.,collocation,Home and Housework,neutral,Draft candidate mined from an existing Kokeniwa example. Confirm the particle and natural range during editorial review.,宿題をする。,I do homework.,,,,Confirm whether this is a fixed or strongly preferred pairing rather than a freely generated phrase.
宿題を忘れた,わすれる,wasureru,I forgot my homework.,collocation,Home and Housework,neutral,Draft candidate mined from an existing Kokeniwa example. Confirm the particle and natural range during editorial review.,宿題を忘れた。,I forgot my homework.,,,,Confirm whether this is a fixed or strongly preferred pairing rather than a freely generated phrase.
素直に謝った,すなお,sunao,I apologized honestly.,collocation,Home and Housework,neutral,Draft candidate mined from an existing Kokeniwa example. Confirm the particle and natural range during editorial review.,素直に謝った。,I apologized honestly.,,,,Confirm whether this is a fixed or strongly preferred pairing rather than a freely generated phrase.
宿題を済ませる,すませる,sumaseru,I finish my homework.,collocation,Home and Housework,neutral,Draft candidate mined from an existing Kokeniwa example. Confirm the particle and natural range during editorial review.,宿題を済ませる。,I finish my homework.,,,,Confirm whether this is a fixed or strongly preferred pairing rather than a freely generated phrase.
新居を契約した,けいやくする,keiyaku suru,I signed a contract for a new home.,collocation,Home and Housework,neutral,Draft candidate mined from an existing Kokeniwa example. Confirm the particle and natural range during editorial review.,新居を契約した。,I signed a contract for a new home.,,,,Confirm whether this is a fixed or strongly preferred pairing rather than a freely generated phrase.
洗濯物を畳んだ,たたむ,tatamu,I folded the laundry.,collocation,Home and Housework,neutral,Draft candidate mined from an existing Kokeniwa example. Confirm the particle and natural range during editorial review.,洗濯物を畳んだ。,I folded the laundry.,,,,Confirm whether this is a fixed or strongly preferred pairing rather than a freely generated phrase.
研究に没頭する,ぼっとうする,bottou suru,I immerse myself in research.,collocation,Home and Housework,neutral,Draft candidate mined from an existing Kokeniwa example. Confirm the particle and natural range during editorial review.,研究に没頭する。,I immerse myself in research.,,,,Confirm whether this is a fixed or strongly preferred pairing rather than a freely generated phrase.
机を窓際に移した,うつす,utsusu,I moved the desk near the window.,collocation,Home and Housework,neutral,Draft candidate mined from an existing Kokeniwa example. Confirm the particle and natural range during editorial review.,机を窓際に移した。,I moved the desk near the window.,,,,Confirm whether this is a fixed or strongly preferred pairing rather than a freely generated phrase.
客を部屋に通した,とおす,toosu,I showed the guest into the room.,collocation,Home and Housework,neutral,Draft candidate mined from an existing Kokeniwa example. Confirm the particle and natural range during editorial review.,客を部屋に通した。,I showed the guest into the room.,,,,Confirm whether this is a fixed or strongly preferred pairing rather than a freely generated phrase.
窓から海を眺めた,ながめる,nagameru,I gazed at the sea from the window.,collocation,Home and Housework,neutral,Draft candidate mined from an existing Kokeniwa example. Confirm the particle and natural range during editorial review.,窓から海を眺めた。,I gazed at the sea from the window.,,,,Confirm whether this is a fixed or strongly preferred pairing rather than a freely generated phrase.
部屋に机を据えた,すえる,sueru,I set a desk in the room.,collocation,Home and Housework,neutral,Draft candidate mined from an existing Kokeniwa example. Confirm the particle and natural range during editorial review.,部屋に机を据えた。,I set a desk in the room.,,,,Confirm whether this is a fixed or strongly preferred pairing rather than a freely generated phrase.
部屋の寸法を測る,すんぽう,sunpou,I measure the dimensions of the room.,collocation,Home and Housework,neutral,Draft candidate mined from an existing Kokeniwa example. Confirm the particle and natural range during editorial review.,部屋の寸法を測る。,I measure the dimensions of the room.,,,,Confirm whether this is a fixed or strongly preferred pairing rather than a freely generated phrase.
窓から中を覗いた,のぞく,nozoku,I peeked inside through the window.,collocation,Home and Housework,neutral,Draft candidate mined from an existing Kokeniwa example. Confirm the particle and natural range during editorial review.,窓から中を覗いた。,I peeked inside through the window.,,,,Confirm whether this is a fixed or strongly preferred pairing rather than a freely generated phrase.
心にゆとりを持つ,ゆとり,yutori,I keep some peace of mind.,collocation,Home and Housework,neutral,Draft candidate mined from an existing Kokeniwa example. Confirm the particle and natural range during editorial review.,心にゆとりを持つ。,I keep some peace of mind.,,,,Confirm whether this is a fixed or strongly preferred pairing rather than a freely generated phrase.
故郷を離れて働く,はなれる,hanareru,I work away from my hometown.,collocation,Home and Housework,neutral,Draft candidate mined from an existing Kokeniwa example. Confirm the particle and natural range during editorial review.,故郷を離れて働く。,I work away from my hometown.,,,,Confirm whether this is a fixed or strongly preferred pairing rather than a freely generated phrase.
改善の余地がある,よち,yochi,There is room for improvement.,collocation,Home and Housework,neutral,Draft candidate mined from an existing Kokeniwa example. Confirm the particle and natural range during editorial review.,改善の余地がある。,There is room for improvement.,,,,Confirm whether this is a fixed or strongly preferred pairing rather than a freely generated phrase.
漫画に夢中になる,むちゅう,muchuu,I get absorbed in comics.,collocation,Home and Housework,neutral,Draft candidate mined from an existing Kokeniwa example. Confirm the particle and natural range during editorial review.,漫画に夢中になる。,I get absorbed in comics.,,,,Confirm whether this is a fixed or strongly preferred pairing rather than a freely generated phrase.
郷里を離れて働く,きょうり,kyouri,I work away from my hometown.,collocation,Home and Housework,neutral,Draft candidate mined from an existing Kokeniwa example. Confirm the particle and natural range during editorial review.,郷里を離れて働く。,I work away from my hometown.,,,,Confirm whether this is a fixed or strongly preferred pairing rather than a freely generated phrase.
故郷の味が恋しい,こいしい,koishii,I miss the taste of my hometown.,collocation,Home and Housework,neutral,Draft candidate mined from an existing Kokeniwa example. Confirm the particle and natural range during editorial review.,故郷の味が恋しい。,I miss the taste of my hometown.,,,,Confirm whether this is a fixed or strongly preferred pairing rather than a freely generated phrase.
貸切風呂を予約した,かしきり,kashikiri,I reserved a private bath.,collocation,Home and Housework,neutral,Draft candidate mined from an existing Kokeniwa example. Confirm the particle and natural range during editorial review.,貸切風呂を予約した。,I reserved a private bath.,,,,Confirm whether this is a fixed or strongly preferred pairing rather than a freely generated phrase.
トイレはどこですか,といれ,toire,Where is the restroom?,collocation,Home and Housework,neutral,Draft candidate mined from an existing Kokeniwa example. Confirm the particle and natural range during editorial review.,トイレはどこですか。,Where is the restroom?,,,,Confirm whether this is a fixed or strongly preferred pairing rather than a freely generated phrase.
店員が注文を通した,ちゅうもんをとおす,chuumon o toosu,The staff member placed the order.,collocation,Home and Housework,neutral,Draft candidate mined from an existing Kokeniwa example. Confirm the particle and natural range during editorial review.,店員が注文を通した。,The staff member placed the order.,,,,Confirm whether this is a fixed or strongly preferred pairing rather than a freely generated phrase.
皿を洗ってください,さら,sara,Please wash the dishes.,collocation,Home and Housework,neutral,Draft candidate mined from an existing Kokeniwa example. Confirm the particle and natural range during editorial review.,皿を洗ってください。,Please wash the dishes.,,,,Confirm whether this is a fixed or strongly preferred pairing rather than a freely generated phrase.
険しい山道を登った,けわしい,kewashii,I climbed a steep mountain path.,collocation,Home and Housework,neutral,Draft candidate mined from an existing Kokeniwa example. Confirm the particle and natural range during editorial review.,険しい山道を登った。,I climbed a steep mountain path.,,,,Confirm whether this is a fixed or strongly preferred pairing rather than a freely generated phrase.
粉飾決算が発覚した,ふんしょく,funshoku,Falsified financial statements came to light.,collocation,Home and Housework,neutral,Draft candidate mined from an existing Kokeniwa example. Confirm the particle and natural range during editorial review.,粉飾決算が発覚した。,Falsified financial statements came to light.,,,,Confirm whether this is a fixed or strongly preferred pairing rather than a freely generated phrase.
掃除を徹底して行う,てってい,tettei,I clean thoroughly.,collocation,Home and Housework,neutral,Draft candidate mined from an existing Kokeniwa example. Confirm the particle and natural range during editorial review.,掃除を徹底して行う。,I clean thoroughly.,,,,Confirm whether this is a fixed or strongly preferred pairing rather than a freely generated phrase.
日が暮れる前に帰る,くれる,kureru,I go home before it gets dark.,collocation,Home and Housework,neutral,Draft candidate mined from an existing Kokeniwa example. Confirm the particle and natural range during editorial review.,日が暮れる前に帰る。,I go home before it gets dark.,,,,Confirm whether this is a fixed or strongly preferred pairing rather than a freely generated phrase.
料理にみりんを加えた,みりん,mirin,I added mirin to the dish.,collocation,Home and Housework,neutral,Draft candidate mined from an existing Kokeniwa example. Confirm the particle and natural range during editorial review.,料理にみりんを加えた。,I added mirin to the dish.,,,,Confirm whether this is a fixed or strongly preferred pairing rather than a freely generated phrase.
もち米で赤飯を炊いた,もちごめ,mochigome,I cooked red rice using glutinous rice.,collocation,Home and Housework,neutral,Draft candidate mined from an existing Kokeniwa example. Confirm the particle and natural range during editorial review.,もち米で赤飯を炊いた。,I cooked red rice using glutinous rice.,,,,Confirm whether this is a fixed or strongly preferred pairing rather than a freely generated phrase.
帰省中に墓参りをした,はかまいり,hakamairi,I visited the family grave during my hometown visit.,collocation,Home and Housework,neutral,Draft candidate mined from an existing Kokeniwa example. Confirm the particle and natural range during editorial review.,帰省中に墓参りをした。,I visited the family grave during my hometown visit.,,,,Confirm whether this is a fixed or strongly preferred pairing rather than a freely generated phrase.
宿題を出してください,だす,dasu,Please hand in your homework.,collocation,Home and Housework,neutral,Draft candidate mined from an existing Kokeniwa example. Confirm the particle and natural range during editorial review.,宿題を出してください。,Please hand in your homework.,,,,Confirm whether this is a fixed or strongly preferred pairing rather than a freely generated phrase.
水を流して手を洗った,ながす,nagasu,I ran water and washed my hands.,collocation,Home and Housework,neutral,Draft candidate mined from an existing Kokeniwa example. Confirm the particle and natural range during editorial review.,水を流して手を洗った。,I ran water and washed my hands.,,,,Confirm whether this is a fixed or strongly preferred pairing rather than a freely generated phrase.
ゲームに熱中している,ねっちゅう,necchuu,I am absorbed in the game.,collocation,Home and Housework,neutral,Draft candidate mined from an existing Kokeniwa example. Confirm the particle and natural range during editorial review.,ゲームに熱中している。,I am absorbed in the game.,,,,Confirm whether this is a fixed or strongly preferred pairing rather than a freely generated phrase.
この花はきれいですね,きれい,kirei,"This flower is beautiful, isn't it?",collocation,Home and Housework,neutral,Draft candidate mined from an existing Kokeniwa example. Confirm the particle and natural range during editorial review.,この花はきれいですね。,"This flower is beautiful, isn't it?",,,,Confirm whether this is a fixed or strongly preferred pairing rather than a freely generated phrase.
薬を処方してもらった,しょほう,shohou,I was prescribed medicine.,collocation,Home and Housework,neutral,Draft candidate mined from an existing Kokeniwa example. Confirm the particle and natural range during editorial review.,薬を処方してもらった。,I was prescribed medicine.,,,,Confirm whether this is a fixed or strongly preferred pairing rather than a freely generated phrase.
部屋が散らかっている,ちらかる,chirakaru,The room is messy.,collocation,Home and Housework,neutral,Draft candidate mined from an existing Kokeniwa example. Confirm the particle and natural range during editorial review.,部屋が散らかっている。,The room is messy.,,,,Confirm whether this is a fixed or strongly preferred pairing rather than a freely generated phrase.
体調を崩して寝込んだ,くずす,kuzusu,I got sick and was bedridden.,collocation,Home and Housework,neutral,Draft candidate mined from an existing Kokeniwa example. Confirm the particle and natural range during editorial review.,体調を崩して寝込んだ。,I got sick and was bedridden.,,,,Confirm whether this is a fixed or strongly preferred pairing rather than a freely generated phrase.
個室のある食堂を選んだ,こしつ,koshitsu,I chose a restaurant with private rooms.,collocation,Home and Housework,neutral,Draft candidate mined from an existing Kokeniwa example. Confirm the particle and natural range during editorial review.,個室のある食堂を選んだ。,I chose a restaurant with private rooms.,,,,Confirm whether this is a fixed or strongly preferred pairing rather than a freely generated phrase.
箸休めに酢の物を出した,はしやすめ,hashiyasume,I served a vinegared dish as a palate cleanser.,collocation,Home and Housework,neutral,Draft candidate mined from an existing Kokeniwa example. Confirm the particle and natural range during editorial review.,箸休めに酢の物を出した。,I served a vinegared dish as a palate cleanser.,,,,Confirm whether this is a fixed or strongly preferred pairing rather than a freely generated phrase.
手ごろな値段の定食屋を見つけた,てごろなねだん,tegoro na nedan,I found a set-meal restaurant with reasonable prices.,collocation,Food and Shopping,neutral,Draft candidate mined from an existing Kokeniwa example. Confirm the particle and natural range during editorial review.,手ごろな値段の定食屋を見つけた。,I found a set-meal restaurant with reasonable prices.,,,,Confirm whether this is a fixed or strongly preferred pairing rather than a freely generated phrase.
朝ご飯を食べましたか,ごはん,gohan,Did you eat breakfast?,collocation,Food and Shopping,neutral,Draft candidate mined from an existing Kokeniwa example. Confirm the particle and natural range during editorial review.,朝ご飯を食べましたか。,Did you eat breakfast?,,,,Confirm whether this is a fixed or strongly preferred pairing rather than a freely generated phrase.
とんかつ定食を注文した,とんかつ,tonkatsu,I ordered the tonkatsu set meal.,collocation,Food and Shopping,neutral,Draft candidate mined from an existing Kokeniwa example. Confirm the particle and natural range during editorial review.,とんかつ定食を注文した。,I ordered the tonkatsu set meal.,,,,Confirm whether this is a fixed or strongly preferred pairing rather than a freely generated phrase.
駅前の飲食店で食事をした,いんしょくてん,inshokuten,I had a meal at a restaurant near the station.,collocation,Food and Shopping,neutral,Draft candidate mined from an existing Kokeniwa example. Confirm the particle and natural range during editorial review.,駅前の飲食店で食事をした。,I had a meal at a restaurant near the station.,,,,Confirm whether this is a fixed or strongly preferred pairing rather than a freely generated phrase.
銘柄米を取り寄せて食べ比べた,めいがらまい,meigaramai,I ordered brand-name rice and did a taste comparison.,collocation,Food and Shopping,neutral,Draft candidate mined from an existing Kokeniwa example. Confirm the particle and natural range during editorial review.,銘柄米を取り寄せて食べ比べた。,I ordered brand-name rice and did a taste comparison.,,,,Confirm whether this is a fixed or strongly preferred pairing rather than a freely generated phrase.
値段が高い,たかい,takai,The price is high.,collocation,Food and Shopping,neutral,Draft candidate mined from an existing Kokeniwa example. Confirm the particle and natural range during editorial review.,値段が高い。,The price is high.,,,,Confirm whether this is a fixed or strongly preferred pairing rather than a freely generated phrase.
値段が高すぎる,ねだん,nedan,The price is too high.,collocation,Food and Shopping,neutral,Draft candidate mined from an existing Kokeniwa example. Confirm the particle and natural range during editorial review.,値段が高すぎる。,The price is too high.,,,,Confirm whether this is a fixed or strongly preferred pairing rather than a freely generated phrase.
株価が下落した,げらく,geraku,Stock prices fell.,collocation,Food and Shopping,neutral,Draft candidate mined from an existing Kokeniwa example. Confirm the particle and natural range during editorial review.,株価が下落した。,Stock prices fell.,,,,Confirm whether this is a fixed or strongly preferred pairing rather than a freely generated phrase.
物価が上昇している,じょうしょう,joushou,Prices are rising.,collocation,Food and Shopping,neutral,Draft candidate mined from an existing Kokeniwa example. Confirm the particle and natural range during editorial review.,物価が上昇している。,Prices are rising.,,,,Confirm whether this is a fixed or strongly preferred pairing rather than a freely generated phrase.
焼き魚定食を頼んだ,ていしょく,teishoku,I ordered the grilled fish set meal.,collocation,Food and Shopping,neutral,Draft candidate mined from an existing Kokeniwa example. Confirm the particle and natural range during editorial review.,焼き魚定食を頼んだ。,I ordered the grilled fish set meal.,,,,Confirm whether this is a fixed or strongly preferred pairing rather than a freely generated phrase.
寿司の出前を頼んだ,でまえ,demae,I ordered sushi delivery.,collocation,Food and Shopping,neutral,Draft candidate mined from an existing Kokeniwa example. Confirm the particle and natural range during editorial review.,寿司の出前を頼んだ。,I ordered sushi delivery.,,,,Confirm whether this is a fixed or strongly preferred pairing rather than a freely generated phrase.
後輩に食事を奢った,おごる,ogoru,I treated my junior colleague to a meal.,collocation,Food and Shopping,neutral,Draft candidate mined from an existing Kokeniwa example. Confirm the particle and natural range during editorial review.,後輩に食事を奢った。,I treated my junior colleague to a meal.,,,,Confirm whether this is a fixed or strongly preferred pairing rather than a freely generated phrase.
高価な時計を買った,こうか,kouka,I bought an expensive watch.,collocation,Food and Shopping,neutral,Draft candidate mined from an existing Kokeniwa example. Confirm the particle and natural range during editorial review.,高価な時計を買った。,I bought an expensive watch.,,,,Confirm whether this is a fixed or strongly preferred pairing rather than a freely generated phrase.
価格の交渉を進める,こうしょう,koushou,We proceed with price negotiations.,collocation,Food and Shopping,neutral,Draft candidate mined from an existing Kokeniwa example. Confirm the particle and natural range during editorial review.,価格の交渉を進める。,We proceed with price negotiations.,,,,Confirm whether this is a fixed or strongly preferred pairing rather than a freely generated phrase.
原油価格が高騰した,こうとう,koutou,Crude oil prices soared.,collocation,Food and Shopping,neutral,Draft candidate mined from an existing Kokeniwa example. Confirm the particle and natural range during editorial review.,原油価格が高騰した。,Crude oil prices soared.,,,,Confirm whether this is a fixed or strongly preferred pairing rather than a freely generated phrase.
妥当な価格だと思う,だとう,datou,I think it's a reasonable price.,collocation,Food and Shopping,neutral,Draft candidate mined from an existing Kokeniwa example. Confirm the particle and natural range during editorial review.,妥当な価格だと思う。,I think it's a reasonable price.,,,,Confirm whether this is a fixed or strongly preferred pairing rather than a freely generated phrase.
回転寿司で食事をした,すし,sushi,I had a meal at a conveyor-belt sushi restaurant.,collocation,Food and Shopping,neutral,Draft candidate mined from an existing Kokeniwa example. Confirm the particle and natural range during editorial review.,回転寿司で食事をした。,I had a meal at a conveyor-belt sushi restaurant.,,,,Confirm whether this is a fixed or strongly preferred pairing rather than a freely generated phrase.
市場で値切って買った,ねぎる,negiru,I haggled and bought it at the market.,collocation,Food and Shopping,neutral,Draft candidate mined from an existing Kokeniwa example. Confirm the particle and natural range during editorial review.,市場で値切って買った。,I haggled and bought it at the market.,,,,Confirm whether this is a fixed or strongly preferred pairing rather than a freely generated phrase.
株価が大幅に上昇した,かぶか,kabuka,The stock price rose significantly.,collocation,Food and Shopping,neutral,Draft candidate mined from an existing Kokeniwa example. Confirm the particle and natural range during editorial review.,株価が大幅に上昇した。,The stock price rose significantly.,,,,Confirm whether this is a fixed or strongly preferred pairing rather than a freely generated phrase.
最近、物価が上がった,ぶっか,bukka,Prices have risen recently.,collocation,Food and Shopping,neutral,Draft candidate mined from an existing Kokeniwa example. Confirm the particle and natural range during editorial review.,最近、物価が上がった。,Prices have risen recently.,,,,Confirm whether this is a fixed or strongly preferred pairing rather than a freely generated phrase.
株価が軒並み下がった,のきなみ,nokinami,Stock prices fell across the board.,collocation,Food and Shopping,neutral,Draft candidate mined from an existing Kokeniwa example. Confirm the particle and natural range during editorial review.,株価が軒並み下がった。,Stock prices fell across the board.,,,,Confirm whether this is a fixed or strongly preferred pairing rather than a freely generated phrase.
価格が大幅に下がった,おおはば,oohaba,The price dropped substantially.,collocation,Food and Shopping,neutral,Draft candidate mined from an existing Kokeniwa example. Confirm the particle and natural range during editorial review.,価格が大幅に下がった。,The price dropped substantially.,,,,Confirm whether this is a fixed or strongly preferred pairing rather than a freely generated phrase.
風邪の時は雑炊を食べる,ぞうすい,zousui,I eat rice porridge when I have a cold.,collocation,Food and Shopping,neutral,Draft candidate mined from an existing Kokeniwa example. Confirm the particle and natural range during editorial review.,風邪の時は雑炊を食べる。,I eat rice porridge when I have a cold.,,,,Confirm whether this is a fixed or strongly preferred pairing rather than a freely generated phrase.
焼肉の食べ放題に行った,たべほうだい,tabehoudai,We went to an all-you-can-eat yakiniku restaurant.,collocation,Food and Shopping,neutral,Draft candidate mined from an existing Kokeniwa example. Confirm the particle and natural range during editorial review.,焼肉の食べ放題に行った。,We went to an all-you-can-eat yakiniku restaurant.,,,,Confirm whether this is a fixed or strongly preferred pairing rather than a freely generated phrase.
創作料理の店を予約した,そうさくりょうり,sousaku ryouri,I made a reservation at a creative cuisine restaurant.,collocation,Food and Shopping,neutral,Draft candidate mined from an existing Kokeniwa example. Confirm the particle and natural range during editorial review.,創作料理の店を予約した。,I made a reservation at a creative cuisine restaurant.,,,,Confirm whether this is a fixed or strongly preferred pairing rather than a freely generated phrase.
賑やかな食通りを歩いた,しょくどおり,shokudoori,I walked through the bustling restaurant street.,collocation,Food and Shopping,neutral,Draft candidate mined from an existing Kokeniwa example. Confirm the particle and natural range during editorial review.,賑やかな食通りを歩いた。,I walked through the bustling restaurant street.,,,,Confirm whether this is a fixed or strongly preferred pairing rather than a freely generated phrase.
甘口のカレーを注文した,あまくち,amakuchi,"I ordered a mild, sweet curry.",collocation,Food and Shopping,neutral,Draft candidate mined from an existing Kokeniwa example. Confirm the particle and natural range during editorial review.,甘口のカレーを注文した。,"I ordered a mild, sweet curry.",,,,Confirm whether this is a fixed or strongly preferred pairing rather than a freely generated phrase.
チケット代を払い戻した,はらいもどす,haraimodosu,I refunded the ticket price.,collocation,Food and Shopping,neutral,Draft candidate mined from an existing Kokeniwa example. Confirm the particle and natural range during editorial review.,チケット代を払い戻した。,I refunded the ticket price.,,,,Confirm whether this is a fixed or strongly preferred pairing rather than a freely generated phrase.
納豆をご飯にかけて食べる,なっとう,nattou,I eat fermented soybeans over rice.,collocation,Food and Shopping,neutral,Draft candidate mined from an existing Kokeniwa example. Confirm the particle and natural range during editorial review.,納豆をご飯にかけて食べる。,I eat fermented soybeans over rice.,,,,Confirm whether this is a fixed or strongly preferred pairing rather than a freely generated phrase.
揚げ物は控えめにしている,あげもの,agemono,I try to eat fried food in moderation.,collocation,Food and Shopping,neutral,Draft candidate mined from an existing Kokeniwa example. Confirm the particle and natural range during editorial review.,揚げ物は控えめにしている。,I try to eat fried food in moderation.,,,,Confirm whether this is a fixed or strongly preferred pairing rather than a freely generated phrase.
開店前に仕込みを済ませる,しこみ,shikomi,We finish the food prep before opening.,collocation,Food and Shopping,neutral,Draft candidate mined from an existing Kokeniwa example. Confirm the particle and natural range during editorial review.,開店前に仕込みを済ませる。,We finish the food prep before opening.,,,,Confirm whether this is a fixed or strongly preferred pairing rather than a freely generated phrase.
締めの一品に雑炊を頼んだ,しめのいっぴん,shime no ippin,I ordered rice porridge as the final dish.,collocation,Food and Shopping,neutral,Draft candidate mined from an existing Kokeniwa example. Confirm the particle and natural range during editorial review.,締めの一品に雑炊を頼んだ。,I ordered rice porridge as the final dish.,,,,Confirm whether this is a fixed or strongly preferred pairing rather than a freely generated phrase.
好き嫌いなく何でも食べる,すききらい,sukikirai,He eats anything without likes or dislikes.,collocation,Food and Shopping,neutral,Draft candidate mined from an existing Kokeniwa example. Confirm the particle and natural range during editorial review.,好き嫌いなく何でも食べる。,He eats anything without likes or dislikes.,,,,Confirm whether this is a fixed or strongly preferred pairing rather than a freely generated phrase.
あんみつを食後に注文した,あんみつ,anmitsu,I ordered anmitsu after the meal.,collocation,Food and Shopping,neutral,Draft candidate mined from an existing Kokeniwa example. Confirm the particle and natural range during editorial review.,あんみつを食後に注文した。,I ordered anmitsu after the meal.,,,,Confirm whether this is a fixed or strongly preferred pairing rather than a freely generated phrase.
食べ応えがある定食だった,たべごたえがある,tabegotae ga aru,"It was a filling, satisfying set meal.",collocation,Food and Shopping,neutral,Draft candidate mined from an existing Kokeniwa example. Confirm the particle and natural range during editorial review.,食べ応えがある定食だった。,"It was a filling, satisfying set meal.",,,,Confirm whether this is a fixed or strongly preferred pairing rather than a freely generated phrase.
コスパがいいランチだった,こすぱがいい,kosupa ga ii,It was a lunch that was great value for money.,collocation,Food and Shopping,neutral,Draft candidate mined from an existing Kokeniwa example. Confirm the particle and natural range during editorial review.,コスパがいいランチだった。,It was a lunch that was great value for money.,,,,Confirm whether this is a fixed or strongly preferred pairing rather than a freely generated phrase.
大阪の食い倒れを体験した,くいだおれ,kuidaore,I experienced Osaka's tradition of extravagant eating.,collocation,Food and Shopping,neutral,Draft candidate mined from an existing Kokeniwa example. Confirm the particle and natural range during editorial review.,大阪の食い倒れを体験した。,I experienced Osaka's tradition of extravagant eating.,,,,Confirm whether this is a fixed or strongly preferred pairing rather than a freely generated phrase.
往復切符を購入して節約した,おうふくきっぷ,oufuku kippu,I saved money by buying a round-trip ticket.,collocation,Food and Shopping,neutral,Draft candidate mined from an existing Kokeniwa example. Confirm the particle and natural range during editorial review.,往復切符を購入して節約した。,I saved money by buying a round-trip ticket.,,,,Confirm whether this is a fixed or strongly preferred pairing rather than a freely generated phrase.
取引先に価格交渉を打診した,だしん,dashin,They sounded out the client about price negotiations.,collocation,Food and Shopping,neutral,Draft candidate mined from an existing Kokeniwa example. Confirm the particle and natural range during editorial review.,取引先に価格交渉を打診した。,They sounded out the client about price negotiations.,,,,Confirm whether this is a fixed or strongly preferred pairing rather than a freely generated phrase.
健康的な食事を心掛けている,こころがける,kokorogakeru,I make an effort to eat healthy meals.,collocation,Food and Shopping,neutral,Draft candidate mined from an existing Kokeniwa example. Confirm the particle and natural range during editorial review.,健康的な食事を心掛けている。,I make an effort to eat healthy meals.,,,,Confirm whether this is a fixed or strongly preferred pairing rather than a freely generated phrase.
さっぱりした酢の物が食べたい,さっぱり,sappari,I want to eat a refreshing vinegared dish.,collocation,Food and Shopping,neutral,Draft candidate mined from an existing Kokeniwa example. Confirm the particle and natural range during editorial review.,さっぱりした酢の物が食べたい。,I want to eat a refreshing vinegared dish.,,,,Confirm whether this is a fixed or strongly preferred pairing rather than a freely generated phrase.
無農薬の米を選んで買っている,むのうやく,munouyaku,I choose to buy pesticide-free rice.,collocation,Food and Shopping,neutral,Draft candidate mined from an existing Kokeniwa example. Confirm the particle and natural range during editorial review.,無農薬の米を選んで買っている。,I choose to buy pesticide-free rice.,,,,Confirm whether this is a fixed or strongly preferred pairing rather than a freely generated phrase.
飲み放題付きのコースを頼んだ,のみほうだい,nomihoudai,We ordered a course that includes all-you-can-drink.,collocation,Food and Shopping,neutral,Draft candidate mined from an existing Kokeniwa example. Confirm the particle and natural range during editorial review.,飲み放題付きのコースを頼んだ。,We ordered a course that includes all-you-can-drink.,,,,Confirm whether this is a fixed or strongly preferred pairing rather than a freely generated phrase.
この店は量が多いことで有名だ,りょうがおおい,ryou ga ooi,This restaurant is famous for its large portions.,collocation,Food and Shopping,neutral,Draft candidate mined from an existing Kokeniwa example. Confirm the particle and natural range during editorial review.,この店は量が多いことで有名だ。,This restaurant is famous for its large portions.,,,,Confirm whether this is a fixed or strongly preferred pairing rather than a freely generated phrase.
健康のために玄米を食べている,げんまい,genmai,I eat brown rice for my health.,collocation,Food and Shopping,neutral,Draft candidate mined from an existing Kokeniwa example. Confirm the particle and natural range during editorial review.,健康のために玄米を食べている。,I eat brown rice for my health.,,,,Confirm whether this is a fixed or strongly preferred pairing rather than a freely generated phrase.
苦肉の策として値下げを決めた,くにくのさく,kuniku no saku,They decided on a price cut as a desperate measure.,collocation,Food and Shopping,neutral,Draft candidate mined from an existing Kokeniwa example. Confirm the particle and natural range during editorial review.,苦肉の策として値下げを決めた。,They decided on a price cut as a desperate measure.,,,,Confirm whether this is a fixed or strongly preferred pairing rather than a freely generated phrase.
円安が物価上昇に拍車をかけた,はくしゃをかける,hakusha o kakeru,The weak yen spurred on price increases.,collocation,Food and Shopping,neutral,Draft candidate mined from an existing Kokeniwa example. Confirm the particle and natural range during editorial review.,円安が物価上昇に拍車をかけた。,The weak yen spurred on price increases.,,,,Confirm whether this is a fixed or strongly preferred pairing rather than a freely generated phrase.
手頃な価格の家電を探している,てごろ,tegoro,I'm looking for reasonably priced appliances.,collocation,Food and Shopping,neutral,Draft candidate mined from an existing Kokeniwa example. Confirm the particle and natural range during editorial review.,手頃な価格の家電を探している。,I'm looking for reasonably priced appliances.,,,,Confirm whether this is a fixed or strongly preferred pairing rather than a freely generated phrase.
食べ歩きを楽しみながら街を巡った,たべあるき,tabearuki,I toured the town enjoying food while walking.,collocation,Food and Shopping,neutral,Draft candidate mined from an existing Kokeniwa example. Confirm the particle and natural range during editorial review.,食べ歩きを楽しみながら街を巡った。,I toured the town enjoying food while walking.,,,,Confirm whether this is a fixed or strongly preferred pairing rather than a freely generated phrase.
飲んだ後は締めのラーメンを食べる,しめのらーめん,shime no raamen,"After drinking, I eat ramen to finish off the night.",collocation,Food and Shopping,neutral,Draft candidate mined from an existing Kokeniwa example. Confirm the particle and natural range during editorial review.,飲んだ後は締めのラーメンを食べる。,"After drinking, I eat ramen to finish off the night.",,,,Confirm whether this is a fixed or strongly preferred pairing rather than a freely generated phrase.
友達に会う,あう,au,I meet a friend.,collocation,Relationships,neutral,Draft candidate mined from an existing Kokeniwa example. Confirm the particle and natural range during editorial review.,友達に会う。,I meet a friend.,,,,Confirm whether this is a fixed or strongly preferred pairing rather than a freely generated phrase.
友人を家に招いた,まねく,maneku,I invited a friend to my house.,collocation,Relationships,neutral,Draft candidate mined from an existing Kokeniwa example. Confirm the particle and natural range during editorial review.,友人を家に招いた。,I invited a friend to my house.,,,,Confirm whether this is a fixed or strongly preferred pairing rather than a freely generated phrase.
議長が会議を進めた,ぎちょう,gichou,The chairperson proceeded with the meeting.,collocation,Relationships,neutral,Draft candidate mined from an existing Kokeniwa example. Confirm the particle and natural range during editorial review.,議長が会議を進めた。,The chairperson proceeded with the meeting.,,,,Confirm whether this is a fixed or strongly preferred pairing rather than a freely generated phrase.
実際に会って話したい,じっさい,jissai,I want to actually meet and talk.,collocation,Relationships,neutral,Draft candidate mined from an existing Kokeniwa example. Confirm the particle and natural range during editorial review.,実際に会って話したい。,I want to actually meet and talk.,,,,Confirm whether this is a fixed or strongly preferred pairing rather than a freely generated phrase.
話がうまくまとまった,まとまる,matomaru,The talks came together well.,collocation,Relationships,neutral,Draft candidate mined from an existing Kokeniwa example. Confirm the particle and natural range during editorial review.,話がうまくまとまった。,The talks came together well.,,,,Confirm whether this is a fixed or strongly preferred pairing rather than a freely generated phrase.
別れ際に再会を約束した,さいかいをやくそくする,saikai o yakusoku suru,We promised to meet again as we parted.,collocation,Relationships,neutral,Draft candidate mined from an existing Kokeniwa example. Confirm the particle and natural range during editorial review.,別れ際に再会を約束した。,We promised to meet again as we parted.,,,,Confirm whether this is a fixed or strongly preferred pairing rather than a freely generated phrase.
家族と共に暮らしている,ともに,tomoni,I live together with my family.,collocation,Relationships,neutral,Draft candidate mined from an existing Kokeniwa example. Confirm the particle and natural range during editorial review.,家族と共に暮らしている。,I live together with my family.,,,,Confirm whether this is a fixed or strongly preferred pairing rather than a freely generated phrase.
英才教育を受けて育った,えいさい,eisai,He was raised receiving education for the gifted.,collocation,Relationships,neutral,Draft candidate mined from an existing Kokeniwa example. Confirm the particle and natural range during editorial review.,英才教育を受けて育った。,He was raised receiving education for the gifted.,,,,Confirm whether this is a fixed or strongly preferred pairing rather than a freely generated phrase.
リモート会議で商談を進めた,りもーとかいぎ,rimooto kaigi,I advanced the business talks in a remote meeting.,collocation,Relationships,neutral,Draft candidate mined from an existing Kokeniwa example. Confirm the particle and natural range during editorial review.,リモート会議で商談を進めた。,I advanced the business talks in a remote meeting.,,,,Confirm whether this is a fixed or strongly preferred pairing rather than a freely generated phrase.
二人は密かに逢瀬を重ねていた,おうせ,ouse,The two had been secretly meeting again and again.,collocation,Relationships,neutral,Draft candidate mined from an existing Kokeniwa example. Confirm the particle and natural range during editorial review.,二人は密かに逢瀬を重ねていた。,The two had been secretly meeting again and again.,,,,Confirm whether this is a fixed or strongly preferred pairing rather than a freely generated phrase.
約束を守る,やくそく,yakusoku,I keep a promise.,collocation,Relationships,neutral,Draft candidate mined from an existing Kokeniwa example. Confirm the particle and natural range during editorial review.,約束を守る。,I keep a promise.,,,,Confirm whether this is a fixed or strongly preferred pairing rather than a freely generated phrase.
友達と遊ぶ,ともだち,tomodachi,Play with a friend.,collocation,Relationships,neutral,Draft candidate mined from an existing Kokeniwa example. Confirm the particle and natural range during editorial review.,友達と遊ぶ。,Play with a friend.,,,,Confirm whether this is a fixed or strongly preferred pairing rather than a freely generated phrase.
友達が来る,くる,kuru,A friend comes.,collocation,Relationships,neutral,Draft candidate mined from an existing Kokeniwa example. Confirm the particle and natural range during editorial review.,友達が来る。,A friend comes.,,,,Confirm whether this is a fixed or strongly preferred pairing rather than a freely generated phrase.
駅の前で会う,まえ,mae,Meet in front of the station.,collocation,Relationships,neutral,Draft candidate mined from an existing Kokeniwa example. Confirm the particle and natural range during editorial review.,駅の前で会う。,Meet in front of the station.,,,,Confirm whether this is a fixed or strongly preferred pairing rather than a freely generated phrase.
友情を深めた,ふかめる,fukameru,We deepened our friendship.,collocation,Relationships,neutral,Draft candidate mined from an existing Kokeniwa example. Confirm the particle and natural range during editorial review.,友情を深めた。,We deepened our friendship.,,,,Confirm whether this is a fixed or strongly preferred pairing rather than a freely generated phrase.
会議に遅刻した,ちこく,chikoku,I was late for the meeting.,collocation,Relationships,neutral,Draft candidate mined from an existing Kokeniwa example. Confirm the particle and natural range during editorial review.,会議に遅刻した。,I was late for the meeting.,,,,Confirm whether this is a fixed or strongly preferred pairing rather than a freely generated phrase.
会議に出席する,しゅっせき,shusseki,I attend the meeting.,collocation,Relationships,neutral,Draft candidate mined from an existing Kokeniwa example. Confirm the particle and natural range during editorial review.,会議に出席する。,I attend the meeting.,,,,Confirm whether this is a fixed or strongly preferred pairing rather than a freely generated phrase.
友達に相談する,そうだんする,soudan suru,I consult a friend.,collocation,Relationships,neutral,Draft candidate mined from an existing Kokeniwa example. Confirm the particle and natural range during editorial review.,友達に相談する。,I consult a friend.,,,,Confirm whether this is a fixed or strongly preferred pairing rather than a freely generated phrase.
人員を確保する,かくほ,kakuho,Secure personnel.,collocation,Relationships,neutral,Draft candidate mined from an existing Kokeniwa example. Confirm the particle and natural range during editorial review.,人員を確保する。,Secure personnel.,,,,Confirm whether this is a fixed or strongly preferred pairing rather than a freely generated phrase.
家族と旅行する,かぞく,kazoku,Travel with family.,collocation,Relationships,neutral,Draft candidate mined from an existing Kokeniwa example. Confirm the particle and natural range during editorial review.,家族と旅行する。,Travel with family.,,,,Confirm whether this is a fixed or strongly preferred pairing rather than a freely generated phrase.
納期を確約する,かくやく,kakuyaku,Give a firm delivery date.,collocation,Relationships,neutral,Draft candidate mined from an existing Kokeniwa example. Confirm the particle and natural range during editorial review.,納期を確約する。,Give a firm delivery date.,,,,Confirm whether this is a fixed or strongly preferred pairing rather than a freely generated phrase.
来月異動になる,いどう,idou,I'll be transferred next month.,collocation,Relationships,neutral,Draft candidate mined from an existing Kokeniwa example. Confirm the particle and natural range during editorial review.,来月異動になる。,I'll be transferred next month.,,,,Confirm whether this is a fixed or strongly preferred pairing rather than a freely generated phrase.
約束を果たした,はたす,hatasu,I fulfilled my promise.,collocation,Relationships,neutral,Draft candidate mined from an existing Kokeniwa example. Confirm the particle and natural range during editorial review.,約束を果たした。,I fulfilled my promise.,,,,Confirm whether this is a fixed or strongly preferred pairing rather than a freely generated phrase.
両者が妥協した,だきょう,dakyou,Both sides compromised.,collocation,Relationships,neutral,Draft candidate mined from an existing Kokeniwa example. Confirm the particle and natural range during editorial review.,両者が妥協した。,Both sides compromised.,,,,Confirm whether this is a fixed or strongly preferred pairing rather than a freely generated phrase.
家族を扶養する,ふよう,fuyou,I support my family.,collocation,Relationships,neutral,Draft candidate mined from an existing Kokeniwa example. Confirm the particle and natural range during editorial review.,家族を扶養する。,I support my family.,,,,Confirm whether this is a fixed or strongly preferred pairing rather than a freely generated phrase.
再会を待ち望む,まちのぞむ,machinozomu,I look forward to meeting again.,collocation,Relationships,neutral,Draft candidate mined from an existing Kokeniwa example. Confirm the particle and natural range during editorial review.,再会を待ち望む。,I look forward to meeting again.,,,,Confirm whether this is a fixed or strongly preferred pairing rather than a freely generated phrase.
こちらへどうぞ,こちら,kochira,"This way, please.",collocation,Relationships,neutral,Draft candidate mined from an existing Kokeniwa example. Confirm the particle and natural range during editorial review.,こちらへどうぞ。,"This way, please.",,,,Confirm whether this is a fixed or strongly preferred pairing rather than a freely generated phrase.
会議を後倒しする,あとだおし,ato daoshi,Postpone the meeting.,collocation,Relationships,neutral,Draft candidate mined from an existing Kokeniwa example. Confirm the particle and natural range during editorial review.,会議を後倒しする。,Postpone the meeting.,,,,Confirm whether this is a fixed or strongly preferred pairing rather than a freely generated phrase.
人事異動があった,じんじ,jinji,There was a personnel transfer.,collocation,Relationships,neutral,Draft candidate mined from an existing Kokeniwa example. Confirm the particle and natural range during editorial review.,人事異動があった。,There was a personnel transfer.,,,,Confirm whether this is a fixed or strongly preferred pairing rather than a freely generated phrase.
お互いに助け合う,おたがい,otagai,We help each other.,collocation,Relationships,neutral,Draft candidate mined from an existing Kokeniwa example. Confirm the particle and natural range during editorial review.,お互いに助け合う。,We help each other.,,,,Confirm whether this is a fixed or strongly preferred pairing rather than a freely generated phrase.
あの人は誰ですか,だれ,dare,Who is that person?,collocation,Relationships,neutral,Draft candidate mined from an existing Kokeniwa example. Confirm the particle and natural range during editorial review.,あの人は誰ですか。,Who is that person?,,,,Confirm whether this is a fixed or strongly preferred pairing rather than a freely generated phrase.
話す相手がいない,あいて,aite,I have no one to talk to.,collocation,Relationships,neutral,Draft candidate mined from an existing Kokeniwa example. Confirm the particle and natural range during editorial review.,話す相手がいない。,I have no one to talk to.,,,,Confirm whether this is a fixed or strongly preferred pairing rather than a freely generated phrase.
対等な立場で話す,たいとう,taitou,We talk on equal terms.,collocation,Relationships,neutral,Draft candidate mined from an existing Kokeniwa example. Confirm the particle and natural range during editorial review.,対等な立場で話す。,We talk on equal terms.,,,,Confirm whether this is a fixed or strongly preferred pairing rather than a freely generated phrase.
著名な学者を招く,ちょめい,chomei,We invite a renowned scholar.,collocation,Relationships,neutral,Draft candidate mined from an existing Kokeniwa example. Confirm the particle and natural range during editorial review.,著名な学者を招く。,We invite a renowned scholar.,,,,Confirm whether this is a fixed or strongly preferred pairing rather than a freely generated phrase.
本人に直接聞いた,ちょくせつ,chokusetsu,I asked the person directly.,collocation,Relationships,neutral,Draft candidate mined from an existing Kokeniwa example. Confirm the particle and natural range during editorial review.,本人に直接聞いた。,I asked the person directly.,,,,Confirm whether this is a fixed or strongly preferred pairing rather than a freely generated phrase.
家族は何人ですか,なんにん,nannin,How many people are in your family?,collocation,Relationships,neutral,Draft candidate mined from an existing Kokeniwa example. Confirm the particle and natural range during editorial review.,家族は何人ですか。,How many people are in your family?,,,,Confirm whether this is a fixed or strongly preferred pairing rather than a freely generated phrase.
経験が豊富な人だ,ほうふ,houfu,He is a person with abundant experience.,collocation,Relationships,neutral,Draft candidate mined from an existing Kokeniwa example. Confirm the particle and natural range during editorial review.,経験が豊富な人だ。,He is a person with abundant experience.,,,,Confirm whether this is a fixed or strongly preferred pairing rather than a freely generated phrase.
折衷案で合意した,せっちゅうあん,secchuu an,They agreed on a compromise proposal.,collocation,Relationships,neutral,Draft candidate mined from an existing Kokeniwa example. Confirm the particle and natural range during editorial review.,折衷案で合意した。,They agreed on a compromise proposal.,,,,Confirm whether this is a fixed or strongly preferred pairing rather than a freely generated phrase.
相手の立場を考える,たちば,tachiba,I consider the other person's position.,collocation,Relationships,neutral,Draft candidate mined from an existing Kokeniwa example. Confirm the particle and natural range during editorial review.,相手の立場を考える。,I consider the other person's position.,,,,Confirm whether this is a fixed or strongly preferred pairing rather than a freely generated phrase.
上司に助けを求めた,もとめる,motomeru,I asked my boss for help.,collocation,Relationships,neutral,Draft candidate mined from an existing Kokeniwa example. Confirm the particle and natural range during editorial review.,上司に助けを求めた。,I asked my boss for help.,,,,Confirm whether this is a fixed or strongly preferred pairing rather than a freely generated phrase.
会議の司会を務めた,つとめる,tsutomeru,I served as the chair of the meeting.,collocation,Relationships,neutral,Draft candidate mined from an existing Kokeniwa example. Confirm the particle and natural range during editorial review.,会議の司会を務めた。,I served as the chair of the meeting.,,,,Confirm whether this is a fixed or strongly preferred pairing rather than a freely generated phrase.
その候補を支持する,しじする,shiji suru,I support that candidate.,collocation,Relationships,neutral,Draft candidate mined from an existing Kokeniwa example. Confirm the particle and natural range during editorial review.,その候補を支持する。,I support that candidate.,,,,Confirm whether this is a fixed or strongly preferred pairing rather than a freely generated phrase.
良い相談相手がいる,そうだんあいて,soudan aite,I have a good person to consult with.,collocation,Relationships,neutral,Draft candidate mined from an existing Kokeniwa example. Confirm the particle and natural range during editorial review.,良い相談相手がいる。,I have a good person to consult with.,,,,Confirm whether this is a fixed or strongly preferred pairing rather than a freely generated phrase.
貧しい家庭に育った,まずしい,mazushii,I grew up in a poor family.,collocation,Relationships,neutral,Draft candidate mined from an existing Kokeniwa example. Confirm the particle and natural range during editorial review.,貧しい家庭に育った。,I grew up in a poor family.,,,,Confirm whether this is a fixed or strongly preferred pairing rather than a freely generated phrase.
友人の招きで訪れた,まねき,maneki,I visited at a friend's invitation.,collocation,Relationships,neutral,Draft candidate mined from an existing Kokeniwa example. Confirm the particle and natural range during editorial review.,友人の招きで訪れた。,I visited at a friend's invitation.,,,,Confirm whether this is a fixed or strongly preferred pairing rather than a freely generated phrase.
素敵なドレスですね,すてき,suteki,What a lovely dress!,collocation,Relationships,neutral,Draft candidate mined from an existing Kokeniwa example. Confirm the particle and natural range during editorial review.,素敵なドレスですね。,What a lovely dress!,,,,Confirm whether this is a fixed or strongly preferred pairing rather than a freely generated phrase.
駅で友人を見送った,みおくる,miokuru,I saw my friend off at the station.,collocation,Relationships,neutral,Draft candidate mined from an existing Kokeniwa example. Confirm the particle and natural range during editorial review.,駅で友人を見送った。,I saw my friend off at the station.,,,,Confirm whether this is a fixed or strongly preferred pairing rather than a freely generated phrase.
空港まで迎えに行く,むかえ,mukae,I go to pick them up at the airport.,collocation,Relationships,neutral,Draft candidate mined from an existing Kokeniwa example. Confirm the particle and natural range during editorial review.,空港まで迎えに行く。,I go to pick them up at the airport.,,,,Confirm whether this is a fixed or strongly preferred pairing rather than a freely generated phrase.
良い仲間に恵まれた,めぐまれる,megumareru,I was blessed with good friends.,collocation,Relationships,neutral,Draft candidate mined from an existing Kokeniwa example. Confirm the particle and natural range during editorial review.,良い仲間に恵まれた。,I was blessed with good friends.,,,,Confirm whether this is a fixed or strongly preferred pairing rather than a freely generated phrase.
両国は友好を深めた,ゆうこう,yuukou,The two countries deepened their friendship.,collocation,Relationships,neutral,Draft candidate mined from an existing Kokeniwa example. Confirm the particle and natural range during editorial review.,両国は友好を深めた。,The two countries deepened their friendship.,,,,Confirm whether this is a fixed or strongly preferred pairing rather than a freely generated phrase.
柔軟な発想が必要だ,はっそう,hassou,Flexible thinking is needed.,collocation,Feelings and Thoughts,neutral,Draft candidate mined from an existing Kokeniwa example. Confirm the particle and natural range during editorial review.,柔軟な発想が必要だ。,Flexible thinking is needed.,,,,Confirm whether this is a fixed or strongly preferred pairing rather than a freely generated phrase.
赤から情熱を連想する,れんそう,rensou,Red makes me think of passion.,collocation,Feelings and Thoughts,neutral,Draft candidate mined from an existing Kokeniwa example. Confirm the particle and natural range during editorial review.,赤から情熱を連想する。,Red makes me think of passion.,,,,Confirm whether this is a fixed or strongly preferred pairing rather than a freely generated phrase.
礼儀作法を心得ている人だ,こころえる,kokoroeru,He is a person who understands proper etiquette.,collocation,Feelings and Thoughts,neutral,Draft candidate mined from an existing Kokeniwa example. Confirm the particle and natural range during editorial review.,礼儀作法を心得ている人だ。,He is a person who understands proper etiquette.,,,,Confirm whether this is a fixed or strongly preferred pairing rather than a freely generated phrase.
金利を据え置くことが決まった,すえおく,sueoku,It was decided to leave the interest rate unchanged.,collocation,Feelings and Thoughts,neutral,Draft candidate mined from an existing Kokeniwa example. Confirm the particle and natural range during editorial review.,金利を据え置くことが決まった。,It was decided to leave the interest rate unchanged.,,,,Confirm whether this is a fixed or strongly preferred pairing rather than a freely generated phrase.
気分が悪い,わるい,warui,I feel bad.,collocation,Feelings and Thoughts,neutral,Draft candidate mined from an existing Kokeniwa example. Confirm the particle and natural range during editorial review.,気分が悪い。,I feel bad.,,,,Confirm whether this is a fixed or strongly preferred pairing rather than a freely generated phrase.
予定を決める,きめる,kimeru,I decide the schedule.,collocation,Feelings and Thoughts,neutral,Draft candidate mined from an existing Kokeniwa example. Confirm the particle and natural range during editorial review.,予定を決める。,I decide the schedule.,,,,Confirm whether this is a fixed or strongly preferred pairing rather than a freely generated phrase.
日程が決まる,きまる,kimaru,The date is decided.,collocation,Feelings and Thoughts,neutral,Draft candidate mined from an existing Kokeniwa example. Confirm the particle and natural range during editorial review.,日程が決まる。,The date is decided.,,,,Confirm whether this is a fixed or strongly preferred pairing rather than a freely generated phrase.
意味が分かる,わかる,wakaru,I understand the meaning.,collocation,Feelings and Thoughts,neutral,Draft candidate mined from an existing Kokeniwa example. Confirm the particle and natural range during editorial review.,意味が分かる。,I understand the meaning.,,,,Confirm whether this is a fixed or strongly preferred pairing rather than a freely generated phrase.
倦怠感が続く,けんたい,kentai,A feeling of fatigue continues.,collocation,Feelings and Thoughts,neutral,Draft candidate mined from an existing Kokeniwa example. Confirm the particle and natural range during editorial review.,倦怠感が続く。,A feeling of fatigue continues.,,,,Confirm whether this is a fixed or strongly preferred pairing rather than a freely generated phrase.
気持ちが伝わる,つたわる,tsutawaru,My feelings are conveyed.,collocation,Feelings and Thoughts,neutral,Draft candidate mined from an existing Kokeniwa example. Confirm the particle and natural range during editorial review.,気持ちが伝わる。,My feelings are conveyed.,,,,Confirm whether this is a fixed or strongly preferred pairing rather than a freely generated phrase.
現状を把握する,はあく,haaku,Grasp the current situation.,collocation,Feelings and Thoughts,neutral,Draft candidate mined from an existing Kokeniwa example. Confirm the particle and natural range during editorial review.,現状を把握する。,Grasp the current situation.,,,,Confirm whether this is a fixed or strongly preferred pairing rather than a freely generated phrase.
方針を決定する,ほうしん,houshin,Decide the policy.,collocation,Feelings and Thoughts,neutral,Draft candidate mined from an existing Kokeniwa example. Confirm the particle and natural range during editorial review.,方針を決定する。,Decide the policy.,,,,Confirm whether this is a fixed or strongly preferred pairing rather than a freely generated phrase.
開催が決定した,けってい,kettei,The event was decided to be held.,collocation,Feelings and Thoughts,neutral,Draft candidate mined from an existing Kokeniwa example. Confirm the particle and natural range during editorial review.,開催が決定した。,The event was decided to be held.,,,,Confirm whether this is a fixed or strongly preferred pairing rather than a freely generated phrase.
理想を追求する,ついきゅう,tsuikyuu,I pursue my ideals.,collocation,Feelings and Thoughts,neutral,Draft candidate mined from an existing Kokeniwa example. Confirm the particle and natural range during editorial review.,理想を追求する。,I pursue my ideals.,,,,Confirm whether this is a fixed or strongly preferred pairing rather than a freely generated phrase.
民主的に決める,みんしゅ,minshu,We decide democratically.,collocation,Feelings and Thoughts,neutral,Draft candidate mined from an existing Kokeniwa example. Confirm the particle and natural range during editorial review.,民主的に決める。,We decide democratically.,,,,Confirm whether this is a fixed or strongly preferred pairing rather than a freely generated phrase.
利害が対立する,りがい,rigai,The interests conflict.,collocation,Feelings and Thoughts,neutral,Draft candidate mined from an existing Kokeniwa example. Confirm the particle and natural range during editorial review.,利害が対立する。,The interests conflict.,,,,Confirm whether this is a fixed or strongly preferred pairing rather than a freely generated phrase.
彼のことが心配だ,しんぱい,shinpai,I'm worried about him.,collocation,Feelings and Thoughts,neutral,Draft candidate mined from an existing Kokeniwa example. Confirm the particle and natural range during editorial review.,彼のことが心配だ。,I'm worried about him.,,,,Confirm whether this is a fixed or strongly preferred pairing rather than a freely generated phrase.
太陽が海に沈んだ,しずむ,shizumu,The sun sank into the sea.,collocation,Feelings and Thoughts,neutral,Draft candidate mined from an existing Kokeniwa example. Confirm the particle and natural range during editorial review.,太陽が海に沈んだ。,The sun sank into the sea.,,,,Confirm whether this is a fixed or strongly preferred pairing rather than a freely generated phrase.
別の視点で考える,してん,shiten,I think from a different perspective.,collocation,Feelings and Thoughts,neutral,Draft candidate mined from an existing Kokeniwa example. Confirm the particle and natural range during editorial review.,別の視点で考える。,I think from a different perspective.,,,,Confirm whether this is a fixed or strongly preferred pairing rather than a freely generated phrase.
精神を集中させる,せいしん,seishin,I concentrate my mind.,collocation,Feelings and Thoughts,neutral,Draft candidate mined from an existing Kokeniwa example. Confirm the particle and natural range during editorial review.,精神を集中させる。,I concentrate my mind.,,,,Confirm whether this is a fixed or strongly preferred pairing rather than a freely generated phrase.
子の将来を案じる,あんじる,anjiru,I worry about my child's future.,collocation,Feelings and Thoughts,neutral,Draft candidate mined from an existing Kokeniwa example. Confirm the particle and natural range during editorial review.,子の将来を案じる。,I worry about my child's future.,,,,Confirm whether this is a fixed or strongly preferred pairing rather than a freely generated phrase.
面白い逸話が残る,いつわ,itsuwa,An interesting anecdote remains.,collocation,Feelings and Thoughts,neutral,Draft candidate mined from an existing Kokeniwa example. Confirm the particle and natural range during editorial review.,面白い逸話が残る。,An interesting anecdote remains.,,,,Confirm whether this is a fixed or strongly preferred pairing rather than a freely generated phrase.
彼の気持ちを察する,さっする,sassuru,I can guess his feelings.,collocation,Feelings and Thoughts,neutral,Draft candidate mined from an existing Kokeniwa example. Confirm the particle and natural range during editorial review.,彼の気持ちを察する。,I can guess his feelings.,,,,Confirm whether this is a fixed or strongly preferred pairing rather than a freely generated phrase.
幹部が方針を決める,かんぶ,kanbu,The executives decide the policy.,collocation,Feelings and Thoughts,neutral,Draft candidate mined from an existing Kokeniwa example. Confirm the particle and natural range during editorial review.,幹部が方針を決める。,The executives decide the policy.,,,,Confirm whether this is a fixed or strongly preferred pairing rather than a freely generated phrase.
都会で孤独を感じる,こどく,kodoku,I feel lonely in the city.,collocation,Feelings and Thoughts,neutral,Draft candidate mined from an existing Kokeniwa example. Confirm the particle and natural range during editorial review.,都会で孤独を感じる。,I feel lonely in the city.,,,,Confirm whether this is a fixed or strongly preferred pairing rather than a freely generated phrase.
彼の説明に納得した,なっとく,nattoku,I was convinced by his explanation.,collocation,Feelings and Thoughts,neutral,Draft candidate mined from an existing Kokeniwa example. Confirm the particle and natural range during editorial review.,彼の説明に納得した。,I was convinced by his explanation.,,,,Confirm whether this is a fixed or strongly preferred pairing rather than a freely generated phrase.
説明をよく理解した,りかい,rikai,I understood the explanation well.,collocation,Feelings and Thoughts,neutral,Draft candidate mined from an existing Kokeniwa example. Confirm the particle and natural range during editorial review.,説明をよく理解した。,I understood the explanation well.,,,,Confirm whether this is a fixed or strongly preferred pairing rather than a freely generated phrase.
感情を表に出さない,かんじょう,kanjou,I don't show my emotions.,collocation,Feelings and Thoughts,neutral,Draft candidate mined from an existing Kokeniwa example. Confirm the particle and natural range during editorial review.,感情を表に出さない。,I don't show my emotions.,,,,Confirm whether this is a fixed or strongly preferred pairing rather than a freely generated phrase.
心当たりが全くない,こころあたり,kokoroatari,I have no idea at all.,collocation,Feelings and Thoughts,neutral,Draft candidate mined from an existing Kokeniwa example. Confirm the particle and natural range during editorial review.,心当たりが全くない。,I have no idea at all.,,,,Confirm whether this is a fixed or strongly preferred pairing rather than a freely generated phrase.
成長を実感している,じっかん,jikkan,I really feel that I have grown.,collocation,Feelings and Thoughts,neutral,Draft candidate mined from an existing Kokeniwa example. Confirm the particle and natural range during editorial review.,成長を実感している。,I really feel that I have grown.,,,,Confirm whether this is a fixed or strongly preferred pairing rather than a freely generated phrase.
変化に抵抗を感じる,ていこう,teikou,I feel resistance to change.,collocation,Feelings and Thoughts,neutral,Draft candidate mined from an existing Kokeniwa example. Confirm the particle and natural range during editorial review.,変化に抵抗を感じる。,I feel resistance to change.,,,,Confirm whether this is a fixed or strongly preferred pairing rather than a freely generated phrase.
商品の名称を決める,めいしょう,meishou,We decide the product name.,collocation,Feelings and Thoughts,neutral,Draft candidate mined from an existing Kokeniwa example. Confirm the particle and natural range during editorial review.,商品の名称を決める。,We decide the product name.,,,,Confirm whether this is a fixed or strongly preferred pairing rather than a freely generated phrase.
彼の考えに共鳴した,きょうめい,kyoumei,I resonated with his ideas.,collocation,Feelings and Thoughts,neutral,Draft candidate mined from an existing Kokeniwa example. Confirm the particle and natural range during editorial review.,彼の考えに共鳴した。,I resonated with his ideas.,,,,Confirm whether this is a fixed or strongly preferred pairing rather than a freely generated phrase.
来年度の予算を決める,よさん,yosan,Decide next year's budget.,collocation,Feelings and Thoughts,neutral,Draft candidate mined from an existing Kokeniwa example. Confirm the particle and natural range during editorial review.,来年度の予算を決める。,Decide next year's budget.,,,,Confirm whether this is a fixed or strongly preferred pairing rather than a freely generated phrase.
後任が正式に決まった,こうにん,kounin,My successor was officially decided.,collocation,Feelings and Thoughts,neutral,Draft candidate mined from an existing Kokeniwa example. Confirm the particle and natural range during editorial review.,後任が正式に決まった。,My successor was officially decided.,,,,Confirm whether this is a fixed or strongly preferred pairing rather than a freely generated phrase.
春の兆しが感じられる,きざし,kizashi,I can feel the signs of spring.,collocation,Feelings and Thoughts,neutral,Draft candidate mined from an existing Kokeniwa example. Confirm the particle and natural range during editorial review.,春の兆しが感じられる。,I can feel the signs of spring.,,,,Confirm whether this is a fixed or strongly preferred pairing rather than a freely generated phrase.
指の感覚がなくなった,かんかく,kankaku,I lost the feeling in my fingers.,collocation,Feelings and Thoughts,neutral,Draft candidate mined from an existing Kokeniwa example. Confirm the particle and natural range during editorial review.,指の感覚がなくなった。,I lost the feeling in my fingers.,,,,Confirm whether this is a fixed or strongly preferred pairing rather than a freely generated phrase.
数学に苦手意識がある,にがていしき,nigate ishiki,I feel weak at math.,collocation,Feelings and Thoughts,neutral,Draft candidate mined from an existing Kokeniwa example. Confirm the particle and natural range during editorial review.,数学に苦手意識がある。,I feel weak at math.,,,,Confirm whether this is a fixed or strongly preferred pairing rather than a freely generated phrase.
全体の流れを把握する,はあくする,haaku suru,I grasp the overall flow.,collocation,Feelings and Thoughts,neutral,Draft candidate mined from an existing Kokeniwa example. Confirm the particle and natural range during editorial review.,全体の流れを把握する。,I grasp the overall flow.,,,,Confirm whether this is a fixed or strongly preferred pairing rather than a freely generated phrase.
物事を前向きに考える,ものごと,monogoto,I think about things positively.,collocation,Feelings and Thoughts,neutral,Draft candidate mined from an existing Kokeniwa example. Confirm the particle and natural range during editorial review.,物事を前向きに考える。,I think about things positively.,,,,Confirm whether this is a fixed or strongly preferred pairing rather than a freely generated phrase.
嫌悪感を隠せなかった,けんお,ken'o,He couldn't hide his feeling of disgust.,collocation,Feelings and Thoughts,neutral,Draft candidate mined from an existing Kokeniwa example. Confirm the particle and natural range during editorial review.,嫌悪感を隠せなかった。,He couldn't hide his feeling of disgust.,,,,Confirm whether this is a fixed or strongly preferred pairing rather than a freely generated phrase.
ようやく合点がいった,がってんがいく,gatten ga iku,I finally understood.,collocation,Feelings and Thoughts,neutral,Draft candidate mined from an existing Kokeniwa example. Confirm the particle and natural range during editorial review.,ようやく合点がいった。,I finally understood.,,,,Confirm whether this is a fixed or strongly preferred pairing rather than a freely generated phrase.
自然に畏敬の念を抱く,いけい,ikei,I hold a feeling of awe and reverence for nature.,collocation,Feelings and Thoughts,neutral,Draft candidate mined from an existing Kokeniwa example. Confirm the particle and natural range during editorial review.,自然に畏敬の念を抱く。,I hold a feeling of awe and reverence for nature.,,,,Confirm whether this is a fixed or strongly preferred pairing rather than a freely generated phrase.
ばつが悪そうに笑った,ばつがわるい,batsu ga warui,"He laughed with an awkward, embarrassed look.",collocation,Feelings and Thoughts,neutral,Draft candidate mined from an existing Kokeniwa example. Confirm the particle and natural range during editorial review.,ばつが悪そうに笑った。,"He laughed with an awkward, embarrassed look.",,,,Confirm whether this is a fixed or strongly preferred pairing rather than a freely generated phrase.
無事だと聞いて安心した,あんしん,anshin,I was relieved to hear you are safe.,collocation,Feelings and Thoughts,neutral,Draft candidate mined from an existing Kokeniwa example. Confirm the particle and natural range during editorial review.,無事だと聞いて安心した。,I was relieved to hear you are safe.,,,,Confirm whether this is a fixed or strongly preferred pairing rather than a freely generated phrase.
日本の文化に興味がある,きょうみ,kyoumi,I am interested in Japanese culture.,collocation,Feelings and Thoughts,neutral,Draft candidate mined from an existing Kokeniwa example. Confirm the particle and natural range during editorial review.,日本の文化に興味がある。,I am interested in Japanese culture.,,,,Confirm whether this is a fixed or strongly preferred pairing rather than a freely generated phrase.
忘れられない旅になった,わすれられないたび,wasurerarenai tabi,It became an unforgettable trip.,collocation,Feelings and Thoughts,neutral,Draft candidate mined from an existing Kokeniwa example. Confirm the particle and natural range during editorial review.,忘れられない旅になった。,It became an unforgettable trip.,,,,Confirm whether this is a fixed or strongly preferred pairing rather than a freely generated phrase.
彼の行動は理解できない,こうどう,koudou,I can't understand his behavior.,collocation,Feelings and Thoughts,neutral,Draft candidate mined from an existing Kokeniwa example. Confirm the particle and natural range during editorial review.,彼の行動は理解できない。,I can't understand his behavior.,,,,Confirm whether this is a fixed or strongly preferred pairing rather than a freely generated phrase.
経営陣が方針を決定した,けいえいじん,keieijin,The management team decided on the policy.,collocation,Feelings and Thoughts,neutral,Draft candidate mined from an existing Kokeniwa example. Confirm the particle and natural range during editorial review.,経営陣が方針を決定した。,The management team decided on the policy.,,,,Confirm whether this is a fixed or strongly preferred pairing rather than a freely generated phrase.
次の作品に期待している,きたいする,kitai suru,I have high hopes for the next work.,collocation,Feelings and Thoughts,neutral,Draft candidate mined from an existing Kokeniwa example. Confirm the particle and natural range during editorial review.,次の作品に期待している。,I have high hopes for the next work.,,,,Confirm whether this is a fixed or strongly preferred pairing rather than a freely generated phrase.
授業の予習をする,よしゅう,yoshuu,I prepare for the class.,collocation,Learning and Language,neutral,Draft candidate mined from an existing Kokeniwa example. Confirm the particle and natural range during editorial review.,授業の予習をする。,I prepare for the class.,,,,Confirm whether this is a fixed or strongly preferred pairing rather than a freely generated phrase.
手紙の返事を書く,へんじ,henji,Write a reply to the letter.,collocation,Learning and Language,neutral,Draft candidate mined from an existing Kokeniwa example. Confirm the particle and natural range during editorial review.,手紙の返事を書く。,Write a reply to the letter.,,,,Confirm whether this is a fixed or strongly preferred pairing rather than a freely generated phrase.
毎日の学習が重要だ,がくしゅう,gakushuu,Daily study is important.,collocation,Learning and Language,neutral,Draft candidate mined from an existing Kokeniwa example. Confirm the particle and natural range during editorial review.,毎日の学習が重要だ。,Daily study is important.,,,,Confirm whether this is a fixed or strongly preferred pairing rather than a freely generated phrase.
言葉の変遷を調べる,へんせん,hensen,I study the changes in language over time.,collocation,Learning and Language,neutral,Draft candidate mined from an existing Kokeniwa example. Confirm the particle and natural range during editorial review.,言葉の変遷を調べる。,I study the changes in language over time.,,,,Confirm whether this is a fixed or strongly preferred pairing rather than a freely generated phrase.
難しい問いに答えた,とい,toi,I answered a difficult question.,collocation,Learning and Language,neutral,Draft candidate mined from an existing Kokeniwa example. Confirm the particle and natural range during editorial review.,難しい問いに答えた。,I answered a difficult question.,,,,Confirm whether this is a fixed or strongly preferred pairing rather than a freely generated phrase.
歴史から多くを学ぶ,まなぶ,manabu,I learn a lot from history.,collocation,Learning and Language,neutral,Draft candidate mined from an existing Kokeniwa example. Confirm the particle and natural range during editorial review.,歴史から多くを学ぶ。,I learn a lot from history.,,,,Confirm whether this is a fixed or strongly preferred pairing rather than a freely generated phrase.
学んだ理論を実践する,じっせん,jissen,I put the theory I learned into practice.,collocation,Learning and Language,neutral,Draft candidate mined from an existing Kokeniwa example. Confirm the particle and natural range during editorial review.,学んだ理論を実践する。,I put the theory I learned into practice.,,,,Confirm whether this is a fixed or strongly preferred pairing rather than a freely generated phrase.
現地の言葉を少し覚えた,げんち,genchi,I learned a bit of the local language.,collocation,Learning and Language,neutral,Draft candidate mined from an existing Kokeniwa example. Confirm the particle and natural range during editorial review.,現地の言葉を少し覚えた。,I learned a bit of the local language.,,,,Confirm whether this is a fixed or strongly preferred pairing rather than a freely generated phrase.
温故知新の精神で歴史を学ぶ,おんこちしん,onko chishin,I study history in the spirit of learning from the past.,collocation,Learning and Language,neutral,Draft candidate mined from an existing Kokeniwa example. Confirm the particle and natural range during editorial review.,温故知新の精神で歴史を学ぶ。,I study history in the spirit of learning from the past.,,,,Confirm whether this is a fixed or strongly preferred pairing rather than a freely generated phrase.
学校へ行く,がっこう,gakkou,Go to school.,collocation,Learning and Language,neutral,Draft candidate mined from an existing Kokeniwa example. Confirm the particle and natural range during editorial review.,学校へ行く。,Go to school.,,,,Confirm whether this is a fixed or strongly preferred pairing rather than a freely generated phrase.
新聞を読む,しんぶん,shinbun,Read a newspaper.,collocation,Learning and Language,neutral,Draft candidate mined from an existing Kokeniwa example. Confirm the particle and natural range during editorial review.,新聞を読む。,Read a newspaper.,,,,Confirm whether this is a fixed or strongly preferred pairing rather than a freely generated phrase.
手紙を書く,てがみ,tegami,Write a letter.,collocation,Learning and Language,neutral,Draft candidate mined from an existing Kokeniwa example. Confirm the particle and natural range during editorial review.,手紙を書く。,Write a letter.,,,,Confirm whether this is a fixed or strongly preferred pairing rather than a freely generated phrase.
音楽を聞く,きく,kiku,I listen to music.,collocation,Learning and Language,neutral,Draft candidate mined from an existing Kokeniwa example. Confirm the particle and natural range during editorial review.,音楽を聞く。,I listen to music.,,,,Confirm whether this is a fixed or strongly preferred pairing rather than a freely generated phrase.
名前を書く,かく,kaku,Write your name.,collocation,Learning and Language,neutral,Draft candidate mined from an existing Kokeniwa example. Confirm the particle and natural range during editorial review.,名前を書く。,Write your name.,,,,Confirm whether this is a fixed or strongly preferred pairing rather than a freely generated phrase.
先輩に相談する,せんぱい,senpai,I consult a senior colleague.,collocation,Learning and Language,neutral,Draft candidate mined from an existing Kokeniwa example. Confirm the particle and natural range during editorial review.,先輩に相談する。,I consult a senior colleague.,,,,Confirm whether this is a fixed or strongly preferred pairing rather than a freely generated phrase.
後輩を指導する,こうはい,kouhai,I coach a junior member.,collocation,Learning and Language,neutral,Draft candidate mined from an existing Kokeniwa example. Confirm the particle and natural range during editorial review.,後輩を指導する。,I coach a junior member.,,,,Confirm whether this is a fixed or strongly preferred pairing rather than a freely generated phrase.
影響が波及する,はきゅう,hakyuu,The impact spreads.,collocation,Learning and Language,neutral,Draft candidate mined from an existing Kokeniwa example. Confirm the particle and natural range during editorial review.,影響が波及する。,The impact spreads.,,,,Confirm whether this is a fixed or strongly preferred pairing rather than a freely generated phrase.
授業を欠席する,けっせき,kesseki,I am absent from class.,collocation,Learning and Language,neutral,Draft candidate mined from an existing Kokeniwa example. Confirm the particle and natural range during editorial review.,授業を欠席する。,I am absent from class.,,,,Confirm whether this is a fixed or strongly preferred pairing rather than a freely generated phrase.
原稿を校閲する,こうえつ,kouetsu,Proofread the manuscript.,collocation,Learning and Language,neutral,Draft candidate mined from an existing Kokeniwa example. Confirm the particle and natural range during editorial review.,原稿を校閲する。,Proofread the manuscript.,,,,Confirm whether this is a fixed or strongly preferred pairing rather than a freely generated phrase.
読書を奨励する,しょうれい,shourei,We encourage reading.,collocation,Learning and Language,neutral,Draft candidate mined from an existing Kokeniwa example. Confirm the particle and natural range during editorial review.,読書を奨励する。,We encourage reading.,,,,Confirm whether this is a fixed or strongly preferred pairing rather than a freely generated phrase.
三か国語を操る,あやつる,ayatsuru,He commands three languages.,collocation,Learning and Language,neutral,Draft candidate mined from an existing Kokeniwa example. Confirm the particle and natural range during editorial review.,三か国語を操る。,He commands three languages.,,,,Confirm whether this is a fixed or strongly preferred pairing rather than a freely generated phrase.
受付で名前を書く,うけつけ,uketsuke,I write my name at the reception.,collocation,Learning and Language,neutral,Draft candidate mined from an existing Kokeniwa example. Confirm the particle and natural range during editorial review.,受付で名前を書く。,I write my name at the reception.,,,,Confirm whether this is a fixed or strongly preferred pairing rather than a freely generated phrase.
最新の技術を学ぶ,ぎじゅつ,gijutsu,Learn the latest technology.,collocation,Learning and Language,neutral,Draft candidate mined from an existing Kokeniwa example. Confirm the particle and natural range during editorial review.,最新の技術を学ぶ。,Learn the latest technology.,,,,Confirm whether this is a fixed or strongly preferred pairing rather than a freely generated phrase.
住民の意見を聞く,じゅうみん,juumin,Listen to residents' opinions.,collocation,Learning and Language,neutral,Draft candidate mined from an existing Kokeniwa example. Confirm the particle and natural range during editorial review.,住民の意見を聞く。,Listen to residents' opinions.,,,,Confirm whether this is a fixed or strongly preferred pairing rather than a freely generated phrase.
国民の意見を聞く,こくみん,kokumin,Listen to the opinions of the people.,collocation,Learning and Language,neutral,Draft candidate mined from an existing Kokeniwa example. Confirm the particle and natural range during editorial review.,国民の意見を聞く。,Listen to the opinions of the people.,,,,Confirm whether this is a fixed or strongly preferred pairing rather than a freely generated phrase.
感染の拡大を防ぐ,かんせん,kansen,We prevent the spread of infection.,collocation,Learning and Language,neutral,Draft candidate mined from an existing Kokeniwa example. Confirm the particle and natural range during editorial review.,感染の拡大を防ぐ。,We prevent the spread of infection.,,,,Confirm whether this is a fixed or strongly preferred pairing rather than a freely generated phrase.
リスクを分散する,ぶんさん,bunsan,We spread out the risk.,collocation,Learning and Language,neutral,Draft candidate mined from an existing Kokeniwa example. Confirm the particle and natural range during editorial review.,リスクを分散する。,We spread out the risk.,,,,Confirm whether this is a fixed or strongly preferred pairing rather than a freely generated phrase.
習慣が身についた,みにつく,mi ni tsuku,The habit has become part of me.,collocation,Learning and Language,neutral,Draft candidate mined from an existing Kokeniwa example. Confirm the particle and natural range during editorial review.,習慣が身についた。,The habit has become part of me.,,,,Confirm whether this is a fixed or strongly preferred pairing rather than a freely generated phrase.
答えが違いますよ,ちがう,chigau,That answer is wrong.,collocation,Learning and Language,neutral,Draft candidate mined from an existing Kokeniwa example. Confirm the particle and natural range during editorial review.,答えが違いますよ。,That answer is wrong.,,,,Confirm whether this is a fixed or strongly preferred pairing rather than a freely generated phrase.
テスト前に復習する,ふくしゅう,fukushuu,I review before the test.,collocation,Learning and Language,neutral,Draft candidate mined from an existing Kokeniwa example. Confirm the particle and natural range during editorial review.,テスト前に復習する。,I review before the test.,,,,Confirm whether this is a fixed or strongly preferred pairing rather than a freely generated phrase.
出かける支度をする,したく,shitaku,I get ready to go out.,collocation,Learning and Language,neutral,Draft candidate mined from an existing Kokeniwa example. Confirm the particle and natural range during editorial review.,出かける支度をする。,I get ready to go out.,,,,Confirm whether this is a fixed or strongly preferred pairing rather than a freely generated phrase.
注意事項をよく読む,ちゅういじこう,chuui jikou,Read the notes carefully.,collocation,Learning and Language,neutral,Draft candidate mined from an existing Kokeniwa example. Confirm the particle and natural range during editorial review.,注意事項をよく読む。,Read the notes carefully.,,,,Confirm whether this is a fixed or strongly preferred pairing rather than a freely generated phrase.
経済の仕組みを学ぶ,しくみ,shikumi,I learn how the economy works.,collocation,Learning and Language,neutral,Draft candidate mined from an existing Kokeniwa example. Confirm the particle and natural range during editorial review.,経済の仕組みを学ぶ。,I learn how the economy works.,,,,Confirm whether this is a fixed or strongly preferred pairing rather than a freely generated phrase.
答えが分かりますか,こたえ,kotae,Do you know the answer?,collocation,Learning and Language,neutral,Draft candidate mined from an existing Kokeniwa example. Confirm the particle and natural range during editorial review.,答えが分かりますか。,Do you know the answer?,,,,Confirm whether this is a fixed or strongly preferred pairing rather than a freely generated phrase.
人口の分布を調べる,ぶんぷ,bunpu,I study the population distribution.,collocation,Learning and Language,neutral,Draft candidate mined from an existing Kokeniwa example. Confirm the particle and natural range during editorial review.,人口の分布を調べる。,I study the population distribution.,,,,Confirm whether this is a fixed or strongly preferred pairing rather than a freely generated phrase.
噂が町中に広がった,ひろがる,hirogaru,The rumor spread across town.,collocation,Learning and Language,neutral,Draft candidate mined from an existing Kokeniwa example. Confirm the particle and natural range during editorial review.,噂が町中に広がった。,The rumor spread across town.,,,,Confirm whether this is a fixed or strongly preferred pairing rather than a freely generated phrase.
糸が絡んで取れない,からむ,karamu,The thread is tangled and won't come off.,collocation,Learning and Language,neutral,Draft candidate mined from an existing Kokeniwa example. Confirm the particle and natural range during editorial review.,糸が絡んで取れない。,The thread is tangled and won't come off.,,,,Confirm whether this is a fixed or strongly preferred pairing rather than a freely generated phrase.
投資の妙味を知った,みょうみ,myoumi,He learned the subtle appeal of investing.,collocation,Learning and Language,neutral,Draft candidate mined from an existing Kokeniwa example. Confirm the particle and natural range during editorial review.,投資の妙味を知った。,He learned the subtle appeal of investing.,,,,Confirm whether this is a fixed or strongly preferred pairing rather than a freely generated phrase.
漫画を読むのが好きだ,まんが,manga,I like reading manga.,collocation,Learning and Language,neutral,Draft candidate mined from an existing Kokeniwa example. Confirm the particle and natural range during editorial review.,漫画を読むのが好きだ。,I like reading manga.,,,,Confirm whether this is a fixed or strongly preferred pairing rather than a freely generated phrase.
古くからの慣行に従う,かんこう,kankou,Follow an old custom.,collocation,Learning and Language,neutral,Draft candidate mined from an existing Kokeniwa example. Confirm the particle and natural range during editorial review.,古くからの慣行に従う。,Follow an old custom.,,,,Confirm whether this is a fixed or strongly preferred pairing rather than a freely generated phrase.
OJTで実務を学んだ,おーじぇーてぃー,oo je tii,I learned the practical work through on-the-job training.,collocation,Learning and Language,neutral,Draft candidate mined from an existing Kokeniwa example. Confirm the particle and natural range during editorial review.,OJTで実務を学んだ。,I learned the practical work through on-the-job training.,,,,Confirm whether this is a fixed or strongly preferred pairing rather than a freely generated phrase.
アメリカに留学したい,りゅうがく,ryuugaku,I want to study abroad in America.,collocation,Learning and Language,neutral,Draft candidate mined from an existing Kokeniwa example. Confirm the particle and natural range during editorial review.,アメリカに留学したい。,I want to study abroad in America.,,,,Confirm whether this is a fixed or strongly preferred pairing rather than a freely generated phrase.
用途によって区分する,くぶん,kubun,We divide them by purpose.,collocation,Learning and Language,neutral,Draft candidate mined from an existing Kokeniwa example. Confirm the particle and natural range during editorial review.,用途によって区分する。,We divide them by purpose.,,,,Confirm whether this is a fixed or strongly preferred pairing rather than a freely generated phrase.
結果について考察する,こうさつ,kousatsu,I examine the results.,collocation,Learning and Language,neutral,Draft candidate mined from an existing Kokeniwa example. Confirm the particle and natural range during editorial review.,結果について考察する。,I examine the results.,,,,Confirm whether this is a fixed or strongly preferred pairing rather than a freely generated phrase.
新しい知識を広めたい,ひろめる,hiromeru,I want to spread new knowledge.,collocation,Learning and Language,neutral,Draft candidate mined from an existing Kokeniwa example. Confirm the particle and natural range during editorial review.,新しい知識を広めたい。,I want to spread new knowledge.,,,,Confirm whether this is a fixed or strongly preferred pairing rather than a freely generated phrase.
世界記録を塗り替えた,ぬりかえる,nurikaeru,He rewrote the world record.,collocation,Learning and Language,neutral,Draft candidate mined from an existing Kokeniwa example. Confirm the particle and natural range during editorial review.,世界記録を塗り替えた。,He rewrote the world record.,,,,Confirm whether this is a fixed or strongly preferred pairing rather than a freely generated phrase.
機械の扱い方を教わる,あつかいかた,atsukaikata,I learn how to handle the machine.,collocation,Learning and Language,neutral,Draft candidate mined from an existing Kokeniwa example. Confirm the particle and natural range during editorial review.,機械の扱い方を教わる。,I learn how to handle the machine.,,,,Confirm whether this is a fixed or strongly preferred pairing rather than a freely generated phrase.
アンケートを回収する,かいしゅうする,kaishuu suru,We collect the questionnaires.,collocation,Learning and Language,neutral,Draft candidate mined from an existing Kokeniwa example. Confirm the particle and natural range during editorial review.,アンケートを回収する。,We collect the questionnaires.,,,,Confirm whether this is a fixed or strongly preferred pairing rather than a freely generated phrase.
先生に発音を教わった,おそわる,osowaru,I learned pronunciation from my teacher.,collocation,Learning and Language,neutral,Draft candidate mined from an existing Kokeniwa example. Confirm the particle and natural range during editorial review.,先生に発音を教わった。,I learned pronunciation from my teacher.,,,,Confirm whether this is a fixed or strongly preferred pairing rather than a freely generated phrase.
上司の意向を忖度した,そんたく,sontaku,He read into and conjectured his boss's intentions.,collocation,Learning and Language,neutral,Draft candidate mined from an existing Kokeniwa example. Confirm the particle and natural range during editorial review.,上司の意向を忖度した。,He read into and conjectured his boss's intentions.,,,,Confirm whether this is a fixed or strongly preferred pairing rather than a freely generated phrase.
取引先へ直行直帰する予定だ,ちょっこうちょっき,chokkou chokki,I plan to go directly to and from the client's office.,collocation,Work and Communication,neutral,Draft candidate mined from an existing Kokeniwa example. Confirm the particle and natural range during editorial review.,取引先へ直行直帰する予定だ。,I plan to go directly to and from the client's office.,,,,Confirm whether this is a fixed or strongly preferred pairing rather than a freely generated phrase.
報連相を徹底するよう指導された,ほうれんそう,hourensou,I was instructed to thoroughly practice report-contact-consult.,collocation,Work and Communication,neutral,Draft candidate mined from an existing Kokeniwa example. Confirm the particle and natural range during editorial review.,報連相を徹底するよう指導された。,I was instructed to thoroughly practice report-contact-consult.,,,,Confirm whether this is a fixed or strongly preferred pairing rather than a freely generated phrase.
社長に報告する,しゃちょう,shachou,I report to the president.,collocation,Work and Communication,neutral,Draft candidate mined from an existing Kokeniwa example. Confirm the particle and natural range during editorial review.,社長に報告する。,I report to the president.,,,,Confirm whether this is a fixed or strongly preferred pairing rather than a freely generated phrase.
危険を伴う作業だ,ともなう,tomonau,It's work that involves danger.,collocation,Work and Communication,neutral,Draft candidate mined from an existing Kokeniwa example. Confirm the particle and natural range during editorial review.,危険を伴う作業だ。,It's work that involves danger.,,,,Confirm whether this is a fixed or strongly preferred pairing rather than a freely generated phrase.
民間の会社で働く,みんかん,minkan,I work at a private company.,collocation,Work and Communication,neutral,Draft candidate mined from an existing Kokeniwa example. Confirm the particle and natural range during editorial review.,民間の会社で働く。,I work at a private company.,,,,Confirm whether this is a fixed or strongly preferred pairing rather than a freely generated phrase.
取り急ぎご報告まで,とりいそぎ,toriisogi,"For now, this is just a quick report.",collocation,Work and Communication,neutral,Draft candidate mined from an existing Kokeniwa example. Confirm the particle and natural range during editorial review.,取り急ぎご報告まで。,"For now, this is just a quick report.",,,,Confirm whether this is a fixed or strongly preferred pairing rather than a freely generated phrase.
海外企業と取引する,とりひき,torihiki,Do business with a foreign company.,collocation,Work and Communication,neutral,Draft candidate mined from an existing Kokeniwa example. Confirm the particle and natural range during editorial review.,海外企業と取引する。,Do business with a foreign company.,,,,Confirm whether this is a fixed or strongly preferred pairing rather than a freely generated phrase.
新聞社で働いている,しんぶんしゃ,shinbunsha,I work for a newspaper company.,collocation,Work and Communication,neutral,Draft candidate mined from an existing Kokeniwa example. Confirm the particle and natural range during editorial review.,新聞社で働いている。,I work for a newspaper company.,,,,Confirm whether this is a fixed or strongly preferred pairing rather than a freely generated phrase.
九時に出社する予定だ,しゅっしゃ,shussha,I plan to come to the office at 9.,collocation,Work and Communication,neutral,Draft candidate mined from an existing Kokeniwa example. Confirm the particle and natural range during editorial review.,九時に出社する予定だ。,I plan to come to the office at 9.,,,,Confirm whether this is a fixed or strongly preferred pairing rather than a freely generated phrase.
取引先に電話をかけた,とりひきさき,torihikisaki,I called the business client.,collocation,Work and Communication,neutral,Draft candidate mined from an existing Kokeniwa example. Confirm the particle and natural range during editorial review.,取引先に電話をかけた。,I called the business client.,,,,Confirm whether this is a fixed or strongly preferred pairing rather than a freely generated phrase.
貿易会社で働いている,ぼうえき,boueki,I work at a trading company.,collocation,Work and Communication,neutral,Draft candidate mined from an existing Kokeniwa example. Confirm the particle and natural range during editorial review.,貿易会社で働いている。,I work at a trading company.,,,,Confirm whether this is a fixed or strongly preferred pairing rather than a freely generated phrase.
社訓を朝礼で唱和する,しゃくん,shakun,We recite the company motto at the morning meeting.,collocation,Work and Communication,neutral,Draft candidate mined from an existing Kokeniwa example. Confirm the particle and natural range during editorial review.,社訓を朝礼で唱和する。,We recite the company motto at the morning meeting.,,,,Confirm whether this is a fixed or strongly preferred pairing rather than a freely generated phrase.
事業を拡張する計画だ,かくちょう,kakuchou,We plan to expand the business.,collocation,Work and Communication,neutral,Draft candidate mined from an existing Kokeniwa example. Confirm the particle and natural range during editorial review.,事業を拡張する計画だ。,We plan to expand the business.,,,,Confirm whether this is a fixed or strongly preferred pairing rather than a freely generated phrase.
会社の業績が回復した,ぎょうせき,gyouseki,The company's performance recovered.,collocation,Work and Communication,neutral,Draft candidate mined from an existing Kokeniwa example. Confirm the particle and natural range during editorial review.,会社の業績が回復した。,The company's performance recovered.,,,,Confirm whether this is a fixed or strongly preferred pairing rather than a freely generated phrase.
お客様に優しく接する,せっする,sessuru,I treat customers kindly.,collocation,Work and Communication,neutral,Draft candidate mined from an existing Kokeniwa example. Confirm the particle and natural range during editorial review.,お客様に優しく接する。,I treat customers kindly.,,,,Confirm whether this is a fixed or strongly preferred pairing rather than a freely generated phrase.
来春、会社に就職する,しゅうしょくする,shuushoku suru,I will start working at a company next spring.,collocation,Work and Communication,neutral,Draft candidate mined from an existing Kokeniwa example. Confirm the particle and natural range during editorial review.,来春、会社に就職する。,I will start working at a company next spring.,,,,Confirm whether this is a fixed or strongly preferred pairing rather than a freely generated phrase.
警官に呼び止められた,よびとめる,yobitomeru,I was stopped by a police officer.,collocation,Work and Communication,neutral,Draft candidate mined from an existing Kokeniwa example. Confirm the particle and natural range during editorial review.,警官に呼び止められた。,I was stopped by a police officer.,,,,Confirm whether this is a fixed or strongly preferred pairing rather than a freely generated phrase.
初対面で名刺を交換した,めいし,meishi,We exchanged business cards at our first meeting.,collocation,Work and Communication,neutral,Draft candidate mined from an existing Kokeniwa example. Confirm the particle and natural range during editorial review.,初対面で名刺を交換した。,We exchanged business cards at our first meeting.,,,,Confirm whether this is a fixed or strongly preferred pairing rather than a freely generated phrase.
社是を胸に業務にあたる,しゃぜ,shaze,I approach my work keeping the company's creed in mind.,collocation,Work and Communication,neutral,Draft candidate mined from an existing Kokeniwa example. Confirm the particle and natural range during editorial review.,社是を胸に業務にあたる。,I approach my work keeping the company's creed in mind.,,,,Confirm whether this is a fixed or strongly preferred pairing rather than a freely generated phrase.
新規事業計画を提出した,じぎょうけいかく,jigyou keikaku,I submitted the new business plan.,collocation,Work and Communication,neutral,Draft candidate mined from an existing Kokeniwa example. Confirm the particle and natural range during editorial review.,新規事業計画を提出した。,I submitted the new business plan.,,,,Confirm whether this is a fixed or strongly preferred pairing rather than a freely generated phrase.
提携先との会議を開いた,ていけいさき,teikeisaki,We held a meeting with our partner company.,collocation,Work and Communication,neutral,Draft candidate mined from an existing Kokeniwa example. Confirm the particle and natural range during editorial review.,提携先との会議を開いた。,We held a meeting with our partner company.,,,,Confirm whether this is a fixed or strongly preferred pairing rather than a freely generated phrase.
半年かけて計画を練った,けいかくをねる,keikaku o neru,I carefully worked out the plan over six months.,collocation,Work and Communication,neutral,Draft candidate mined from an existing Kokeniwa example. Confirm the particle and natural range during editorial review.,半年かけて計画を練った。,I carefully worked out the plan over six months.,,,,Confirm whether this is a fixed or strongly preferred pairing rather than a freely generated phrase.
新しい事業の構想を練る,こうそう,kousou,I develop a plan for a new business.,collocation,Work and Communication,neutral,Draft candidate mined from an existing Kokeniwa example. Confirm the particle and natural range during editorial review.,新しい事業の構想を練る。,I develop a plan for a new business.,,,,Confirm whether this is a fixed or strongly preferred pairing rather than a freely generated phrase.
仕事の合間に夜食を食べた,やしょく,yashoku,I ate a late-night snack between work tasks.,collocation,Work and Communication,neutral,Draft candidate mined from an existing Kokeniwa example. Confirm the particle and natural range during editorial review.,仕事の合間に夜食を食べた。,I ate a late-night snack between work tasks.,,,,Confirm whether this is a fixed or strongly preferred pairing rather than a freely generated phrase.
社宅に住んで通勤している,しゃたく,shataku,I live in company housing and commute to work.,collocation,Work and Communication,neutral,Draft candidate mined from an existing Kokeniwa example. Confirm the particle and natural range during editorial review.,社宅に住んで通勤している。,I live in company housing and commute to work.,,,,Confirm whether this is a fixed or strongly preferred pairing rather than a freely generated phrase.
社内会議で新方針が決まった,しゃないかいぎ,shanai kaigi,The new policy was decided at the internal company meeting.,collocation,Work and Communication,neutral,Draft candidate mined from an existing Kokeniwa example. Confirm the particle and natural range during editorial review.,社内会議で新方針が決まった。,The new policy was decided at the internal company meeting.,,,,Confirm whether this is a fixed or strongly preferred pairing rather than a freely generated phrase.
職人技の極致と言える作品だ,きょくち,kyokuchi,It's a work that could be called the ultimate craftsmanship.,collocation,Work and Communication,neutral,Draft candidate mined from an existing Kokeniwa example. Confirm the particle and natural range during editorial review.,職人技の極致と言える作品だ。,It's a work that could be called the ultimate craftsmanship.,,,,Confirm whether this is a fixed or strongly preferred pairing rather than a freely generated phrase.
会議前に関係者へ根回しをした,ねまわし,nemawashi,He laid the groundwork with stakeholders before the meeting.,collocation,Work and Communication,neutral,Draft candidate mined from an existing Kokeniwa example. Confirm the particle and natural range during editorial review.,会議前に関係者へ根回しをした。,He laid the groundwork with stakeholders before the meeting.,,,,Confirm whether this is a fixed or strongly preferred pairing rather than a freely generated phrase.
これまでの計画をご破算にした,ごはさんにする,gohasan ni suru,They called off the plan made so far.,collocation,Work and Communication,neutral,Draft candidate mined from an existing Kokeniwa example. Confirm the particle and natural range during editorial review.,これまでの計画をご破算にした。,They called off the plan made so far.,,,,Confirm whether this is a fixed or strongly preferred pairing rather than a freely generated phrase.
来年、株式市場に上場する予定だ,じょうじょう,joujou,The company plans to list on the stock market next year.,collocation,Work and Communication,neutral,Draft candidate mined from an existing Kokeniwa example. Confirm the particle and natural range during editorial review.,来年、株式市場に上場する予定だ。,The company plans to list on the stock market next year.,,,,Confirm whether this is a fixed or strongly preferred pairing rather than a freely generated phrase.
働き方改革が社内で進められている,はたらきかたかいかく,hatarakikata kaikaku,Work style reform is being advanced within the company.,collocation,Work and Communication,neutral,Draft candidate mined from an existing Kokeniwa example. Confirm the particle and natural range during editorial review.,働き方改革が社内で進められている。,Work style reform is being advanced within the company.,,,,Confirm whether this is a fixed or strongly preferred pairing rather than a freely generated phrase.
詳細を詰める,しょうさい,shousai,Work out the details.,collocation,Work and Communication,neutral,Draft candidate mined from an existing Kokeniwa example. Confirm the particle and natural range during editorial review.,詳細を詰める。,Work out the details.,,,,Confirm whether this is a fixed or strongly preferred pairing rather than a freely generated phrase.
計画が破綻した,はたん,hatan,The plan collapsed.,collocation,Work and Communication,neutral,Draft candidate mined from an existing Kokeniwa example. Confirm the particle and natural range during editorial review.,計画が破綻した。,The plan collapsed.,,,,Confirm whether this is a fixed or strongly preferred pairing rather than a freely generated phrase.
大阪へ出張する,しゅっちょう,shucchou,I go to Osaka on business.,collocation,Work and Communication,neutral,Draft candidate mined from an existing Kokeniwa example. Confirm the particle and natural range during editorial review.,大阪へ出張する。,I go to Osaka on business.,,,,Confirm whether this is a fixed or strongly preferred pairing rather than a freely generated phrase.
事業を拡大する,かくだい,kakudai,Expand the business.,collocation,Work and Communication,neutral,Draft candidate mined from an existing Kokeniwa example. Confirm the particle and natural range during editorial review.,事業を拡大する。,Expand the business.,,,,Confirm whether this is a fixed or strongly preferred pairing rather than a freely generated phrase.
計画に反対する,はんたい,hantai,Oppose the plan.,collocation,Work and Communication,neutral,Draft candidate mined from an existing Kokeniwa example. Confirm the particle and natural range during editorial review.,計画に反対する。,Oppose the plan.,,,,Confirm whether this is a fixed or strongly preferred pairing rather than a freely generated phrase.
計画を実現する,じつげん,jitsugen,Realize the plan.,collocation,Work and Communication,neutral,Draft candidate mined from an existing Kokeniwa example. Confirm the particle and natural range during editorial review.,計画を実現する。,Realize the plan.,,,,Confirm whether this is a fixed or strongly preferred pairing rather than a freely generated phrase.
作業を監督する,かんとく,kantoku,Supervise the work.,collocation,Work and Communication,neutral,Draft candidate mined from an existing Kokeniwa example. Confirm the particle and natural range during editorial review.,作業を監督する。,Supervise the work.,,,,Confirm whether this is a fixed or strongly preferred pairing rather than a freely generated phrase.
事業を承継する,しょうけい,shoukei,Succeed the business.,collocation,Work and Communication,neutral,Draft candidate mined from an existing Kokeniwa example. Confirm the particle and natural range during editorial review.,事業を承継する。,Succeed the business.,,,,Confirm whether this is a fixed or strongly preferred pairing rather than a freely generated phrase.
帳票を印刷する,ちょうひょう,chouhyou,Print the form.,collocation,Work and Communication,neutral,Draft candidate mined from an existing Kokeniwa example. Confirm the particle and natural range during editorial review.,帳票を印刷する。,Print the form.,,,,Confirm whether this is a fixed or strongly preferred pairing rather than a freely generated phrase.
8時に出勤する,しゅっきん,shukkin,Go to work at 8.,collocation,Work and Communication,neutral,Draft candidate mined from an existing Kokeniwa example. Confirm the particle and natural range during editorial review.,8時に出勤する。,Go to work at 8.,,,,Confirm whether this is a fixed or strongly preferred pairing rather than a freely generated phrase.
勤怠を管理する,きんたい,kintai,Manage attendance.,collocation,Work and Communication,neutral,Draft candidate mined from an existing Kokeniwa example. Confirm the particle and natural range during editorial review.,勤怠を管理する。,Manage attendance.,,,,Confirm whether this is a fixed or strongly preferred pairing rather than a freely generated phrase.
進捗を報告する,ほうこく,houkoku,Report the progress.,collocation,Work and Communication,neutral,Draft candidate mined from an existing Kokeniwa example. Confirm the particle and natural range during editorial review.,進捗を報告する。,Report the progress.,,,,Confirm whether this is a fixed or strongly preferred pairing rather than a freely generated phrase.
付帯工事を行う,ふたい,futai,Carry out ancillary work.,collocation,Work and Communication,neutral,Draft candidate mined from an existing Kokeniwa example. Confirm the particle and natural range during editorial review.,付帯工事を行う。,Carry out ancillary work.,,,,Confirm whether this is a fixed or strongly preferred pairing rather than a freely generated phrase.
社長に就任した,しゅうにん,shuunin,He assumed the position of president.,collocation,Work and Communication,neutral,Draft candidate mined from an existing Kokeniwa example. Confirm the particle and natural range during editorial review.,社長に就任した。,He assumed the position of president.,,,,Confirm whether this is a fixed or strongly preferred pairing rather than a freely generated phrase.
会社を設立した,せつりつ,setsuritsu,I founded a company.,collocation,Work and Communication,neutral,Draft candidate mined from an existing Kokeniwa example. Confirm the particle and natural range during editorial review.,会社を設立した。,I founded a company.,,,,Confirm whether this is a fixed or strongly preferred pairing rather than a freely generated phrase.
計画を阻止する,そしする,soshi suru,They block the plan.,collocation,Work and Communication,neutral,Draft candidate mined from an existing Kokeniwa example. Confirm the particle and natural range during editorial review.,計画を阻止する。,They block the plan.,,,,Confirm whether this is a fixed or strongly preferred pairing rather than a freely generated phrase.
他社と提携する,ていけい,teikei,We partner with another company.,collocation,Work and Communication,neutral,Draft candidate mined from an existing Kokeniwa example. Confirm the particle and natural range during editorial review.,他社と提携する。,We partner with another company.,,,,Confirm whether this is a fixed or strongly preferred pairing rather than a freely generated phrase.
海外と取引する,とりひきする,torihiki suru,We do business overseas.,collocation,Work and Communication,neutral,Draft candidate mined from an existing Kokeniwa example. Confirm the particle and natural range during editorial review.,海外と取引する。,We do business overseas.,,,,Confirm whether this is a fixed or strongly preferred pairing rather than a freely generated phrase.
作品を批評する,ひひょう,hihyou,They review the work.,collocation,Work and Communication,neutral,Draft candidate mined from an existing Kokeniwa example. Confirm the particle and natural range during editorial review.,作品を批評する。,They review the work.,,,,Confirm whether this is a fixed or strongly preferred pairing rather than a freely generated phrase.
各駅停車でのんびり移動した,かくえきていしゃ,kakueki teisha,I traveled leisurely on the local train.,collocation,Travel and Movement,neutral,Draft candidate mined from an existing Kokeniwa example. Confirm the particle and natural range during editorial review.,各駅停車でのんびり移動した。,I traveled leisurely on the local train.,,,,Confirm whether this is a fixed or strongly preferred pairing rather than a freely generated phrase.
空港に着く,くうこう,kuukou,Arrive at the airport.,collocation,Travel and Movement,neutral,Draft candidate mined from an existing Kokeniwa example. Confirm the particle and natural range during editorial review.,空港に着く。,Arrive at the airport.,,,,Confirm whether this is a fixed or strongly preferred pairing rather than a freely generated phrase.
厳しい道を歩む,あゆむ,ayumu,I walk a hard road.,collocation,Travel and Movement,neutral,Draft candidate mined from an existing Kokeniwa example. Confirm the particle and natural range during editorial review.,厳しい道を歩む。,I walk a hard road.,,,,Confirm whether this is a fixed or strongly preferred pairing rather than a freely generated phrase.
放送局を見学した,ほうそうきょく,housoukyoku,I toured the broadcasting station.,collocation,Travel and Movement,neutral,Draft candidate mined from an existing Kokeniwa example. Confirm the particle and natural range during editorial review.,放送局を見学した。,I toured the broadcasting station.,,,,Confirm whether this is a fixed or strongly preferred pairing rather than a freely generated phrase.
道の反対側に渡る,はんたいがわ,hantaigawa,Cross to the opposite side of the road.,collocation,Travel and Movement,neutral,Draft candidate mined from an existing Kokeniwa example. Confirm the particle and natural range during editorial review.,道の反対側に渡る。,Cross to the opposite side of the road.,,,,Confirm whether this is a fixed or strongly preferred pairing rather than a freely generated phrase.
川沿いの道を歩く,かわぞい,kawazoi,I walk along the riverside road.,collocation,Travel and Movement,neutral,Draft candidate mined from an existing Kokeniwa example. Confirm the particle and natural range during editorial review.,川沿いの道を歩く。,I walk along the riverside road.,,,,Confirm whether this is a fixed or strongly preferred pairing rather than a freely generated phrase.
駅の周辺を散歩した,しゅうへん,shuuhen,I walked around the station area.,collocation,Travel and Movement,neutral,Draft candidate mined from an existing Kokeniwa example. Confirm the particle and natural range during editorial review.,駅の周辺を散歩した。,I walked around the station area.,,,,Confirm whether this is a fixed or strongly preferred pairing rather than a freely generated phrase.
駅に向かって歩いた,むかう,mukau,I walked toward the station.,collocation,Travel and Movement,neutral,Draft candidate mined from an existing Kokeniwa example. Confirm the particle and natural range during editorial review.,駅に向かって歩いた。,I walked toward the station.,,,,Confirm whether this is a fixed or strongly preferred pairing rather than a freely generated phrase.
毎年、海外旅行に行く,まいとし,maitoshi,I travel abroad every year.,collocation,Travel and Movement,neutral,Draft candidate mined from an existing Kokeniwa example. Confirm the particle and natural range during editorial review.,毎年、海外旅行に行く。,I travel abroad every year.,,,,Confirm whether this is a fixed or strongly preferred pairing rather than a freely generated phrase.
飛行場までバスで行く,ひこうじょう,hikoujou,I'll take a bus to the airport.,collocation,Travel and Movement,neutral,Draft candidate mined from an existing Kokeniwa example. Confirm the particle and natural range during editorial review.,飛行場までバスで行く。,I'll take a bus to the airport.,,,,Confirm whether this is a fixed or strongly preferred pairing rather than a freely generated phrase.
新宿駅で乗り換えが必要だ,のりかえ,norikae,A transfer is necessary at Shinjuku Station.,collocation,Travel and Movement,neutral,Draft candidate mined from an existing Kokeniwa example. Confirm the particle and natural range during editorial review.,新宿駅で乗り換えが必要だ。,A transfer is necessary at Shinjuku Station.,,,,Confirm whether this is a fixed or strongly preferred pairing rather than a freely generated phrase.
有給休暇を取って旅行した,ゆうきゅうきゅうか,yuukyuu kyuuka,I took paid leave and traveled.,collocation,Travel and Movement,neutral,Draft candidate mined from an existing Kokeniwa example. Confirm the particle and natural range during editorial review.,有給休暇を取って旅行した。,I took paid leave and traveled.,,,,Confirm whether this is a fixed or strongly preferred pairing rather than a freely generated phrase.
新幹線で大阪まで移動した,しんかんせん,shinkansen,I traveled to Osaka by bullet train.,collocation,Travel and Movement,neutral,Draft candidate mined from an existing Kokeniwa example. Confirm the particle and natural range during editorial review.,新幹線で大阪まで移動した。,I traveled to Osaka by bullet train.,,,,Confirm whether this is a fixed or strongly preferred pairing rather than a freely generated phrase.
ビジネスマナー研修を受けた,びじねすまなー,bijinesu manaa,I attended a business manners training.,collocation,Travel and Movement,neutral,Draft candidate mined from an existing Kokeniwa example. Confirm the particle and natural range during editorial review.,ビジネスマナー研修を受けた。,I attended a business manners training.,,,,Confirm whether this is a fixed or strongly preferred pairing rather than a freely generated phrase.
ホテルの送迎バスを利用した,そうげいばす,sougei basu,I used the hotel's shuttle bus.,collocation,Travel and Movement,neutral,Draft candidate mined from an existing Kokeniwa example. Confirm the particle and natural range during editorial review.,ホテルの送迎バスを利用した。,I used the hotel's shuttle bus.,,,,Confirm whether this is a fixed or strongly preferred pairing rather than a freely generated phrase.
人生の岐路に立たされている,きろ,kiro,He stands at a crossroads in his life.,collocation,Travel and Movement,neutral,Draft candidate mined from an existing Kokeniwa example. Confirm the particle and natural range during editorial review.,人生の岐路に立たされている。,He stands at a crossroads in his life.,,,,Confirm whether this is a fixed or strongly preferred pairing rather than a freely generated phrase.
時流に乗って事業を拡大した,じりゅうにのる,jiryuu ni noru,They expanded the business by riding the trend of the times.,collocation,Travel and Movement,neutral,Draft candidate mined from an existing Kokeniwa example. Confirm the particle and natural range during editorial review.,時流に乗って事業を拡大した。,They expanded the business by riding the trend of the times.,,,,Confirm whether this is a fixed or strongly preferred pairing rather than a freely generated phrase.
ホテルの予約確認メールが届いた,よやくかくにん,yoyaku kakunin,A hotel reservation confirmation email arrived.,collocation,Travel and Movement,neutral,Draft candidate mined from an existing Kokeniwa example. Confirm the particle and natural range during editorial review.,ホテルの予約確認メールが届いた。,A hotel reservation confirmation email arrived.,,,,Confirm whether this is a fixed or strongly preferred pairing rather than a freely generated phrase.
車内アナウンスで次の駅を確認した,しゃないあなうんす,shanai anaunsu,I confirmed the next station from the in-train announcement.,collocation,Travel and Movement,neutral,Draft candidate mined from an existing Kokeniwa example. Confirm the particle and natural range during editorial review.,車内アナウンスで次の駅を確認した。,I confirmed the next station from the in-train announcement.,,,,Confirm whether this is a fixed or strongly preferred pairing rather than a freely generated phrase.
駅で待つ,えき,eki,Wait at the station.,collocation,Travel and Movement,neutral,Draft candidate mined from an existing Kokeniwa example. Confirm the particle and natural range during editorial review.,駅で待つ。,Wait at the station.,,,,Confirm whether this is a fixed or strongly preferred pairing rather than a freely generated phrase.
道に迷う,みち,michi,Get lost on the way.,collocation,Travel and Movement,neutral,Draft candidate mined from an existing Kokeniwa example. Confirm the particle and natural range during editorial review.,道に迷う。,Get lost on the way.,,,,Confirm whether this is a fixed or strongly preferred pairing rather than a freely generated phrase.
橋を渡る,はし,hashi,Cross the bridge.,collocation,Travel and Movement,neutral,Draft candidate mined from an existing Kokeniwa example. Confirm the particle and natural range during editorial review.,橋を渡る。,Cross the bridge.,,,,Confirm whether this is a fixed or strongly preferred pairing rather than a freely generated phrase.
電車が遅い,おそい,osoi,The train is late.,collocation,Travel and Movement,neutral,Draft candidate mined from an existing Kokeniwa example. Confirm the particle and natural range during editorial review.,電車が遅い。,The train is late.,,,,Confirm whether this is a fixed or strongly preferred pairing rather than a freely generated phrase.
バスに乗る,ばす,basu,Get on a bus.,collocation,Travel and Movement,neutral,Draft candidate mined from an existing Kokeniwa example. Confirm the particle and natural range during editorial review.,バスに乗る。,Get on a bus.,,,,Confirm whether this is a fixed or strongly preferred pairing rather than a freely generated phrase.
電車で行く,でんしゃ,densha,Go by train.,collocation,Travel and Movement,neutral,Draft candidate mined from an existing Kokeniwa example. Confirm the particle and natural range during editorial review.,電車で行く。,Go by train.,,,,Confirm whether this is a fixed or strongly preferred pairing rather than a freely generated phrase.
川を越える,こえる,koeru,Cross the river.,collocation,Travel and Movement,neutral,Draft candidate mined from an existing Kokeniwa example. Confirm the particle and natural range during editorial review.,川を越える。,Cross the river.,,,,Confirm whether this is a fixed or strongly preferred pairing rather than a freely generated phrase.
春が訪れた,おとずれる,otozureru,Spring has arrived.,collocation,Travel and Movement,neutral,Draft candidate mined from an existing Kokeniwa example. Confirm the particle and natural range during editorial review.,春が訪れた。,Spring has arrived.,,,,Confirm whether this is a fixed or strongly preferred pairing rather than a freely generated phrase.
自転車に乗る,じてんしゃ,jitensha,Ride a bicycle.,collocation,Travel and Movement,neutral,Draft candidate mined from an existing Kokeniwa example. Confirm the particle and natural range during editorial review.,自転車に乗る。,Ride a bicycle.,,,,Confirm whether this is a fixed or strongly preferred pairing rather than a freely generated phrase.
利益を還元する,かんげん,kangen,Return profits.,collocation,Travel and Movement,neutral,Draft candidate mined from an existing Kokeniwa example. Confirm the particle and natural range during editorial review.,利益を還元する。,Return profits.,,,,Confirm whether this is a fixed or strongly preferred pairing rather than a freely generated phrase.
有給休暇を取る,きゅうか,kyuuka,Take paid leave.,collocation,Travel and Movement,neutral,Draft candidate mined from an existing Kokeniwa example. Confirm the particle and natural range during editorial review.,有給休暇を取る。,Take paid leave.,,,,Confirm whether this is a fixed or strongly preferred pairing rather than a freely generated phrase.
名簿と照合する,しょうごう,shougou,I cross-check with the list.,collocation,Travel and Movement,neutral,Draft candidate mined from an existing Kokeniwa example. Confirm the particle and natural range during editorial review.,名簿と照合する。,I cross-check with the list.,,,,Confirm whether this is a fixed or strongly preferred pairing rather than a freely generated phrase.
道路を整備する,せいびする,seibi suru,They maintain the roads.,collocation,Travel and Movement,neutral,Draft candidate mined from an existing Kokeniwa example. Confirm the particle and natural range during editorial review.,道路を整備する。,They maintain the roads.,,,,Confirm whether this is a fixed or strongly preferred pairing rather than a freely generated phrase.
人材を養成する,ようせい,yousei,We train human resources.,collocation,Travel and Movement,neutral,Draft candidate mined from an existing Kokeniwa example. Confirm the particle and natural range during editorial review.,人材を養成する。,We train human resources.,,,,Confirm whether this is a fixed or strongly preferred pairing rather than a freely generated phrase.
感情を抑制する,よくせいする,yokusei suru,I restrain my emotions.,collocation,Travel and Movement,neutral,Draft candidate mined from an existing Kokeniwa example. Confirm the particle and natural range during editorial review.,感情を抑制する。,I restrain my emotions.,,,,Confirm whether this is a fixed or strongly preferred pairing rather than a freely generated phrase.
体を鍛えている,きたえる,kitaeru,I am training my body.,collocation,Travel and Movement,neutral,Draft candidate mined from an existing Kokeniwa example. Confirm the particle and natural range during editorial review.,体を鍛えている。,I am training my body.,,,,Confirm whether this is a fixed or strongly preferred pairing rather than a freely generated phrase.
不良品を返品する,へんぴん,henpin,Return a defective product.,collocation,Travel and Movement,neutral,Draft candidate mined from an existing Kokeniwa example. Confirm the particle and natural range during editorial review.,不良品を返品する。,Return a defective product.,,,,Confirm whether this is a fixed or strongly preferred pairing rather than a freely generated phrase.
新商品が入荷した,にゅうか,nyuuka,New products have arrived.,collocation,Travel and Movement,neutral,Draft candidate mined from an existing Kokeniwa example. Confirm the particle and natural range during editorial review.,新商品が入荷した。,New products have arrived.,,,,Confirm whether this is a fixed or strongly preferred pairing rather than a freely generated phrase.
世界中を旅したい,せかい,sekai,I want to travel all over the world.,collocation,Travel and Movement,neutral,Draft candidate mined from an existing Kokeniwa example. Confirm the particle and natural range during editorial review.,世界中を旅したい。,I want to travel all over the world.,,,,Confirm whether this is a fixed or strongly preferred pairing rather than a freely generated phrase.
国内旅行が好きだ,こくない,kokunai,I like domestic travel.,collocation,Travel and Movement,neutral,Draft candidate mined from an existing Kokeniwa example. Confirm the particle and natural range during editorial review.,国内旅行が好きだ。,I like domestic travel.,,,,Confirm whether this is a fixed or strongly preferred pairing rather than a freely generated phrase.
次の駅で下車する,げしゃ,gesha,I get off at the next station.,collocation,Travel and Movement,neutral,Draft candidate mined from an existing Kokeniwa example. Confirm the particle and natural range during editorial review.,次の駅で下車する。,I get off at the next station.,,,,Confirm whether this is a fixed or strongly preferred pairing rather than a freely generated phrase.
社長の戻りを待つ,もどり,modori,I wait for the president's return.,collocation,Travel and Movement,neutral,Draft candidate mined from an existing Kokeniwa example. Confirm the particle and natural range during editorial review.,社長の戻りを待つ。,I wait for the president's return.,,,,Confirm whether this is a fixed or strongly preferred pairing rather than a freely generated phrase.
自由を束縛される,そくばく,sokubaku,My freedom is restricted.,collocation,Travel and Movement,neutral,Draft candidate mined from an existing Kokeniwa example. Confirm the particle and natural range during editorial review.,自由を束縛される。,My freedom is restricted.,,,,Confirm whether this is a fixed or strongly preferred pairing rather than a freely generated phrase.
ホテルを手配した,てはい,tehai,I arranged a hotel.,collocation,Travel and Movement,neutral,Draft candidate mined from an existing Kokeniwa example. Confirm the particle and natural range during editorial review.,ホテルを手配した。,I arranged a hotel.,,,,Confirm whether this is a fixed or strongly preferred pairing rather than a freely generated phrase.
この道は幅が狭い,はば,haba,This road is narrow in width.,collocation,Travel and Movement,neutral,Draft candidate mined from an existing Kokeniwa example. Confirm the particle and natural range during editorial review.,この道は幅が狭い。,This road is narrow in width.,,,,Confirm whether this is a fixed or strongly preferred pairing rather than a freely generated phrase.
税金が還付される,かんぷ,kanpu,The tax is refunded.,collocation,Travel and Movement,neutral,Draft candidate mined from an existing Kokeniwa example. Confirm the particle and natural range during editorial review.,税金が還付される。,The tax is refunded.,,,,Confirm whether this is a fixed or strongly preferred pairing rather than a freely generated phrase.
音楽の素養がある,そよう,soyou,He has a foundation in music.,collocation,Travel and Movement,neutral,Draft candidate mined from an existing Kokeniwa example. Confirm the particle and natural range during editorial review.,音楽の素養がある。,He has a foundation in music.,,,,Confirm whether this is a fixed or strongly preferred pairing rather than a freely generated phrase.
駅で案内してもらう,あんない,annai,I get directions at the station.,collocation,Travel and Movement,neutral,Draft candidate mined from an existing Kokeniwa example. Confirm the particle and natural range during editorial review.,駅で案内してもらう。,I get directions at the station.,,,,Confirm whether this is a fixed or strongly preferred pairing rather than a freely generated phrase.
物価上昇を抑制する,よくせい,yokusei,Curb inflation.,collocation,Travel and Movement,neutral,Draft candidate mined from an existing Kokeniwa example. Confirm the particle and natural range during editorial review.,物価上昇を抑制する。,Curb inflation.,,,,Confirm whether this is a fixed or strongly preferred pairing rather than a freely generated phrase.
来月から産休に入る,さんきゅう,sankyuu,I will start maternity leave next month.,collocation,Travel and Movement,neutral,Draft candidate mined from an existing Kokeniwa example. Confirm the particle and natural range during editorial review.,来月から産休に入る。,I will start maternity leave next month.,,,,Confirm whether this is a fixed or strongly preferred pairing rather than a freely generated phrase.
夫も育休を取得した,いくきゅう,ikukyuu,My husband also took childcare leave.,collocation,Travel and Movement,neutral,Draft candidate mined from an existing Kokeniwa example. Confirm the particle and natural range during editorial review.,夫も育休を取得した。,My husband also took childcare leave.,,,,Confirm whether this is a fixed or strongly preferred pairing rather than a freely generated phrase.
薬の作用で眠くなる,さよう,sayou,I get sleepy from the medicine's effect.,collocation,Health and the Body,neutral,Draft candidate mined from an existing Kokeniwa example. Confirm the particle and natural range during editorial review.,薬の作用で眠くなる。,I get sleepy from the medicine's effect.,,,,Confirm whether this is a fixed or strongly preferred pairing rather than a freely generated phrase.
痛みを医者に訴えた,うったえる,uttaeru,I complained of the pain to the doctor.,collocation,Health and the Body,neutral,Draft candidate mined from an existing Kokeniwa example. Confirm the particle and natural range during editorial review.,痛みを医者に訴えた。,I complained of the pain to the doctor.,,,,Confirm whether this is a fixed or strongly preferred pairing rather than a freely generated phrase.
痛みを薬で和らげた,やわらげる,yawarageru,I eased the pain with medicine.,collocation,Health and the Body,neutral,Draft candidate mined from an existing Kokeniwa example. Confirm the particle and natural range during editorial review.,痛みを薬で和らげた。,I eased the pain with medicine.,,,,Confirm whether this is a fixed or strongly preferred pairing rather than a freely generated phrase.
適度な運動が体にいい,てきど,tekido,Moderate exercise is good for the body.,collocation,Health and the Body,neutral,Draft candidate mined from an existing Kokeniwa example. Confirm the particle and natural range during editorial review.,適度な運動が体にいい。,Moderate exercise is good for the body.,,,,Confirm whether this is a fixed or strongly preferred pairing rather than a freely generated phrase.
入院した友人を見舞った,みまう,mimau,I visited my hospitalized friend.,collocation,Health and the Body,neutral,Draft candidate mined from an existing Kokeniwa example. Confirm the particle and natural range during editorial review.,入院した友人を見舞った。,I visited my hospitalized friend.,,,,Confirm whether this is a fixed or strongly preferred pairing rather than a freely generated phrase.
不眠不休で復旧作業にあたった,ふみんふきゅう,fumin fukyuu,They worked on the recovery without sleep or rest.,collocation,Health and the Body,neutral,Draft candidate mined from an existing Kokeniwa example. Confirm the particle and natural range during editorial review.,不眠不休で復旧作業にあたった。,They worked on the recovery without sleep or rest.,,,,Confirm whether this is a fixed or strongly preferred pairing rather than a freely generated phrase.
病院へ行く,びょういん,byouin,Go to the hospital.,collocation,Health and the Body,neutral,Draft candidate mined from an existing Kokeniwa example. Confirm the particle and natural range during editorial review.,病院へ行く。,Go to the hospital.,,,,Confirm whether this is a fixed or strongly preferred pairing rather than a freely generated phrase.
迅速に対応する,たいおう,taiou,Respond quickly.,collocation,Health and the Body,neutral,Draft candidate mined from an existing Kokeniwa example. Confirm the particle and natural range during editorial review.,迅速に対応する。,Respond quickly.,,,,Confirm whether this is a fixed or strongly preferred pairing rather than a freely generated phrase.
手数料がかかる,てすうりょう,tesuuryou,A handling fee is charged.,collocation,Health and the Body,neutral,Draft candidate mined from an existing Kokeniwa example. Confirm the particle and natural range during editorial review.,手数料がかかる。,A handling fee is charged.,,,,Confirm whether this is a fixed or strongly preferred pairing rather than a freely generated phrase.
木の影で休んだ,かげ,kage,I rested in the shade of a tree.,collocation,Health and the Body,neutral,Draft candidate mined from an existing Kokeniwa example. Confirm the particle and natural range during editorial review.,木の影で休んだ。,I rested in the shade of a tree.,,,,Confirm whether this is a fixed or strongly preferred pairing rather than a freely generated phrase.
体に異常はない,いじょう,ijou,There is nothing wrong with my body.,collocation,Health and the Body,neutral,Draft candidate mined from an existing Kokeniwa example. Confirm the particle and natural range during editorial review.,体に異常はない。,There is nothing wrong with my body.,,,,Confirm whether this is a fixed or strongly preferred pairing rather than a freely generated phrase.
電気が復旧した,ふっきゅう,fukkyuu,The power was restored.,collocation,Health and the Body,neutral,Draft candidate mined from an existing Kokeniwa example. Confirm the particle and natural range during editorial review.,電気が復旧した。,The power was restored.,,,,Confirm whether this is a fixed or strongly preferred pairing rather than a freely generated phrase.
祖母を介護する,かいごする,kaigo suru,I care for my grandmother.,collocation,Health and the Body,neutral,Draft candidate mined from an existing Kokeniwa example. Confirm the particle and natural range during editorial review.,祖母を介護する。,I care for my grandmother.,,,,Confirm whether this is a fixed or strongly preferred pairing rather than a freely generated phrase.
取扱いに注意する,とりあつかい,toriatsukai,Handle with care.,collocation,Health and the Body,neutral,Draft candidate mined from an existing Kokeniwa example. Confirm the particle and natural range during editorial review.,取扱いに注意する。,Handle with care.,,,,Confirm whether this is a fixed or strongly preferred pairing rather than a freely generated phrase.
足の痛みが取れた,いたみ,itami,The pain in my leg went away.,collocation,Health and the Body,neutral,Draft candidate mined from an existing Kokeniwa example. Confirm the particle and natural range during editorial review.,足の痛みが取れた。,The pain in my leg went away.,,,,Confirm whether this is a fixed or strongly preferred pairing rather than a freely generated phrase.
競争で優位に立つ,ゆうい,yuui,We gain the upper hand in competition.,collocation,Health and the Body,neutral,Draft candidate mined from an existing Kokeniwa example. Confirm the particle and natural range during editorial review.,競争で優位に立つ。,We gain the upper hand in competition.,,,,Confirm whether this is a fixed or strongly preferred pairing rather than a freely generated phrase.
眼鏡を外して休む,はずす,hazusu,I take off my glasses and rest.,collocation,Health and the Body,neutral,Draft candidate mined from an existing Kokeniwa example. Confirm the particle and natural range during editorial review.,眼鏡を外して休む。,I take off my glasses and rest.,,,,Confirm whether this is a fixed or strongly preferred pairing rather than a freely generated phrase.
手を離さないでね,はなす,hanasu,Don't let go of my hand.,collocation,Health and the Body,neutral,Draft candidate mined from an existing Kokeniwa example. Confirm the particle and natural range during editorial review.,手を離さないでね。,Don't let go of my hand.,,,,Confirm whether this is a fixed or strongly preferred pairing rather than a freely generated phrase.
冷淡な態度を取る,れいたん,reitan,He takes a cold attitude.,collocation,Health and the Body,neutral,Draft candidate mined from an existing Kokeniwa example. Confirm the particle and natural range during editorial review.,冷淡な態度を取る。,He takes a cold attitude.,,,,Confirm whether this is a fixed or strongly preferred pairing rather than a freely generated phrase.
元来、体が丈夫だ,がんらい,ganrai,I am naturally healthy.,collocation,Health and the Body,neutral,Draft candidate mined from an existing Kokeniwa example. Confirm the particle and natural range during editorial review.,元来、体が丈夫だ。,I am naturally healthy.,,,,Confirm whether this is a fixed or strongly preferred pairing rather than a freely generated phrase.
風邪の予防をする,よぼう,yobou,I take measures to prevent colds.,collocation,Health and the Body,neutral,Draft candidate mined from an existing Kokeniwa example. Confirm the particle and natural range during editorial review.,風邪の予防をする。,I take measures to prevent colds.,,,,Confirm whether this is a fixed or strongly preferred pairing rather than a freely generated phrase.
容疑者を検挙する,けんきょ,kenkyo,They arrest the suspect.,collocation,Health and the Body,neutral,Draft candidate mined from an existing Kokeniwa example. Confirm the particle and natural range during editorial review.,容疑者を検挙する。,They arrest the suspect.,,,,Confirm whether this is a fixed or strongly preferred pairing rather than a freely generated phrase.
この薬は効果がある,こうか,kouka,This medicine is effective.,collocation,Health and the Body,neutral,Draft candidate mined from an existing Kokeniwa example. Confirm the particle and natural range during editorial review.,この薬は効果がある。,This medicine is effective.,,,,Confirm whether this is a fixed or strongly preferred pairing rather than a freely generated phrase.
交通規制が行われた,きせい,kisei,Traffic restrictions were put in place.,collocation,Health and the Body,neutral,Draft candidate mined from an existing Kokeniwa example. Confirm the particle and natural range during editorial review.,交通規制が行われた。,Traffic restrictions were put in place.,,,,Confirm whether this is a fixed or strongly preferred pairing rather than a freely generated phrase.
手を上げて合図した,あいず,aizu,I signaled by raising my hand.,collocation,Health and the Body,neutral,Draft candidate mined from an existing Kokeniwa example. Confirm the particle and natural range during editorial review.,手を上げて合図した。,I signaled by raising my hand.,,,,Confirm whether this is a fixed or strongly preferred pairing rather than a freely generated phrase.
容疑者が逮捕された,たいほ,taiho,The suspect was arrested.,collocation,Health and the Body,neutral,Draft candidate mined from an existing Kokeniwa example. Confirm the particle and natural range during editorial review.,容疑者が逮捕された。,The suspect was arrested.,,,,Confirm whether this is a fixed or strongly preferred pairing rather than a freely generated phrase.
手軽に作れる料理だ,てがる,tegaru,It's a dish you can make easily.,collocation,Health and the Body,neutral,Draft candidate mined from an existing Kokeniwa example. Confirm the particle and natural range during editorial review.,手軽に作れる料理だ。,It's a dish you can make easily.,,,,Confirm whether this is a fixed or strongly preferred pairing rather than a freely generated phrase.
事実が歪んで伝わる,ゆがむ,yugamu,The facts are conveyed in a distorted way.,collocation,Health and the Body,neutral,Draft candidate mined from an existing Kokeniwa example. Confirm the particle and natural range during editorial review.,事実が歪んで伝わる。,The facts are conveyed in a distorted way.,,,,Confirm whether this is a fixed or strongly preferred pairing rather than a freely generated phrase.
弟を庇って叱られた,かばう,kabau,I got scolded for covering for my brother.,collocation,Health and the Body,neutral,Draft candidate mined from an existing Kokeniwa example. Confirm the particle and natural range during editorial review.,弟を庇って叱られた。,I got scolded for covering for my brother.,,,,Confirm whether this is a fixed or strongly preferred pairing rather than a freely generated phrase.
資料を全員に配った,くばる,kubaru,I handed out the materials to everyone.,collocation,Health and the Body,neutral,Draft candidate mined from an existing Kokeniwa example. Confirm the particle and natural range during editorial review.,資料を全員に配った。,I handed out the materials to everyone.,,,,Confirm whether this is a fixed or strongly preferred pairing rather than a freely generated phrase.
健康志向の人が増えた,しこう,shikou,Health-conscious people have increased.,collocation,Health and the Body,neutral,Draft candidate mined from an existing Kokeniwa example. Confirm the particle and natural range during editorial review.,健康志向の人が増えた。,Health-conscious people have increased.,,,,Confirm whether this is a fixed or strongly preferred pairing rather than a freely generated phrase.
高級品を取り扱う店だ,とりあつかう,toriatsukau,It's a store dealing in luxury goods.,collocation,Health and the Body,neutral,Draft candidate mined from an existing Kokeniwa example. Confirm the particle and natural range during editorial review.,高級品を取り扱う店だ。,It's a store dealing in luxury goods.,,,,Confirm whether this is a fixed or strongly preferred pairing rather than a freely generated phrase.
医師は骨折と見立てた,みたてる,mitateru,The doctor diagnosed it as a fracture.,collocation,Health and the Body,neutral,Draft candidate mined from an existing Kokeniwa example. Confirm the particle and natural range during editorial review.,医師は骨折と見立てた。,The doctor diagnosed it as a fracture.,,,,Confirm whether this is a fixed or strongly preferred pairing rather than a freely generated phrase.
ハンドルを右に回した,まわす,mawasu,I turned the handle to the right.,collocation,Health and the Body,neutral,Draft candidate mined from an existing Kokeniwa example. Confirm the particle and natural range during editorial review.,ハンドルを右に回した。,I turned the handle to the right.,,,,Confirm whether this is a fixed or strongly preferred pairing rather than a freely generated phrase.
舞台の演出を担当する,えんしゅつ,enshutsu,I handle the stage direction.,collocation,Health and the Body,neutral,Draft candidate mined from an existing Kokeniwa example. Confirm the particle and natural range during editorial review.,舞台の演出を担当する。,I handle the stage direction.,,,,Confirm whether this is a fixed or strongly preferred pairing rather than a freely generated phrase.
苦心の末に完成させた,くしん,kushin,He completed it after much hard effort.,collocation,Health and the Body,neutral,Draft candidate mined from an existing Kokeniwa example. Confirm the particle and natural range during editorial review.,苦心の末に完成させた。,He completed it after much hard effort.,,,,Confirm whether this is a fixed or strongly preferred pairing rather than a freely generated phrase.
体温を測ってください,たいおん,taion,Please take your temperature.,collocation,Health and the Body,neutral,Draft candidate mined from an existing Kokeniwa example. Confirm the particle and natural range during editorial review.,体温を測ってください。,Please take your temperature.,,,,Confirm whether this is a fixed or strongly preferred pairing rather than a freely generated phrase.
機先を制して発表した,きせんをせいする,kisen o seisuru,They forestalled others by making the announcement first.,collocation,Health and the Body,neutral,Draft candidate mined from an existing Kokeniwa example. Confirm the particle and natural range during editorial review.,機先を制して発表した。,They forestalled others by making the announcement first.,,,,Confirm whether this is a fixed or strongly preferred pairing rather than a freely generated phrase.
体に気をつけてください,からだ,karada,Please take care of yourself.,collocation,Health and the Body,neutral,Draft candidate mined from an existing Kokeniwa example. Confirm the particle and natural range during editorial review.,体に気をつけてください。,Please take care of yourself.,,,,Confirm whether this is a fixed or strongly preferred pairing rather than a freely generated phrase.
ゆっくり休んでください,ゆっくり,yukkuri,Please rest well.,collocation,Health and the Body,neutral,Draft candidate mined from an existing Kokeniwa example. Confirm the particle and natural range during editorial review.,ゆっくり休んでください。,Please rest well.,,,,Confirm whether this is a fixed or strongly preferred pairing rather than a freely generated phrase.
発病してから半年が経つ,はつびょう,hatsubyou,Half a year has passed since I got sick.,collocation,Health and the Body,neutral,Draft candidate mined from an existing Kokeniwa example. Confirm the particle and natural range during editorial review.,発病してから半年が経つ。,Half a year has passed since I got sick.,,,,Confirm whether this is a fixed or strongly preferred pairing rather than a freely generated phrase.
しっかりと手すりを握る,にぎる,nigiru,I grip the handrail firmly.,collocation,Health and the Body,neutral,Draft candidate mined from an existing Kokeniwa example. Confirm the particle and natural range during editorial review.,しっかりと手すりを握る。,I grip the handrail firmly.,,,,Confirm whether this is a fixed or strongly preferred pairing rather than a freely generated phrase.
伝統文化の再興を目指す,さいこう,saikou,They aim for the revival of traditional culture.,collocation,Health and the Body,neutral,Draft candidate mined from an existing Kokeniwa example. Confirm the particle and natural range during editorial review.,伝統文化の再興を目指す。,They aim for the revival of traditional culture.,,,,Confirm whether this is a fixed or strongly preferred pairing rather than a freely generated phrase.
こんばんは、寒いですね,こんばんは,konbanwa,"Good evening. It's cold, isn't it?",collocation,Health and the Body,neutral,Draft candidate mined from an existing Kokeniwa example. Confirm the particle and natural range during editorial review.,こんばんは、寒いですね。,"Good evening. It's cold, isn't it?",,,,Confirm whether this is a fixed or strongly preferred pairing rather than a freely generated phrase.
渾身の力を込めて投げた,こんしん,konshin,He threw with all his might.,collocation,Health and the Body,neutral,Draft candidate mined from an existing Kokeniwa example. Confirm the particle and natural range during editorial review.,渾身の力を込めて投げた。,He threw with all his might.,,,,Confirm whether this is a fixed or strongly preferred pairing rather than a freely generated phrase.
絵の具が混ざって濁った,まざる,mazaru,The paints mixed and got muddy.,collocation,Health and the Body,neutral,Draft candidate mined from an existing Kokeniwa example. Confirm the particle and natural range during editorial review.,絵の具が混ざって濁った。,The paints mixed and got muddy.,,,,Confirm whether this is a fixed or strongly preferred pairing rather than a freely generated phrase.
痛みに呻きながら耐えた,うめく,umeku,"He endured it, groaning in pain.",collocation,Health and the Body,neutral,Draft candidate mined from an existing Kokeniwa example. Confirm the particle and natural range during editorial review.,痛みに呻きながら耐えた。,"He endured it, groaning in pain.",,,,Confirm whether this is a fixed or strongly preferred pairing rather than a freely generated phrase.
首謀者として逮捕された,しゅぼうしゃ,shubousha,He was arrested as the ringleader.,collocation,Health and the Body,neutral,Draft candidate mined from an existing Kokeniwa example. Confirm the particle and natural range during editorial review.,首謀者として逮捕された。,He was arrested as the ringleader.,,,,Confirm whether this is a fixed or strongly preferred pairing rather than a freely generated phrase.
美術品を見る眼識がある,がんしき,ganshiki,He has a discerning eye for art.,collocation,Health and the Body,neutral,Draft candidate mined from an existing Kokeniwa example. Confirm the particle and natural range during editorial review.,美術品を見る眼識がある。,He has a discerning eye for art.,,,,Confirm whether this is a fixed or strongly preferred pairing rather than a freely generated phrase.
束の間の休息を楽しんだ,つかのまの,tsukanoma no,He enjoyed a momentary rest.,collocation,Health and the Body,neutral,Draft candidate mined from an existing Kokeniwa example. Confirm the particle and natural range during editorial review.,束の間の休息を楽しんだ。,He enjoyed a momentary rest.,,,,Confirm whether this is a fixed or strongly preferred pairing rather than a freely generated phrase.
納期を前倒しする,まえだおし,mae daoshi,Move up the delivery date.,collocation,Society and Plans,neutral,Draft candidate mined from an existing Kokeniwa example. Confirm the particle and natural range during editorial review.,納期を前倒しする。,Move up the delivery date.,,,,Confirm whether this is a fixed or strongly preferred pairing rather than a freely generated phrase.
不合格の知らせに落胆した,らくたん,rakutan,He was discouraged by the news of failure.,collocation,Society and Plans,neutral,Draft candidate mined from an existing Kokeniwa example. Confirm the particle and natural range during editorial review.,不合格の知らせに落胆した。,He was discouraged by the news of failure.,,,,Confirm whether this is a fixed or strongly preferred pairing rather than a freely generated phrase.
規則を守る,きそく,kisoku,I obey the rules.,collocation,Society and Plans,neutral,Draft candidate mined from an existing Kokeniwa example. Confirm the particle and natural range during editorial review.,規則を守る。,I obey the rules.,,,,Confirm whether this is a fixed or strongly preferred pairing rather than a freely generated phrase.
予定を伝える,つたえる,tsutaeru,I tell the schedule.,collocation,Society and Plans,neutral,Draft candidate mined from an existing Kokeniwa example. Confirm the particle and natural range during editorial review.,予定を伝える。,I tell the schedule.,,,,Confirm whether this is a fixed or strongly preferred pairing rather than a freely generated phrase.
結果を掲載する,けいさい,keisai,Publish the results.,collocation,Society and Plans,neutral,Draft candidate mined from an existing Kokeniwa example. Confirm the particle and natural range during editorial review.,結果を掲載する。,Publish the results.,,,,Confirm whether this is a fixed or strongly preferred pairing rather than a freely generated phrase.
手順を周知する,しゅうち,shuuchi,Make the procedures known to all.,collocation,Society and Plans,neutral,Draft candidate mined from an existing Kokeniwa example. Confirm the particle and natural range during editorial review.,手順を周知する。,Make the procedures known to all.,,,,Confirm whether this is a fixed or strongly preferred pairing rather than a freely generated phrase.
規約を適用する,てきよう,tekiyou,Apply the rules.,collocation,Society and Plans,neutral,Draft candidate mined from an existing Kokeniwa example. Confirm the particle and natural range during editorial review.,規約を適用する。,Apply the rules.,,,,Confirm whether this is a fixed or strongly preferred pairing rather than a freely generated phrase.
予定を変更する,へんこう,henkou,Change the schedule.,collocation,Society and Plans,neutral,Draft candidate mined from an existing Kokeniwa example. Confirm the particle and natural range during editorial review.,予定を変更する。,Change the schedule.,,,,Confirm whether this is a fixed or strongly preferred pairing rather than a freely generated phrase.
料金を改定する,かいてい,kaitei,Revise the fees.,collocation,Society and Plans,neutral,Draft candidate mined from an existing Kokeniwa example. Confirm the particle and natural range during editorial review.,料金を改定する。,Revise the fees.,,,,Confirm whether this is a fixed or strongly preferred pairing rather than a freely generated phrase.
日程を調整する,にってい,nittei,Adjust the schedule.,collocation,Society and Plans,neutral,Draft candidate mined from an existing Kokeniwa example. Confirm the particle and natural range during editorial review.,日程を調整する。,Adjust the schedule.,,,,Confirm whether this is a fixed or strongly preferred pairing rather than a freely generated phrase.
契約を更新した,こうしんする,koushin suru,I renewed the contract.,collocation,Society and Plans,neutral,Draft candidate mined from an existing Kokeniwa example. Confirm the particle and natural range during editorial review.,契約を更新した。,I renewed the contract.,,,,Confirm whether this is a fixed or strongly preferred pairing rather than a freely generated phrase.
結果を公表する,こうひょう,kouhyou,We announce the results publicly.,collocation,Society and Plans,neutral,Draft candidate mined from an existing Kokeniwa example. Confirm the particle and natural range during editorial review.,結果を公表する。,We announce the results publicly.,,,,Confirm whether this is a fixed or strongly preferred pairing rather than a freely generated phrase.
規則を遵守する,じゅんしゅする,junshu suru,We comply with the rules.,collocation,Society and Plans,neutral,Draft candidate mined from an existing Kokeniwa example. Confirm the particle and natural range during editorial review.,規則を遵守する。,We comply with the rules.,,,,Confirm whether this is a fixed or strongly preferred pairing rather than a freely generated phrase.
公金を横領する,おうりょう,ouryou,He embezzles public funds.,collocation,Society and Plans,neutral,Draft candidate mined from an existing Kokeniwa example. Confirm the particle and natural range during editorial review.,公金を横領する。,He embezzles public funds.,,,,Confirm whether this is a fixed or strongly preferred pairing rather than a freely generated phrase.
歓迎会を催した,もよおす,moyoosu,We held a welcome party.,collocation,Society and Plans,neutral,Draft candidate mined from an existing Kokeniwa example. Confirm the particle and natural range during editorial review.,歓迎会を催した。,We held a welcome party.,,,,Confirm whether this is a fixed or strongly preferred pairing rather than a freely generated phrase.
将来の夢を描く,えがく,egaku,I picture my future dreams.,collocation,Society and Plans,neutral,Draft candidate mined from an existing Kokeniwa example. Confirm the particle and natural range during editorial review.,将来の夢を描く。,I picture my future dreams.,,,,Confirm whether this is a fixed or strongly preferred pairing rather than a freely generated phrase.
施行期日を定める,しこうきじつ,shikou kijitsu,Set the effective date.,collocation,Society and Plans,neutral,Draft candidate mined from an existing Kokeniwa example. Confirm the particle and natural range during editorial review.,施行期日を定める。,Set the effective date.,,,,Confirm whether this is a fixed or strongly preferred pairing rather than a freely generated phrase.
行政の対応が遅い,ぎょうせい,gyousei,The government response is slow.,collocation,Society and Plans,neutral,Draft candidate mined from an existing Kokeniwa example. Confirm the particle and natural range during editorial review.,行政の対応が遅い。,The government response is slow.,,,,Confirm whether this is a fixed or strongly preferred pairing rather than a freely generated phrase.
展示会を開催する,かいさいする,kaisai suru,We hold an exhibition.,collocation,Society and Plans,neutral,Draft candidate mined from an existing Kokeniwa example. Confirm the particle and natural range during editorial review.,展示会を開催する。,We hold an exhibition.,,,,Confirm whether this is a fixed or strongly preferred pairing rather than a freely generated phrase.
土壇場で逆転した,どたんば,dotanba,They turned it around at the eleventh hour.,collocation,Society and Plans,neutral,Draft candidate mined from an existing Kokeniwa example. Confirm the particle and natural range during editorial review.,土壇場で逆転した。,They turned it around at the eleventh hour.,,,,Confirm whether this is a fixed or strongly preferred pairing rather than a freely generated phrase.
有効期限を確認する,きげん,kigen,Check the expiration date.,collocation,Society and Plans,neutral,Draft candidate mined from an existing Kokeniwa example. Confirm the particle and natural range during editorial review.,有効期限を確認する。,Check the expiration date.,,,,Confirm whether this is a fixed or strongly preferred pairing rather than a freely generated phrase.
明るい未来を信じる,みらい,mirai,Believe in a bright future.,collocation,Society and Plans,neutral,Draft candidate mined from an existing Kokeniwa example. Confirm the particle and natural range during editorial review.,明るい未来を信じる。,Believe in a bright future.,,,,Confirm whether this is a fixed or strongly preferred pairing rather than a freely generated phrase.
規則には従うべきだ,したがう,shitagau,You should obey the rules.,collocation,Society and Plans,neutral,Draft candidate mined from an existing Kokeniwa example. Confirm the particle and natural range during editorial review.,規則には従うべきだ。,You should obey the rules.,,,,Confirm whether this is a fixed or strongly preferred pairing rather than a freely generated phrase.
地域社会に貢献する,こうけんする,kouken suru,I contribute to the local community.,collocation,Society and Plans,neutral,Draft candidate mined from an existing Kokeniwa example. Confirm the particle and natural range during editorial review.,地域社会に貢献する。,I contribute to the local community.,,,,Confirm whether this is a fixed or strongly preferred pairing rather than a freely generated phrase.
世論が政治を動かす,よろん,yoron,Public opinion moves politics.,collocation,Society and Plans,neutral,Draft candidate mined from an existing Kokeniwa example. Confirm the particle and natural range during editorial review.,世論が政治を動かす。,Public opinion moves politics.,,,,Confirm whether this is a fixed or strongly preferred pairing rather than a freely generated phrase.
パスポートを更新する,こうしん,koushin,Renew my passport.,collocation,Society and Plans,neutral,Draft candidate mined from an existing Kokeniwa example. Confirm the particle and natural range during editorial review.,パスポートを更新する。,Renew my passport.,,,,Confirm whether this is a fixed or strongly preferred pairing rather than a freely generated phrase.
政府が市場に介入する,かいにゅう,kainyuu,The government intervenes in the market.,collocation,Society and Plans,neutral,Draft candidate mined from an existing Kokeniwa example. Confirm the particle and natural range during editorial review.,政府が市場に介入する。,The government intervenes in the market.,,,,Confirm whether this is a fixed or strongly preferred pairing rather than a freely generated phrase.
地域の人々と交流した,こうりゅう,kouryuu,I interacted with people in the community.,collocation,Society and Plans,neutral,Draft candidate mined from an existing Kokeniwa example. Confirm the particle and natural range during editorial review.,地域の人々と交流した。,I interacted with people in the community.,,,,Confirm whether this is a fixed or strongly preferred pairing rather than a freely generated phrase.
この規則に例外はない,れいがい,reigai,There is no exception to this rule.,collocation,Society and Plans,neutral,Draft candidate mined from an existing Kokeniwa example. Confirm the particle and natural range during editorial review.,この規則に例外はない。,There is no exception to this rule.,,,,Confirm whether this is a fixed or strongly preferred pairing rather than a freely generated phrase.
地域の催しに参加する,もよおし,moyooshi,I take part in a local event.,collocation,Society and Plans,neutral,Draft candidate mined from an existing Kokeniwa example. Confirm the particle and natural range during editorial review.,地域の催しに参加する。,I take part in a local event.,,,,Confirm whether this is a fixed or strongly preferred pairing rather than a freely generated phrase.
事故防止の対策を講じる,たいさく,taisaku,Take measures to prevent accidents.,collocation,Society and Plans,neutral,Draft candidate mined from an existing Kokeniwa example. Confirm the particle and natural range during editorial review.,事故防止の対策を講じる。,Take measures to prevent accidents.,,,,Confirm whether this is a fixed or strongly preferred pairing rather than a freely generated phrase.
一概にそうとは言えない,いちがいに,ichigai ni,You can't say that as a rule.,collocation,Society and Plans,neutral,Draft candidate mined from an existing Kokeniwa example. Confirm the particle and natural range during editorial review.,一概にそうとは言えない。,You can't say that as a rule.,,,,Confirm whether this is a fixed or strongly preferred pairing rather than a freely generated phrase.
無事の知らせに安堵した,あんど,ando,I felt relief upon hearing the news of their safety.,collocation,Society and Plans,neutral,Draft candidate mined from an existing Kokeniwa example. Confirm the particle and natural range during editorial review.,無事の知らせに安堵した。,I felt relief upon hearing the news of their safety.,,,,Confirm whether this is a fixed or strongly preferred pairing rather than a freely generated phrase.
ルールを守ってください,まもる,mamoru,Please follow the rules.,collocation,Society and Plans,neutral,Draft candidate mined from an existing Kokeniwa example. Confirm the particle and natural range during editorial review.,ルールを守ってください。,Please follow the rules.,,,,Confirm whether this is a fixed or strongly preferred pairing rather than a freely generated phrase.
政府が公式声明を発表した,せいめい,seimei,The government issued an official statement.,collocation,Society and Plans,neutral,Draft candidate mined from an existing Kokeniwa example. Confirm the particle and natural range during editorial review.,政府が公式声明を発表した。,The government issued an official statement.,,,,Confirm whether this is a fixed or strongly preferred pairing rather than a freely generated phrase.
結果に失望を隠せなかった,しつぼう,shitsubou,He couldn't hide his disappointment at the result.,collocation,Society and Plans,neutral,Draft candidate mined from an existing Kokeniwa example. Confirm the particle and natural range during editorial review.,結果に失望を隠せなかった。,He couldn't hide his disappointment at the result.,,,,Confirm whether this is a fixed or strongly preferred pairing rather than a freely generated phrase.
急な展開に呆気にとられた,あっけにとられる,akke ni torareru,I was dumbfounded by the sudden turn of events.,collocation,Society and Plans,neutral,Draft candidate mined from an existing Kokeniwa example. Confirm the particle and natural range during editorial review.,急な展開に呆気にとられた。,I was dumbfounded by the sudden turn of events.,,,,Confirm whether this is a fixed or strongly preferred pairing rather than a freely generated phrase.
波瀾万丈な人生を送ってきた,はらんばんじょう,haran banjou,He has lived an eventful life full of ups and downs.,collocation,Society and Plans,neutral,Draft candidate mined from an existing Kokeniwa example. Confirm the particle and natural range during editorial review.,波瀾万丈な人生を送ってきた。,He has lived an eventful life full of ups and downs.,,,,Confirm whether this is a fixed or strongly preferred pairing rather than a freely generated phrase.
大規模なイベントが開かれた,きぼ,kibo,A large-scale event was held.,collocation,Society and Plans,neutral,Draft candidate mined from an existing Kokeniwa example. Confirm the particle and natural range during editorial review.,大規模なイベントが開かれた。,A large-scale event was held.,,,,Confirm whether this is a fixed or strongly preferred pairing rather than a freely generated phrase.
恩師の逝去の知らせを受けた,せいきょ,seikyo,I received news of my mentor's passing.,collocation,Society and Plans,neutral,Draft candidate mined from an existing Kokeniwa example. Confirm the particle and natural range during editorial review.,恩師の逝去の知らせを受けた。,I received news of my mentor's passing.,,,,Confirm whether this is a fixed or strongly preferred pairing rather than a freely generated phrase.
将来を危惧する声が上がった,きぐ,kigu,Voices of apprehension about the future arose.,collocation,Society and Plans,neutral,Draft candidate mined from an existing Kokeniwa example. Confirm the particle and natural range during editorial review.,将来を危惧する声が上がった。,Voices of apprehension about the future arose.,,,,Confirm whether this is a fixed or strongly preferred pairing rather than a freely generated phrase.
応募者を篩にかけて選抜した,ふるいにかける,furui ni kakeru,They sifted through the applicants and selected candidates.,collocation,Society and Plans,neutral,Draft candidate mined from an existing Kokeniwa example. Confirm the particle and natural range during editorial review.,応募者を篩にかけて選抜した。,They sifted through the applicants and selected candidates.,,,,Confirm whether this is a fixed or strongly preferred pairing rather than a freely generated phrase.
世論の風向きが変わってきた,かざむきがかわる,kazamuki ga kawaru,The tide of public opinion has begun to turn.,collocation,Society and Plans,neutral,Draft candidate mined from an existing Kokeniwa example. Confirm the particle and natural range during editorial review.,世論の風向きが変わってきた。,The tide of public opinion has begun to turn.,,,,Confirm whether this is a fixed or strongly preferred pairing rather than a freely generated phrase.
国の財政が厳しい状況にある,ざいせい,zaisei,The nation's finances are in a difficult situation.,collocation,Society and Plans,neutral,Draft candidate mined from an existing Kokeniwa example. Confirm the particle and natural range during editorial review.,国の財政が厳しい状況にある。,The nation's finances are in a difficult situation.,,,,Confirm whether this is a fixed or strongly preferred pairing rather than a freely generated phrase.
人権を尊重する社会を目指す,じんけん,jinken,We aim for a society that respects human rights.,collocation,Society and Plans,neutral,Draft candidate mined from an existing Kokeniwa example. Confirm the particle and natural range during editorial review.,人権を尊重する社会を目指す。,We aim for a society that respects human rights.,,,,Confirm whether this is a fixed or strongly preferred pairing rather than a freely generated phrase.
政府の無為無策が批判された,むいむさく,mui musaku,The government's inaction was criticized.,collocation,Society and Plans,neutral,Draft candidate mined from an existing Kokeniwa example. Confirm the particle and natural range during editorial review.,政府の無為無策が批判された。,The government's inaction was criticized.,,,,Confirm whether this is a fixed or strongly preferred pairing rather than a freely generated phrase.
来週の予定表を見せてください,よていひょう,yoteihyou,Please show me next week's schedule.,collocation,Society and Plans,neutral,Draft candidate mined from an existing Kokeniwa example. Confirm the particle and natural range during editorial review.,来週の予定表を見せてください。,Please show me next week's schedule.,,,,Confirm whether this is a fixed or strongly preferred pairing rather than a freely generated phrase.
政府は新しい政策を打ち出した,せいさく,seisaku,The government put forward a new policy.,collocation,Society and Plans,neutral,Draft candidate mined from an existing Kokeniwa example. Confirm the particle and natural range during editorial review.,政府は新しい政策を打ち出した。,The government put forward a new policy.,,,,Confirm whether this is a fixed or strongly preferred pairing rather than a freely generated phrase.
高齢化が進む地方が増えている,こうれいか,koureika,More rural areas are experiencing an aging population.,collocation,Society and Plans,neutral,Draft candidate mined from an existing Kokeniwa example. Confirm the particle and natural range during editorial review.,高齢化が進む地方が増えている。,More rural areas are experiencing an aging population.,,,,Confirm whether this is a fixed or strongly preferred pairing rather than a freely generated phrase.
この漫画は社会を風刺している,ふうし,fuushi,This comic satirizes society.,collocation,Society and Plans,neutral,Draft candidate mined from an existing Kokeniwa example. Confirm the particle and natural range during editorial review.,この漫画は社会を風刺している。,This comic satirizes society.,,,,Confirm whether this is a fixed or strongly preferred pairing rather than a freely generated phrase.
