Japanese,Kana,Romaji,Meaning,Part of speech,Chapter,Register,Usage note,Example 1 (Japanese),Example 1 (English),Example 2 (Japanese),Example 2 (English),Contrast,Misuse note
スマホを使う,すまほをつかう,sumaho o tsukau,to use a smartphone,collocation,Daily Life,neutral,使う is the ordinary broad verb for operating or making use of a smartphone. The device is marked with を.,電車の中では音を消してスマホを使う。,I use my smartphone with the sound off on the train.,授業中はスマホを使わないでください。,Please do not use your smartphone during class.,スマホで調べる: use a smartphone as the means of searching / スマホを見る: look at or check the phone,"スマホで使う needs another object: このアプリをスマホで使う. When the phone itself is the object being used, say スマホを使う."
本を閉じる,ほんをとじる,hon o tojiru,to close a book,collocation,Daily Life,neutral,閉じる is the standard transitive verb for bringing the covers or pages of a book together.,読み終わったところで本を閉じた。,I closed the book when I reached the end.,先生の合図で、学生たちは本を閉じた。,"At the teacher's signal, the students closed their books.",本を開く: open a book / 本をしまう: put a book away,"閉める is used for doors, windows, lids, and shops. Use 閉じる for a book, eyes, or an open computer file."
会話を練習する,かいわをれんしゅうする,kaiwa o renshuu suru,to practice conversation,collocation,Daily Life,neutral,The skill or activity being practiced is marked with を before 練習する.,毎朝、先生と日本語の会話を練習している。,"Every morning, I practice Japanese conversation with my teacher.",旅行で使う短い会話を二人で練習した。,The two of us practiced short conversations for the trip.,会話の練習をする: do conversation practice / 話す練習をする: practice speaking,会話に練習する is not the normal particle pattern. Use 会話を練習する or 会話の練習をする.
いい天気,いいてんき,ii tenki,nice weather,collocation,Daily Life,neutral,"いい naturally evaluates 天気 as pleasant or favorable. In careful writing, よい天気 is also possible.",今日はいい天気だから、公園まで歩こう。,"The weather is nice today, so let's walk to the park.",週末もいい天気が続くらしい。,It looks as though the nice weather will continue through the weekend.,晴れた天気: sunny weather / 悪い天気: bad weather,"強い can describe wind, rain, or sunlight, but 強い天気 is not the ordinary way to say 'good weather.'"
仕事に役立つ,しごとにやくだつ,shigoto ni yakudatsu,to be useful for work,collocation,Daily Life,neutral,The area or purpose that benefits is marked with に before 役立つ.,この資格は海外との仕事に役立つ。,This qualification is useful for work with overseas clients.,留学中に学んだことが今の仕事に役立っている。,What I learned while studying abroad is useful in my current job.,仕事で使う: use something at work / 仕事に生かす: apply a skill or experience to work,"Do not mark 仕事 with を. If a person actively puts something to use, use 経験を仕事に役立てる with transitive 役立てる."
応募を締め切る,おうぼをしめきる,oubo o shimekiru,to close applications,collocation,Daily Life,neutral,締め切る marks the point after which submissions or applications are no longer accepted.,定員に達したため、予定より早く応募を締め切った。,Applications closed earlier than planned because all places were filled.,コンテストの応募は金曜日で締め切ります。,Entries for the contest close on Friday.,応募を受け付ける: accept applications / 募集を終了する: end recruitment,締め切る takes the applications or submissions as its object. 締め切り is the corresponding noun meaning deadline.
料理を作る,りょうりをつくる,ryouri o tsukuru,to cook; to make a dish,collocation,Daily Life,neutral,作る is the broad everyday verb for preparing a dish or meal. 料理する focuses more directly on the act of cooking.,冷蔵庫にある野菜で簡単な料理を作った。,I made a simple dish with the vegetables in the refrigerator.,休日は家族のために料理を作る。,"On my days off, I cook for my family.",料理をする: cook as an activity / 食事を用意する: prepare a meal,"建てる is for erecting buildings. Use 作る for food, and use 料理する when the cooking activity itself is the focus."
定休日を確認する,ていきゅうびをかくにんする,teikyuubi o kakunin suru,to check a business's regular closing day,collocation,Daily Life,neutral,確認する takes the information being checked as its direct object with を.,出かける前に店の定休日を確認した。,I checked the shop's regular closing day before going out.,公式サイトで美術館の定休日を確認してください。,Please check the museum's regular closing day on its official website.,営業時間を確認する: check business hours / 臨時休業を確認する: confirm a temporary closure,"定休日に確認する means 'check on the regular closing day.' To check which day it is, mark 定休日 with を."
閉館時間を確認する,へいかんじかんをかくにんする,heikan jikan o kakunin suru,to check the closing time,collocation,Daily Life,neutral,"閉館時間 is the time a facility such as a museum, library, or hall closes. It is checked with を確認する.",展示を見る前に閉館時間を確認しておこう。,Let's check the closing time before viewing the exhibition.,図書館の閉館時間を電話で確認した。,I checked the library's closing time by phone.,開館時間を確認する: check the opening time of a facility / 閉店時間を確認する: check a shop's closing time,Do not use 閉館時間 for every business. Choose 閉店時間 for a store and 終了時間 for an event.
旅行に行く,りょこうにいく,ryokou ni iku,to go on a trip,collocation,Daily Life,neutral,旅行 is the purpose or activity of going and takes に. The destination itself can separately take へ or に.,来月、家族と北海道へ旅行に行く。,"Next month, I'm going on a trip to Hokkaido with my family.",卒業前に友達と旅行に行きたい。,I want to take a trip with my friends before graduation.,旅行する: travel / 出張に行く: go on a business trip,"行く is intransitive, so 旅行 is not marked with を here. Use を with 旅行を計画する or 旅行を楽しむ."
乗り継ぎ時間が短い,のりつぎじかんがみじかい,noritsugi jikan ga mijikai,to have a short connection time,collocation,Daily Life,neutral,The duration being evaluated is the subject of 短い and is marked with が.,乗り継ぎ時間が短いので、到着後すぐ次の搭乗口へ向かった。,"The connection was short, so I went straight to the next gate after landing.",この便は乗り継ぎ時間が短すぎて不安だ。,I'm worried that this flight leaves too little time for the connection.,待ち時間が長い: the waiting time is long / 乗り継ぎに間に合う: make the connection,"An adjective predicate takes が here, not を. Use を only with a transitive verb such as 乗り継ぎ時間を短縮する."
予定を共有する,よていをきょうゆうする,yotei o kyouyuu suru,to share a schedule or plans,collocation,Daily Life,neutral,共有する takes the information or resource being shared with を. The people sharing it can be marked with と.,家族の予定をカレンダーアプリで共有している。,We share the family's schedule in a calendar app.,会議の前に全員で今日の予定を共有した。,"Before the meeting, everyone reviewed and shared today's schedule.",予定を知らせる: tell someone the plan / 情報を共有する: share information,The shared item takes を. Use Xと予定を共有する for 'share the schedule with X.'
読書をして過ごす,どくしょをしてすごす,dokusho o shite sugosu,to spend time reading,collocation,Daily Life,neutral,"Xをして過ごす names the activity used to fill a period of time. 読書する is also possible, but this pattern highlights how the time is spent.",雨の日は家で読書をして過ごすことが多い。,"On rainy days, I often spend my time reading at home.",連休は図書館で読書をして過ごした。,I spent the holiday reading at the library.,本を読んで過ごす: spend the time reading books / のんびり過ごす: spend the time relaxing,Use する for the activity 読書. 作る does not combine with 読書 to mean 'do some reading.'
制度を利用する,せいどをりようする,seido o riyou suru,to make use of a system or program,collocation,Daily Life,neutral,"利用する is natural for making practical use of an available system, service, facility, or benefit.",育児休業の制度を利用して半年休んだ。,I used the parental-leave program and took six months off.,条件を満たせば、補助制度を利用できます。,You can use the subsidy program if you meet the conditions.,制度を活用する: make effective use of a system / 制度を導入する: introduce a system,"Mark the system with を. If a person is exploited by a system, the roles and particles are different, as in 制度に利用される."
一朝一夕にはいかない,いっちょういっせきにはいかない,icchou isseki ni wa ikanai,cannot be achieved overnight,collocation,Daily Life,neutral,This fixed expression says that a difficult result cannot be achieved in a single morning and evening. It normally appears with a negative predicate.,自然な発音を身につけるのは一朝一夕にはいかない。,Natural pronunciation cannot be mastered overnight.,信頼関係は一朝一夕には築けない。,A relationship of trust cannot be built overnight.,すぐにはできない: cannot be done immediately / 時間がかかる: takes time,"The idiom normally combines with には and a negative expression such as いかない, できない, or 身につかない."
ページを開く,ぺーじをひらく,peeji o hiraku,to open to a page; open a page,collocation,Daily Life,neutral,開く is read ひらく here and is used for opening a book to a page or opening a webpage.,教科書の四十二ページを開いてください。,Please open your textbook to page forty-two.,リンクを押すと、新しいページが開く。,Pressing the link opens a new page.,本を開く: open a book / ページをめくる: turn a page,"起こす means raise, wake, or cause. Use 開く for opening a book or webpage, and distinguish transitive ページを開く from intransitive ページが開く."
本を読む,ほんをよむ,hon o yomu,to read a book,collocation,Daily Life,neutral,読む is the standard verb for engaging with the written content of a book.,寝る前に三十分だけ本を読む。,I read a book for just thirty minutes before bed.,子どもに毎晩同じ本を読んでいる。,I read the same book to my child every night.,本を見る: look at or consult a book / 本を読み返す: reread a book,"Use 聞く for audio and 読む for written text. In 子どもに本を読む, に marks the person being read to."
服を売る,ふくをうる,fuku o uru,to sell clothes,collocation,Daily Life,neutral,The item transferred in exchange for money is the direct object of 売る and takes を.,着なくなった服をフリーマーケットで売った。,I sold clothes I no longer wear at a flea market.,この店では古着を安く売っている。,This shop sells used clothes cheaply.,服を買う: buy clothes / 服を譲る: give or transfer clothes to someone,服に売る incorrectly makes the clothing sound like the recipient. Say 人に服を売る when naming the buyer.
窓を開ける,まどをあける,mado o akeru,to open a window,collocation,Daily Life,neutral,"開ける is the everyday transitive verb when a person opens a window, door, container, or gap.",空気を入れ替えるために窓を開けた。,I opened the window to let in fresh air.,寒いので、窓を少しだけ開けてください。,"It's cold, so please open the window only a little.",窓が開く: the window opens / 窓を閉める: close the window,Do not mix the two verb patterns. A person opens it with 窓を開ける; the resulting event is 窓が開く.
ドアを閉める,どあをしめる,doa o shimeru,to close a door,collocation,Daily Life,neutral,"閉める is the standard transitive verb for a person closing a door, window, lid, or shop.",部屋を出るときにドアを静かに閉めた。,I closed the door quietly when I left the room.,冷房中なのでドアを閉めてください。,Please close the door while the air conditioning is on.,ドアが閉まる: the door closes / ドアを開ける: open the door,Use を with the transitive verb 閉める. Use が with the intransitive verb 閉まる when no agent is expressed.
ベッドで寝る,べっどでねる,beddo de neru,to sleep in a bed,collocation,Daily Life,neutral,"で marks the place where the action of sleeping occurs. に can mark getting into or lying down on the bed, but not the ordinary activity location in this meaning.",旅行中も自分のベッドで寝るのが恋しかった。,"Even while traveling, I missed sleeping in my own bed.",昨夜はソファではなく、ちゃんとベッドで寝た。,Last night I slept properly in bed instead of on the sofa.,ベッドに入る: get into bed / ベッドに横になる: lie down on the bed,寝る is intransitive and does not take the bed as a を-object. Use で for the place of sleeping.
残業が多い,ざんぎょうがおおい,zangyou ga ooi,to have a lot of overtime work,collocation,Daily Life,neutral,The thing that exists in a large amount takes が before 多い. The person or workplace is usually the topic.,今月は決算前で残業が多い。,I have a lot of overtime this month because the fiscal closing is near.,残業が多い職場では働きたくない。,I do not want to work at a workplace with a lot of overtime.,残業をする: work overtime / 残業が続く: overtime continues,"多い is an adjective, so its subject takes が. Use を only with a verb, as in 残業を減らす."
本を買う,ほんをかう,hon o kau,to buy a book,collocation,Daily Life,neutral,"The purchased item takes を; the place of purchase takes で, and the seller can take から.",駅前の書店で日本語の本を二冊買った。,I bought two Japanese books at the bookstore near the station.,電子版ではなく紙の本を買うことにした。,I decided to buy the print book rather than the digital edition.,本を借りる: borrow a book / 本を注文する: order a book,"Use が only in a potential pattern such as 本が買える. In the ordinary active sentence, the purchased item takes を."
時間を管理する,じかんをかんりする,jikan o kanri suru,to manage one's time,collocation,Daily Life,neutral,"管理する is used for controlling and organizing a resource such as time, money, inventory, or data.",複数の仕事を進めるには時間を上手に管理する必要がある。,"To handle several tasks, you need to manage your time well.",アプリで勉強時間を管理している。,I track and manage my study time with an app.,予定を立てる: make a schedule or plan / 時間を有効に使う: use time effectively,"The managed resource takes を. A manager or system that performs the management is the subject, not marked with に."
作業時間を短縮する,さぎょうじかんをたんしゅくする,sagyou jikan o tanshuku suru,to reduce working time,collocation,Daily Life,neutral,The duration being reduced takes を. 作業時間 makes the type of time explicit and is common in efficiency discussions.,新しい機械で作業時間を三十分短縮できた。,The new machine reduced the working time by thirty minutes.,手順を見直して、作業時間を短縮した。,We reviewed the procedure and reduced the working time.,作業時間が短縮される: the working time is reduced / 時間を節約する: save time,"Use を with active 短縮する. In the passive statement, say 作業時間が短縮される."
早寝早起きの習慣,はやねはやおきのしゅうかん,hayane hayaoki no shuukan,a habit of going to bed and getting up early,collocation,Daily Life,neutral,"早寝早起き forms a fixed pair, and の links that routine to 習慣.",子どものころに早寝早起きの習慣が身についた。,I developed the habit of going to bed and getting up early as a child.,早寝早起きの習慣を続けるため、夜十一時には寝る。,"To maintain my early-to-bed, early-to-rise routine, I go to bed by eleven.",生活習慣: lifestyle habit / 規則正しい生活: regular daily routine,Do not build the pair by inflecting 早い. 早寝 and 早起き are established noun forms.
時間を短縮する,じかんをたんしゅくする,jikan o tanshuku suru,to shorten the time required,collocation,Daily Life,neutral,短縮する takes the duration or time period being reduced as its を-object.,オンライン受付に変えて待ち時間を短縮した。,Switching to online reception shortened the waiting time.,会議時間を十五分短縮することになった。,We decided to shorten the meeting by fifteen minutes.,時間が短縮される: the time is reduced / 時間を節約する: save time,"Use を in an active sentence. With が, use the passive pattern 時間が短縮される."
歯を磨く,はをみがく,ha o migaku,to brush one's teeth,collocation,Daily Life,neutral,磨く covers brushing teeth as well as polishing surfaces and refining skills.,朝食のあとで歯を磨いた。,I brushed my teeth after breakfast.,寝る前に必ず歯を磨いている。,I always brush my teeth before bed.,歯をみがく: same phrase in kana / 口をゆすぐ: rinse one's mouth,"洗う is used for washing with water, but the standard verb for brushing teeth is 磨く."
顔を洗う,かおをあらう,kao o arau,to wash one's face,collocation,Daily Life,neutral,The body part being washed is the direct object of 洗う and takes を.,起きたら、まず冷たい水で顔を洗う。,"When I wake up, the first thing I do is wash my face with cold water.",化粧を落としてから顔を洗った。,I washed my face after removing my makeup.,手を洗う: wash one's hands / 顔を拭く: wipe one's face,"Use を for the body part. に can mark a location for applying something, as in 顔に水をかける."
パソコンを使う,ぱそこんをつかう,pasokon o tsukau,to use a computer,collocation,Daily Life,neutral,使う is the broad everyday verb for operating or using a computer.,仕事では毎日パソコンを使う。,I use a computer every day at work.,図書館のパソコンを使って資料を調べた。,I used a library computer to research the material.,パソコンで作業する: work on a computer / パソコンを操作する: operate a computer,Use を when the computer is the thing used. Use で when it is the means: パソコンで書く.
口座を開設する,こうざをかいせつする,kouza o kaisetsu suru,to open an account,collocation,Daily Life,neutral,"開設する is the formal standard verb for establishing an account, office, website, or service.",給料を受け取るために銀行口座を開設した。,I opened a bank account to receive my salary.,アプリから証券口座を開設できます。,You can open a securities account through the app.,"口座を作る: create an account, conversational / 口座を解約する: close an account contract","口座を閉じる is possible for closing an account, but opening one formally is 口座を開設する."
シャワーを浴びる,しゃわーをあびる,shawaa o abiru,to take a shower,collocation,Daily Life,neutral,浴びる is the standard verb for receiving a shower over the body. シャワー takes を.,運動のあとでシャワーを浴びた。,I took a shower after exercising.,朝は短いシャワーを浴びるだけだ。,"In the morning, I only take a quick shower.",お風呂に入る: take a bath / 水を浴びる: be drenched or splash water over oneself,Use 浴びる for a shower. 入る combines with お風呂 or 温泉 because the person enters the bath.
暇な時間,ひまなじかん,hima na jikan,free time; an unoccupied period,collocation,Daily Life,neutral,"暇 is a な-adjective before a noun, so it becomes 暇な時間.",暇な時間に旅行の写真を整理した。,I organized my travel photos in my free time.,昼休みに暇な時間があれば電話します。,I'll call during lunch if I have a free moment.,空いた時間: time that has become available / 自由時間: free time allotted for personal use,"Use な, not の, between 暇 and a noun. 暇だ is the sentence-final form."
お風呂に入る,おふろにはいる,ofuro ni hairu,to take a bath,collocation,Daily Life,neutral,"The bath is treated as the place entered, so お風呂 takes に before 入る.",夕食の前にお風呂に入った。,I took a bath before dinner.,疲れた日は早めにお風呂に入る。,"On tiring days, I take a bath early.",シャワーを浴びる: take a shower / 湯船につかる: soak in the bathtub,"Use に with 入る. お風呂を入れる means prepare or fill the bath, not bathe oneself."
服を着る,ふくをきる,fuku o kiru,to put on or wear clothes for the upper body,collocation,Daily Life,neutral,"着る is used for garments worn over the upper body or whole body, including shirts, coats, and dresses.",外が寒いので、暖かい服を着た。,"It was cold outside, so I put on warm clothes.",彼女は新しい服を着て出かけた。,She went out wearing her new clothes.,靴を履く: put on shoes / 帽子をかぶる: put on a hat,Use 履く for footwear and lower-body garments. 着る is the broad default for tops and one-piece clothing.
靴を履く,くつをはく,kutsu o haku,to put on or wear shoes,collocation,Daily Life,neutral,"履く is used for things worn from below, including shoes, socks, trousers, and skirts.",玄関で靴を履いて外に出た。,I put on my shoes at the entrance and went outside.,雨の日は滑りにくい靴を履く。,"On rainy days, I wear shoes that do not slip easily.",服を着る: put on clothes / 靴を脱ぐ: take off shoes,Do not use 着る for shoes. The kanji 履く is also used for trousers and skirts.
電気をつける,でんきをつける,denki o tsukeru,to turn on the light,collocation,Daily Life,neutral,"In everyday speech, 電気 often means an electric light; つける means switch it on.",暗くなったので部屋の電気をつけた。,"It grew dark, so I turned on the room light.",廊下の電気をつけたまま寝てしまった。,I fell asleep with the hall light on.,電気を消す: turn off the light / 明かりをつける: turn on a light,"Use つける for switching on a light or appliance. 開ける is for opening doors, windows, and containers."
電気を消す,でんきをけす,denki o kesu,to turn off the light,collocation,Daily Life,neutral,消す is the standard transitive verb for switching off a light and for extinguishing flames.,最後に部屋を出る人が電気を消してください。,The last person to leave the room should turn off the light.,寝る前に台所の電気を消した。,I turned off the kitchen light before bed.,電気が消える: the light goes out / 電気をつける: turn on the light,Use transitive 消す when someone turns it off. Use intransitive 消える when the light goes out.
時計を見る,とけいをみる,tokei o miru,to look at the clock or one's watch,collocation,Daily Life,neutral,見る is used for visually checking a clock or watch. The intended device follows from context.,時計を見たら、もう十二時を過ぎていた。,"When I looked at the clock, it was already past midnight.",何度も時計を見ながら友達を待った。,"I waited for my friend, looking at my watch again and again.","時間を確認する: check the time, more explicit / 時計を確認する: check the clock or watch",時計 is the device; 時間 is time itself. Use 時計を見る for the ordinary physical action.
テレビを見る,てれびをみる,terebi o miru,to watch television,collocation,Daily Life,neutral,見る covers watching television and video content; テレビ can mean the device or television programming.,夕食のあとで家族とテレビを見る。,I watch television with my family after dinner.,最近はテレビを見ずに、配信でニュースを見ている。,Lately I watch the news online rather than on television.,番組を見る: watch a program / テレビをつける: turn on the television,見る describes watching. つける only switches the device on and does not imply paying attention to it.
音楽を聴く,おんがくをきく,ongaku o kiku,to listen to music,collocation,Daily Life,neutral,"聴く emphasizes intentional, attentive listening. Everyday writing also commonly uses the more general kanji 聞く with music.",通勤中にイヤホンで音楽を聴いている。,I listen to music through earphones while commuting.,勉強するときは歌詞のない音楽を聴く。,"When I study, I listen to music without lyrics.",音楽を聞く: common general-kanji spelling / 音が聞こえる: a sound can be heard,聴く is not mandatory every time; 聞く is standard in everyday writing. Use 聞こえる for an involuntary audible sound.
予定がある,よていがある,yotei ga aru,to have plans; be scheduled,collocation,Daily Life,neutral,"The planned event or arrangement is presented as something that exists, so 予定 takes が before ある.",土曜日は家族と出かける予定がある。,I have plans to go out with my family on Saturday.,午後は会議の予定がある。,A meeting is scheduled for the afternoon.,予定を立てる: make plans / 用事がある: have something to do,"Use が with ある. Use を only when a transitive verb acts on the plan, as in 予定を変更する."
予約をする,よやくをする,yoyaku o suru,to make a reservation or appointment,collocation,Daily Life,neutral,"予約をする is the broad neutral pattern for booking a service, seat, room, or appointment.",電話で歯医者の予約をした。,I made a dentist appointment by phone.,人気の店なので、一週間前に予約をした。,"Because the restaurant is popular, I reserved a table a week ahead.",予約を取る: secure or make an appointment / 予約を取り消す: cancel a reservation,作る is not the standard verb for a reservation. Use 予約する or 予約をする.
引き出しを開ける,ひきだしをあける,hikidashi o akeru,to open a drawer,collocation,Daily Life,neutral,"開ける is the standard transitive verb for opening a drawer, door, window, or container.",机の引き出しを開けて、はさみを取り出した。,I opened the desk drawer and took out the scissors.,鍵がかかっていて引き出しを開けられない。,"The drawer is locked, so I cannot open it.",引き出しが開く: the drawer opens / 引き出しを閉める: close a drawer,"Use を with transitive 開ける. Potential 開けられる can change the subject marking in some contexts, so do not copy it into the basic pattern."
自由席を利用する,じゆうせきをりようする,jiyuuseki o riyou suru,to use non-reserved seating,collocation,Daily Life,neutral,利用する is natural for using an available service or seating category. 自由席 means seats not individually reserved.,混んでいない時間なら自由席を利用する。,"When it is not crowded, I use non-reserved seating.",追加料金を避けるため、自由席を利用した。,I used non-reserved seating to avoid the additional charge.,指定席を予約する: reserve an assigned seat / 自由席に座る: sit in a non-reserved seat,The service used takes を. A particular seat occupied takes に with 座る.
時間に制限がある,じかんにせいげんがある,jikan ni seigen ga aru,to have a time limit,collocation,Daily Life,neutral,"The domain being restricted takes に, while 制限 is what exists and takes が.",この試験は時間に厳しい制限がある。,This examination has a strict time limit.,面会時間に制限があるか確認した。,I checked whether visiting hours were restricted.,時間制限がある: there is a time limit / 時間を制限する: restrict the time,Do not combine を with 制限がある. Use 時間を制限する only when 制限する is the active verb.
資源を有効に使う,しげんをゆうこうにつかう,shigen o yuukou ni tsukau,to use resources effectively,collocation,Daily Life,neutral,有効に is the adverbial form modifying 使う; the resource takes を.,限られた水資源を有効に使う方法を考えた。,We considered ways to use limited water resources effectively.,人材と予算を有効に使う必要がある。,We need to use our personnel and budget effectively.,資源を節約する: conserve resources / 資源を活用する: make practical use of resources,Use に to turn 有効 into an adverb before 使う. 有効で would require a following clause or different construction.
写真を撮る,しゃしんをとる,shashin o toru,to take a photograph,collocation,Daily Life,neutral,撮る is the standard verb for taking photographs and recording video.,旅行先で家族の写真をたくさん撮った。,I took many photos of my family while traveling.,ここでは写真を撮ってもいいですか。,May I take photos here?,動画を撮る: record a video / 写真に写る: appear in a photograph,取る has the same pronunciation but means take or obtain more generally. Use the camera-related kanji 撮る for photos and video.
本を翻訳する,ほんをほんやくする,hon o honyaku suru,to translate a book,collocation,Daily Life,neutral,The source text takes を; the source language takes から and the target language takes に.,彼女はその本を日本語から英語に翻訳した。,She translated the book from Japanese into English.,専門用語の多い本を翻訳するのは難しい。,Translating a book full of technical terms is difficult.,会議で通訳する: interpret at a meeting / 文章を訳す: translate a passage,Do not use 通訳する for a written book. 通訳 handles spoken communication; 翻訳 handles written text and subtitles.
用事がある,ようじがある,youji ga aru,to have something to do; have an errand,collocation,Daily Life,neutral,"用事 is a task, errand, or matter requiring attention; it is presented as existing with がある.",今日は銀行に用事がある。,I have some business at the bank today.,午後は用事があるので、先に帰ります。,"I have something to take care of this afternoon, so I'll leave early.",予定がある: have plans or something scheduled / 用を済ませる: finish an errand,"Use が with ある. 用事 can be deliberately vague, so state the task if the listener needs specifics."
家に帰る,いえにかえる,ie ni kaeru,to go or come home,collocation,Home and Housework,neutral,家に帰る is the ordinary way to say that someone returns home; the destination takes に.,仕事が終わったら、まっすぐ家に帰る。,I go straight home after work.,雨が降る前に家に帰ろう。,Let's go home before it rains.,"家へ帰る: go home, with directional emphasis / 実家に帰る: return to one's family home","Use に or へ for the destination. を can mark a route or point of departure, not the destination of 帰る."
部屋を掃除する,へやをそうじする,heya o souji suru,to clean a room,collocation,Home and Housework,neutral,The place being cleaned takes を with 掃除する. The shorter 部屋を掃除する is suitable as a reusable pattern.,土曜日の朝に自分の部屋を掃除する。,I clean my room on Saturday mornings.,来客の前に客間を掃除した。,I cleaned the guest room before our visitors arrived.,部屋を片付ける: tidy a room / 部屋に掃除機をかける: vacuum a room,Use を for the target of cleaning. 掃除する concerns dirt; 片付ける concerns disorder and objects left out.
台所で料理する,だいどころでりょうりする,daidokoro de ryouri suru,to cook in the kitchen,collocation,Home and Housework,neutral,で marks the place where the activity 料理する happens. 台所 is the everyday word for a home kitchen.,休日は家族と台所で料理する。,"On days off, I cook with my family in the kitchen.",狭い台所で二人一緒に料理した。,The two of us cooked together in the small kitchen.,台所に立つ: work in the kitchen / 家で料理する: cook at home,"Use で for an activity performed in a place. に is possible with verbs of existence or arrival, such as 台所にいる."
部屋の奥,へやのおく,heya no oku,the back or far end of a room,collocation,Home and Housework,neutral,奥 refers to the area farthest from the entrance or viewpoint. の links the space to its far end.,季節外れの荷物は部屋の奥に置いてある。,The out-of-season belongings are kept at the back of the room.,部屋の奥から古い箱を取り出した。,I took an old box out from the back of the room.,部屋の中: inside the room / 廊下の突き当たり: the end of the corridor,Use の between the reference space and 奥. Choose 中 when depth or distance from the entrance is irrelevant.
手料理を作る,てりょうりをつくる,teryouri o tsukuru,to make a home-cooked meal for someone,collocation,Home and Housework,neutral,"手料理 usually highlights food personally cooked for other people, often with warmth or care.",誕生日に家族のために手料理を作った。,I made a home-cooked meal for my family on their birthday.,今度、得意な手料理を作ってあげたい。,"Next time, I'd like to cook my specialty for them.",料理を作る: cook or make food / 手料理を振る舞う: serve one's home cooking,作る is natural for preparing the food. 振る舞う shifts the focus to serving it to guests.
料理に凝る,りょうりにこる,ryouri ni koru,to become deeply interested in cooking,collocation,Home and Housework,neutral,"Xに凝る means to devote unusual enthusiasm, time, or attention to X as a hobby or pursuit.",在宅勤務を始めてから料理に凝っている。,I've become deeply interested in cooking since I started working from home.,父は最近、燻製料理に凝っている。,My father has recently gotten really into smoked food.,料理に夢中になる: become absorbed in cooking / 料理にこだわる: be particular about cooking,The interest takes に. 凝った料理 is a different pattern meaning elaborate or ingeniously prepared food.
お袋の味,おふくろのあじ,ofukuro no aji,the taste of one's mother's home cooking,collocation,Home and Housework,neutral,"This set phrase evokes familiar food cooked by one's mother. It often appears in nostalgic, traditionally male speech.",この煮物を食べると、お袋の味を思い出す。,This simmered dish reminds me of my mother's cooking.,店の看板には『お袋の味』と書かれていた。,The restaurant sign advertised 'mother's home cooking.',"母の味: mother's cooking, more neutral / 家庭の味: the taste of home cooking",お袋 is informal and may sound old-fashioned or overly familiar. Use 母の味 or 家庭の味 when that voice is unsuitable.
部屋を片付ける,へやをかたづける,heya o katazukeru,to tidy up a room,collocation,Home and Housework,neutral,片付ける means putting scattered objects away and restoring order; the space being tidied takes を.,友達が来る前に部屋を片付けた。,I tidied my room before my friend came over.,使った物を戻せば、部屋を片付けやすい。,A room is easier to tidy if you return things after using them.,部屋を掃除する: clean a room / 物を片付ける: put things away,Use transitive 片付ける with を. 部屋が片付く uses the intransitive form and describes the room becoming tidy.
清潔に保つ,せいけつにたもつ,seiketsu ni tamotsu,to keep something clean and hygienic,collocation,Home and Housework,neutral,"The に-form marks the maintained state, while 保つ expresses keeping that state over time.",調理器具はいつも清潔に保ってください。,Please keep the cooking utensils clean at all times.,浴室を清潔に保つには換気も必要だ。,Ventilation is also needed to keep a bathroom clean.,きれいに保つ: keep clean or attractive / 衛生を保つ: maintain hygiene,"Use 清潔に before 保つ. 清潔で is used to connect clauses, as in 清潔で使いやすい."
家庭料理を習う,かていりょうりをならう,katei ryouri o narau,to learn home-style cooking from someone,collocation,Home and Housework,neutral,習う presents a skill or subject learned through instruction; the subject takes を.,地域の教室で日本の家庭料理を習っている。,I'm learning Japanese home-style cooking at a local class.,祖母から郷土の家庭料理を習った。,I learned local home cooking from my grandmother.,家庭料理を学ぶ: study home cooking / 料理教室に通う: attend a cooking class,Use を for what is learned and から or に for the teacher. 通う instead selects the school or class as a destination.
風呂に入る,ふろにはいる,furo ni hairu,to take a bath,collocation,Home and Housework,neutral,風呂に入る is the standard expression for bathing; に marks what one enters.,寝る前にゆっくり風呂に入る。,I take a relaxing bath before bed.,今日は銭湯で風呂に入った。,I had a bath at a public bathhouse today.,風呂に入れる: put someone in the bath / シャワーを浴びる: take a shower,"Use に with intransitive 入る. 風呂を入れる usually means preparing the bath, depending on context."
ゴミを出す,ごみをだす,gomi o dasu,to put out the rubbish for collection,collocation,Home and Housework,neutral,"In household contexts, ゴミを出す commonly means taking rubbish to the designated collection point.",火曜日の朝に燃えるゴミを出す。,I put out the burnable rubbish on Tuesday morning.,収集日の前夜にはゴミを出さないでください。,Please do not put out rubbish the night before collection day.,ゴミを捨てる: throw rubbish away / ゴミが出る: rubbish is produced,Use を with the deliberate action 出す. Local sorting and collection rules determine when and where the phrase applies.
洗濯機を回す,せんたくきをまわす,sentakuki o mawasu,to run the washing machine,collocation,Home and Housework,neutral,回す is a common conversational verb for operating a washing machine through a wash cycle.,朝食の前に洗濯機を回した。,I ran the washing machine before breakfast.,洗濯機を回している間に床を掃除する。,I clean the floor while the washing machine is running.,洗濯機を動かす: operate or move the washer / 洗濯をする: do the laundry,"回す is everyday wording. In manuals or formal instructions, 運転する may be used for machine operation."
洗濯物を干す,せんたくものをほす,sentakumono o hosu,to hang laundry out to dry,collocation,Home and Housework,neutral,干す means exposing wet items to air or sun so they dry; the laundry takes を and the location often takes に.,晴れているので、ベランダに洗濯物を干した。,"Because it is sunny, I hung the laundry on the balcony.",雨の日は浴室に洗濯物を干す。,"On rainy days, I hang the laundry in the bathroom to dry.",洗濯物が乾く: the laundry dries / 洗濯物を部屋干しする: dry laundry indoors,Use transitive 干す for the person's action and intransitive 乾く for the resulting drying.
洗濯物を取り込む,せんたくものをとりこむ,sentakumono o torikomu,to bring in dry or drying laundry,collocation,Home and Housework,neutral,"For household laundry, 取り込む means removing it from the line or rack and bringing it indoors.",雨が降りそうなので、洗濯物を取り込んだ。,"It looked like rain, so I brought the laundry in.",暗くなる前に洗濯物を取り込んでね。,"Bring in the laundry before it gets dark, okay?",洗濯物を干す: hang laundry to dry / 洗濯物を畳む: fold the laundry,Use 取り込む for bringing laundry inside. 取り入れる is possible in other contexts but is not the ordinary household pairing here.
賃貸契約を結ぶ,ちんたいけいやくをむすぶ,chintai keiyaku o musubu,to sign or enter into a rental agreement,collocation,Home and Housework,neutral,契約を結ぶ is the conventional formal pairing for entering an agreement; 賃貸 specifies a rental.,入居前に不動産会社と賃貸契約を結んだ。,I entered into a rental agreement with the estate agent before moving in.,賃貸契約を結ぶ前に、解約条件を確認した。,I checked the cancellation terms before entering the rental agreement.,契約書に署名する: sign the contract document / 賃貸契約を更新する: renew a rental agreement,署名する describes signing the document; 結ぶ describes establishing the contractual relationship.
洗濯物を畳む,せんたくものをたたむ,sentakumono o tatamu,to fold the laundry,collocation,Home and Housework,neutral,"畳む means folding flexible items into a smaller, orderly form; laundry is a frequent object.",乾いた洗濯物を畳んで、棚にしまった。,I folded the dry laundry and put it on the shelf.,テレビを見ながら洗濯物を畳んだ。,I folded the laundry while watching television.,服を畳む: fold clothes / 洗濯物をしまう: put the laundry away,"折る often means bending or breaking along a line. Use 畳む for neatly folding clothes, bedding, and similar items."
掃除機をかける,そうじきをかける,soujiki o kakeru,to vacuum,collocation,Home and Housework,neutral,掃除機をかける is the established everyday pairing for vacuuming. The area may take に or be understood from context.,週末に居間と廊下に掃除機をかける。,I vacuum the living room and hallway on weekends.,音が響くので、夜は掃除機をかけない。,I don't vacuum at night because the noise carries.,床を掃く: sweep the floor / 部屋を掃除する: clean the room,Use 掃除機をかける for the action. 掃除機を使う is grammatical but less specific about vacuuming.
机を窓際に移す,つくえをまどぎわにうつす,tsukue o madogiwa ni utsusu,to move a desk beside the window,collocation,Home and Housework,neutral,"The object moved takes を, and its new location takes に with transitive 移す.",明るい場所で作業するため、机を窓際に移した。,I moved the desk beside the window so I could work in a bright spot.,模様替えで机を窓際に移そうと思う。,I'm thinking of moving the desk beside the window when I rearrange the room.,机が窓際に移る: the desk moves to the window / 机を動かす: move the desk,Use 移す when someone moves the object. 移る is intransitive and makes the moved item the subject.
客を部屋に通す,きゃくをへやにとおす,kyaku o heya ni toosu,to show a guest into a room,collocation,Home and Housework,neutral,人を場所に通す is a hospitality pattern meaning to admit or show someone into that place.,玄関で挨拶してから、客を応接室に通した。,"After greeting the guest at the entrance, I showed them into the reception room.",到着した客を先に部屋に通してください。,Please show the guest who has arrived into the room first.,客を招き入れる: invite a guest inside / 客が部屋に入る: the guest enters the room,Mark the guest with を and the destination with に. 通る is the related intransitive verb.
窓から海を眺める,まどからうみをながめる,mado kara umi o nagameru,to gaze at the sea from a window,collocation,Home and Housework,neutral,"から marks the viewpoint, while the scene observed takes を with 眺める.",朝は窓から海を眺めながらコーヒーを飲む。,"In the morning, I drink coffee while gazing at the sea through the window.",ホテルの窓から夜景を眺めた。,I admired the night view from the hotel window.,窓から海が見える: the sea is visible from the window / 海を見る: look at the sea,Use 見える for spontaneous visibility. Use 眺める when someone intentionally takes in the view.
家具を据える,かぐをすえる,kagu o sueru,to install or set furniture firmly in place,collocation,Home and Housework,neutral,"据える means placing something substantial in a chosen position, often with an expectation that it will remain there.",壁際に大きな収納家具を据えた。,We installed a large storage unit against the wall.,部屋の中央に低いテーブルを据えた。,We set a low table in the center of the room.,家具を置く: put or place furniture / 机を据え付ける: install a desk or fixture,"Use を with transitive 据える. For ordinary, easily moved items, 置く is usually the more natural choice."
部屋の寸法を測る,へやのすんぽうをはかる,heya no sunpou o hakaru,to measure a room's dimensions,collocation,Home and Housework,neutral,"寸法 refers to measured dimensions such as length, width, and height; the measured dimensions take を.",家具を買う前に部屋の寸法を測った。,I measured the room before buying furniture.,メジャーを使って窓枠の寸法を測る。,I use a tape measure to measure the window frame.,部屋の広さを測る: measure the room's size / 長さを測る: measure the length,"Use 測る for length, area, and other quantities. 図る and 計る share the reading but have different standard uses."
窓から外をのぞく,まどからそとをのぞく,mado kara soto o nozoku,to peer outside through a window,collocation,Home and Housework,neutral,"のぞく describes looking into or through a limited opening, often briefly or cautiously; から marks the viewpoint.",物音がしたので、窓から外をのぞいた。,"I heard a noise, so I peered outside through the window.",子どもがカーテンの隙間から外をのぞいている。,The child is peeking outside through a gap in the curtains.,窓から外を見る: look outside through the window / 部屋をのぞく: peek into a room,Use のぞく when the restricted view or peeking manner matters. Use 見る for an unmarked act of looking.
食器を片付ける,しょっきをかたづける,shokki o katazukeru,to clear away the dishes,collocation,Home and Housework,neutral,"With 食器, 片付ける means clearing dishes from the table and returning or taking them to the proper place.",食事が終わったら、使った食器を片付ける。,"After the meal, I clear away the dishes we used.",来客が食器を片付けるのを手伝ってくれた。,Our guests helped clear away the dishes.,食器を洗う: wash the dishes / テーブルを片付ける: clear the table,Use transitive 片付ける with を. 食器が片付く describes the dishes being cleared or the task getting done.
家を留守にする,いえをるすにする,ie o rusu ni suru,to leave one's home unattended,collocation,Home and Housework,neutral,家を留守にする means no resident is at home for a period; 留守 is the resulting state.,旅行で三日ほど家を留守にする。,I'll be away from home for about three days on a trip.,長く家を留守にするときは新聞を止める。,I suspend newspaper delivery when I will be away for a long time.,家を空ける: be away from home / 留守番をする: stay behind and mind the house,"Use 家を with 留守にする. A person who remains to watch the home does 留守番, not 留守."
収納に余裕がある,しゅうのうによゆうがある,shuunou ni yoyuu ga aru,to have spare storage capacity,collocation,Home and Housework,neutral,"Xに余裕がある says there is room, time, or capacity to spare in X; here X is household storage.",この部屋は収納に余裕がある。,This room has plenty of spare storage capacity.,棚を整理したら収納に少し余裕ができた。,"After organizing the shelves, I gained a little spare storage space.",収納が多い: have ample storage / 収納に余裕がない: have no spare storage capacity,The domain takes に and 余裕 takes が. Use 収納スペースがある when you only mean that storage exists.
家事を分担する,かじをぶんたんする,kaji o buntan suru,to share household chores,collocation,Home and Housework,neutral,分担する means dividing a body of work among multiple people so each person takes a share.,同居を始める前に家事を分担する方法を話し合った。,"Before living together, we discussed how to share the household chores.",私たちは料理と掃除の家事を分担している。,We divide the cooking and cleaning between us.,家事を手伝う: help with chores / 役割を分担する: divide responsibilities,"Use を for the work divided. If only one person is treated as responsible, 手伝う may unintentionally reinforce that assumption."
実家を離れる,じっかをはなれる,jikka o hanareru,to leave one's family home,collocation,Home and Housework,neutral,"実家 is the family home one comes from, often where one's parents live; 離れる marks departure or separation.",就職を機に実家を離れた。,I left my family home when I started working.,大学進学まで実家を離れたことがなかった。,I had never lived away from my family home before university.,実家を出る: move out of one's family home / 故郷を離れる: leave one's hometown,The place left takes を. Use 故郷 for a broader hometown or home region rather than the household itself.
家が恋しい,いえがこいしい,ie ga koishii,to miss home,collocation,Home and Housework,neutral,"Xが恋しい expresses an aching wish to see or return to someone, somewhere, or something absent.",留学して一か月たつと、家が恋しくなった。,"After a month abroad, I began to miss home.",家が恋しいときは家族に電話する。,"When I miss home, I call my family.",故郷が恋しい: miss one's hometown / 家に帰りたい: want to go home,The object of longing normally takes が. 懐かしい instead describes something as fondly familiar when recalled or encountered.
風呂を沸かす,ふろをわかす,furo o wakasu,to prepare a hot bath,collocation,Home and Housework,neutral,"風呂を沸かす conventionally means heating or preparing bathwater, including operating an automatic bath system.",冷える夜は早めに風呂を沸かす。,"On cold nights, I prepare the bath early.",帰宅時間に合わせて風呂を沸かしておいた。,I had the bath ready for the time they came home.,お湯を沸かす: boil or heat water / 風呂が沸く: the bath becomes ready,Use transitive 沸かす when someone prepares it and intransitive 沸く when it becomes hot or ready.
トイレを掃除する,といれをそうじする,toire o souji suru,to clean the toilet or bathroom,collocation,Home and Housework,neutral,"In Japan, トイレ can refer to the toilet room as well as the fixture; the intended scope follows from context.",週に二回トイレを掃除する。,I clean the toilet twice a week.,来客の前にトイレを掃除しておいた。,I cleaned the toilet before our guests arrived.,便器を掃除する: clean the toilet bowl / 浴室を掃除する: clean the bathroom,The target takes を. Use 浴室 for the separate bathing area rather than translating every English 'bathroom' as トイレ.
宅配便を受け取る,たくはいびんをうけとる,takuhaibin o uketoru,to receive a courier delivery,collocation,Home and Housework,neutral,宅配便 is a door-to-door parcel service; 受け取る focuses on the recipient taking delivery.,午前中に宅配便を受け取る予定だ。,I'm due to receive a courier delivery this morning.,不在だったので、夜に宅配便を受け取った。,"I was out, so I received the delivery in the evening.",宅配便で送る: send by courier / 荷物を受け取る: receive a parcel,受け取る is the standard neutral verb. もらう highlights receiving a favor or gift and is not always appropriate for delivery.
皿を洗う,さらをあらう,sara o arau,to wash the dishes,collocation,Home and Housework,neutral,皿を洗う is the basic household pairing; 皿 can stand for plates specifically or dishes collectively in context.,夕食のあとで皿を洗った。,I washed the dishes after dinner.,料理を作った人の代わりに私が皿を洗う。,I wash the dishes instead of the person who cooked.,食器を洗う: wash the tableware / 皿をすすぐ: rinse the plates,"Use を with transitive 洗う. 食器 is the broader word when cups, bowls, and cutlery are included explicitly."
階段を上る,かいだんをのぼる,kaidan o noboru,to go up the stairs,collocation,Home and Housework,neutral,"With movement verbs, を can mark the route traversed; the stairs are the path, not a direct object in the English sense.",エレベーターを使わず、階段を上った。,I went up the stairs instead of using the elevator.,重い荷物を持って階段を上るのは大変だ。,It is hard to climb the stairs carrying heavy luggage.,階段を下りる: go down the stairs / 二階に上がる: go upstairs,"階段を上る is the standard route pattern. に can mark a destination with 上がる, as in 二階に上がる."
家賃を払う,やちんをはらう,yachin o harau,to pay rent,collocation,Home and Housework,neutral,The charge being paid takes を with 払う; the recipient can take に.,毎月末に家賃を払う。,I pay the rent at the end of every month.,今月の家賃を大家さんに払った。,I paid this month's rent to the landlord.,家賃を振り込む: transfer the rent / 料金を払う: pay a fee,Use を for the payment and に for the recipient. 支払う is a slightly more formal alternative to 払う.
掃除を徹底する,そうじをてっていする,souji o tettei suru,to clean thoroughly and consistently,collocation,Home and Housework,neutral,"Xを徹底する means carrying X out fully and consistently, without leaving gaps.",食中毒を防ぐため、台所の掃除を徹底する。,We clean the kitchen thoroughly to prevent food poisoning.,引っ越し前に各部屋の掃除を徹底した。,We cleaned every room thoroughly before moving.,念入りに掃除する: clean carefully / 衛生管理を徹底する: enforce hygiene management,Use を when 徹底する is transitive. 徹底して掃除する reverses the structure but expresses a similar idea.
帰宅が遅くなる,きたくがおそくなる,kitaku ga osoku naru,to get home late,collocation,Home and Housework,neutral,帰宅 is the event of returning home; が遅くなる says its time becomes later than usual or expected.,残業の日は帰宅が遅くなる。,I get home late on days when I work overtime.,電車が遅れて帰宅が遅くなった。,"The train was delayed, so I got home late.",帰りが遅くなる: be late getting back / 遅く帰宅する: return home late,Use が with the event whose time changes. 帰宅を遅らせる instead means deliberately postponing the return.
料理にみりんを加える,りょうりにみりんをくわえる,ryouri ni mirin o kuwaeru,to add mirin to a dish,collocation,Home and Housework,neutral,"The dish receiving an ingredient takes に, and the ingredient added takes を.",照りを出すため、料理にみりんを加えた。,I added mirin to the dish to give it a glaze.,煮汁にみりんを少し加えてください。,Please add a little mirin to the simmering liquid.,料理酒を加える: add cooking sake / みりんで味を調える: season with mirin,"Keep the roles clear: destination に, added item を. 加える is neutral and works in recipes and explanations."
ご飯を炊く,ごはんをたく,gohan o taku,to cook rice,collocation,Home and Housework,neutral,炊く is the standard verb for cooking rice or grain with water; ご飯 can mean cooked rice or a meal.,夕食に合わせてご飯を炊いた。,I cooked rice in time for dinner.,朝の分まで多めにご飯を炊く。,I cook extra rice for breakfast as well.,米を炊く: cook rice grain / お湯を沸かす: boil water,Use 炊く for rice. 焼く means grill or bake and produces a different dish.
布団を敷く,ふとんをしく,futon o shiku,to lay out a futon,collocation,Home and Housework,neutral,敷く means spreading a flat item over a surface; bedding laid out for sleep takes を.,寝る前に和室へ布団を敷いた。,I laid out the futon in the Japanese-style room before bed.,来客用に二組の布団を敷いておく。,I'll lay out two futons for our guests.,布団を畳む: fold up a futon / ベッドを整える: make a bed,置く only says where the item is placed. 敷く describes spreading it out ready for use.
布団を干す,ふとんをほす,futon o hosu,to air a futon in the sun,collocation,Home and Housework,neutral,布団を干す means exposing bedding to sun and air to reduce moisture; the item takes を.,天気がいいのでベランダに布団を干した。,"The weather was good, so I aired the futon on the balcony.",湿気が多い時期は、晴れた日に布団を干す。,"In the humid season, I air the futon on sunny days.",洗濯物を干す: hang laundry to dry / 布団を乾燥させる: dry a futon,"Use transitive 干す for the person's action. Do not confuse it with intransitive 乾く, 'to become dry.'"
手を洗う,てをあらう,te o arau,to wash one's hands,collocation,Home and Housework,neutral,The body part washed takes を; the cleaning agent can take で.,帰宅したら石けんで手を洗う。,I wash my hands with soap when I get home.,料理を始める前によく手を洗ってください。,Please wash your hands thoroughly before cooking.,手をすすぐ: rinse one's hands / 手洗いをする: wash one's hands,"Use を with transitive 洗う. 手洗い can also refer to a washbasin or washing by hand, depending on context."
鍵をかける,かぎをかける,kagi o kakeru,to lock a door or other closure,collocation,Home and Housework,neutral,"鍵をかける is the everyday pairing for securing a door, window, bicycle, or similar object with a lock.",外出するときは玄関の鍵をかける。,I lock the front door when I go out.,寝る前に窓の鍵をかけたか確認した。,I checked whether I had locked the window before bed.,ドアを閉める: close the door / 鍵がかかっている: be locked,"Closing and locking are separate actions: 閉める closes, while 鍵をかける locks."
カーテンを開ける,かーてんをあける,kaaten o akeru,to open the curtains,collocation,Home and Housework,neutral,開ける is used for moving curtains apart so the window or view is exposed.,朝起きたらカーテンを開ける。,I open the curtains when I get up in the morning.,日差しを入れるためにカーテンを開けた。,I opened the curtains to let in the sunlight.,窓を開ける: open the window / カーテンを閉める: close the curtains,Use 開ける for opening and つける for installing or attaching curtains.
カーテンを閉める,かーてんをしめる,kaaten o shimeru,to close the curtains,collocation,Home and Housework,neutral,"閉める is the standard transitive verb for closing curtains, doors, and windows.",暗くなったのでカーテンを閉めた。,"It became dark, so I closed the curtains.",冷気を防ぐため、厚いカーテンを閉める。,I close the thick curtains to keep out the cold air.,カーテンが閉まる: the curtains close / 雨戸を閉める: close the storm shutters,Use 閉める for the action and 閉まる for the intransitive change of state.
部屋が散らかっている,へやがちらかっている,heya ga chirakatte iru,for a room to be messy,collocation,Home and Housework,neutral,散らかっている describes the resulting state of things being out of place; the messy space takes が.,忙しくて部屋が散らかっている。,"I've been busy, and my room is messy.",子どもが遊んだあとは居間が散らかっている。,The living room is messy after the children play.,部屋を散らかす: make a room messy / 部屋が汚れている: the room is dirty,Use が with intransitive 散らかる. Use を with transitive 散らかす when naming who caused the mess.
床を拭く,ゆかをふく,yuka o fuku,to wipe or mop the floor,collocation,Home and Housework,neutral,"拭く removes moisture, dust, or dirt by rubbing with a cloth, sheet, or mop; the surface takes を.",飲み物をこぼしたので床を拭いた。,"I spilled a drink, so I wiped the floor.",週末は台所の床を水拭きする。,"On weekends, I damp-mop the kitchen floor.",床を掃く: sweep the floor / 雑巾で床を拭く: wipe the floor with a cleaning cloth,Use 拭く for wiping. 洗う is possible for washable outdoor floors but is not the default indoor-housework verb.
冷蔵庫にしまう,れいぞうこにしまう,reizouko ni shimau,to put something away in the refrigerator,collocation,Home and Housework,neutral,しまう means returning or putting something into its proper storage place; that destination takes に.,残った料理は容器に入れて冷蔵庫にしまう。,I put leftovers in a container and store them in the refrigerator.,牛乳を使ったら、すぐ冷蔵庫にしまってね。,Put the milk back in the refrigerator right after you use it.,冷蔵庫に入れる: put in the refrigerator / 棚にしまう: put away on a shelf,"The stored item takes を when stated, and the storage destination takes に. 冷蔵庫をしまう would mean putting the appliance away."
食卓を囲む,しょくたくをかこむ,shokutaku o kakomu,to gather around the dining table for a meal,collocation,Home and Housework,neutral,食卓を囲む is an established image of people sitting together around a table and sharing a meal.,週末は家族全員で食卓を囲む。,"On weekends, the whole family gathers around the table for a meal.",久しぶりに三世代で食卓を囲んだ。,"For the first time in a while, three generations ate together around the table.",食卓に着く: sit down at the table / 一緒に食事をする: eat together,"Use を with 囲む. 食卓に着く focuses on taking a seat, while 食卓を囲む highlights the group meal."
手ごろな値段,てごろなねだん,tegoro na nedan,"a reasonable, affordable price",collocation,Food and Shopping,neutral,手ごろな describes something suited to one's needs or budget; with 値段 it usually means affordable without implying poor quality.,この定食は量が多くて手ごろな値段だ。,This set meal is generous and reasonably priced.,手ごろな値段の炊飯器を探している。,I'm looking for a rice cooker at a reasonable price.,手ごろな価格: an affordable price / 安い値段: a low price,"手ごろ is a na-adjective before a noun, so use な. 安い is more direct and focuses only on the amount."
朝ご飯を食べる,あさごはんをたべる,asagohan o taberu,to eat breakfast,collocation,Food and Shopping,neutral,朝ご飯 is a common conversational word for breakfast; the food or meal consumed takes を.,毎朝七時ごろ朝ご飯を食べる。,I eat breakfast around seven every morning.,忙しくても朝ご飯を食べてから出かける。,"Even when I'm busy, I eat breakfast before leaving.","朝食を取る: have breakfast, more formal / 朝ご飯を抜く: skip breakfast",Use を with 食べる. 朝食 is slightly more formal; both refer to the morning meal.
定食を注文する,ていしょくをちゅうもんする,teishoku o chuumon suru,to order a set meal,collocation,Food and Shopping,neutral,定食 is a fixed set of a main dish and accompaniments; the item ordered takes を with 注文する.,昼は食堂でとんかつ定食を注文した。,"At lunch, I ordered a pork-cutlet set meal in the cafeteria.",初めての店では日替わり定食を注文することが多い。,"At a new restaurant, I often order the daily set meal.","定食を頼む: order a set meal, conversational / 単品で注文する: order à la carte",Use を for the ordered item. 頼む is natural in conversation; 注文する is explicit and neutral.
飲食店で食事をする,いんしょくてんでしょくじをする,inshokuten de shokuji o suru,to eat at a food-service establishment,collocation,Food and Shopping,neutral,"飲食店 is an administrative or category term covering restaurants, cafés, bars, and similar businesses; で marks the place of eating.",駅前の飲食店で食事をした。,I ate at a restaurant near the station.,この通りには遅くまで飲食店で食事をする人が多い。,Many people eat at restaurants on this street late into the evening.,店で食べる: eat at a restaurant / 外食する: eat out,Use で for an action at a place. Choose a more specific venue word when the type of establishment matters.
銘柄米を取り寄せる,めいがらまいをとりよせる,meigaramai o toriyoseru,to order a branded variety of rice from elsewhere,collocation,Food and Shopping,neutral,"取り寄せる means having an item sent from another shop, branch, or region; the ordered item takes を.",産地から二種類の銘柄米を取り寄せた。,I ordered two branded rice varieties directly from their producing regions.,食べ比べるために各地の銘柄米を取り寄せる。,I order branded rice from several regions to compare them.,米を注文する: order rice / 産地から取り寄せる: order directly from the source,Use を for the item and から for its source. 買う alone does not convey delivery from elsewhere.
値段が高い,ねだんがたかい,nedan ga takai,for the price to be high; to be expensive,collocation,Food and Shopping,neutral,Japanese often states that the price is high with 値段が高い; the item can be the topic with は.,この店は駅に近いぶん、値段が高い。,This shop is more expensive because it is near the station.,品質はいいが、少し値段が高い。,"The quality is good, but it is a little expensive.","値段が安い: the price is low / 価格が高い: the price is high, more formal","Use が with the property-bearing noun. To say someone raises a price, use 値段を上げる."
値段が高すぎる,ねだんがたかすぎる,nedan ga takasugiru,for the price to be too high,collocation,Food and Shopping,neutral,The adjective stem 高 plus すぎる means exceeding an acceptable degree; 値段 takes が.,便利そうだが、今の予算には値段が高すぎる。,"It looks useful, but the price is too high for my current budget.",この量で千円は値段が高すぎると思う。,I think one thousand yen is too expensive for this amount.,値段が高い: the price is high / 予算を超える: exceed the budget,Drop the final い before adding すぎる: 高い becomes 高すぎる.
価格が下がる,かかくがさがる,kakaku ga sagaru,for a price to fall,collocation,Food and Shopping,neutral,下がる is intransitive: the price itself decreases and therefore takes が.,旬になると野菜の価格が下がる。,Vegetable prices fall when they come into season.,在庫が増えて商品の価格が下がった。,The product's price fell after inventory increased.,価格を下げる: lower a price / 値段が下がる: the price goes down,Use が with 下がる and を with transitive 下げる.
物価が上昇する,ぶっかがじょうしょうする,bukka ga joushou suru,for the general cost of living to rise,collocation,Food and Shopping,neutral,"物価 refers to the overall level of consumer prices, and 上昇する is a formal intransitive pairing.",輸送費の影響で物価が上昇している。,The cost of living is rising because of transport costs.,物価が急に上昇すると家計への負担が増える。,A sudden rise in the cost of living puts more pressure on household budgets.,"物価が上がる: prices rise, everyday wording / 価格が上昇する: a price rises",Use が for the changing price level. 政策などが物価を上昇させる uses the causative form.
定食を頼む,ていしょくをたのむ,teishoku o tanomu,to order a set meal,collocation,Food and Shopping,neutral,"In restaurants, 頼む is a common conversational alternative to 注文する; the ordered item takes を.",昼休みに焼き魚定食を頼んだ。,I ordered the grilled-fish set at lunch.,迷った末に一番人気の定食を頼んだ。,"After some hesitation, I ordered the most popular set meal.",定食を注文する: order a set meal / 店員に頼む: ask a staff member,Mark the food with を and the person asked with に. Do not attach に to the menu item.
出前を頼む,でまえをたのむ,demae o tanomu,to order food for delivery,collocation,Food and Shopping,neutral,"出前 is prepared food delivered by a restaurant, and 出前を頼む is the conventional ordering phrase.",雨なので、今夜は寿司の出前を頼む。,"It's raining, so we'll order sushi for delivery tonight.",忙しい日は近所のそば屋から出前を頼むことがある。,"On busy days, I sometimes order delivery from the neighborhood soba shop.",料理を配達してもらう: have food delivered / 持ち帰りを頼む: order takeaway,"Use を for the service ordered. 店から can mark the source, while 店に can mark the establishment contacted."
食事をおごる,しょくじをおごる,shokuji o ogoru,to treat someone to a meal,collocation,Food and Shopping,neutral,おごる means paying for another person's food or drink; the treat takes を and the beneficiary can take に.,昇進のお祝いに先輩が食事をおごってくれた。,A senior colleague treated me to a meal to celebrate my promotion.,今日は私がみんなに食事をおごるよ。,I'll treat everyone to a meal today.,人に食事をおごる: buy someone a meal / 食事に招く: invite someone to a meal,Use を for what is paid for and に for the person treated. The kanji 奢る is often written in kana in everyday text.
高価な商品,こうかなしょうひん,kouka na shouhin,"an expensive, high-value product",collocation,Food and Shopping,neutral,高価な is a relatively formal way to describe something carrying a high monetary value.,高価な商品なので、保証内容も確認した。,"Because it is an expensive product, I also checked the warranty.",店員が高価な商品を鍵付きの棚から出した。,The clerk took the expensive item from a locked cabinet.,値段の高い商品: a high-priced product / 高級品: a luxury item,"高価 is a na-adjective before a noun, so use な. 高級 describes class or grade rather than price alone."
価格を交渉する,かかくをこうしょうする,kakaku o koushou suru,to negotiate a price,collocation,Food and Shopping,neutral,交渉する can directly take the issue under negotiation with を; the other party takes と.,複数の商品を買う前に価格を交渉した。,I negotiated the price before buying several items.,販売店と配送料を含む価格を交渉する。,We negotiate with the dealer over a price that includes delivery.,価格交渉をする: conduct price negotiations / 値段を値切る: haggle the price down,Use を for the issue and と for the counterpart. 値切る is more specifically about asking for a reduction.
価格が高騰する,かかくがこうとうする,kakaku ga koutou suru,for a price to soar,collocation,Food and Shopping,neutral,"高騰する describes a steep, conspicuous price rise and is common in news and formal reporting.",不作の影響で野菜の価格が高騰した。,Vegetable prices soared after a poor harvest.,需要が集中すると宿泊料金の価格が高騰することがある。,Accommodation prices can soar when demand is concentrated.,価格が上昇する: the price rises / 価格が急騰する: the price surges suddenly,The rising price takes が. Use 価格をつり上げる when an actor deliberately drives it higher.
妥当な価格,だとうなかかく,datou na kakaku,"a reasonable, justifiable price",collocation,Food and Shopping,neutral,"妥当な means supportable or appropriate in light of evidence, conditions, or comparison.",品質を考えれば妥当な価格だと思う。,"Considering the quality, I think the price is reasonable.",相場を調べて妥当な価格か判断した。,I checked the market rate to judge whether the price was reasonable.,適正な価格: a fair or proper price / 手ごろな価格: an affordable price,Use な before a noun. 手ごろ evaluates affordability for the buyer; 妥当 evaluates justification.
回転寿司に行く,かいてんずしにいく,kaitenzushi ni iku,to go to a conveyor-belt sushi restaurant,collocation,Food and Shopping,neutral,回転寿司 names the restaurant format as well as the meal experience; the destination takes に.,家族と駅前の回転寿司に行った。,I went to a conveyor-belt sushi restaurant near the station with my family.,給料日の夜は回転寿司に行くことが多い。,We often go for conveyor-belt sushi on payday night.,寿司屋に行く: go to a sushi restaurant / 回転寿司で食べる: eat at a conveyor-belt sushi place,Use に or へ for the destination and で for the place where eating occurs.
値段を値切る,ねだんをねぎる,nedan o negiru,to haggle over a price,collocation,Food and Shopping,neutral,値切る means asking a seller to reduce a stated price; the price takes を and the seller can take に.,蚤の市で店主に値段を値切ってみた。,I tried haggling with the seller over the price at the flea market.,まとめて買う代わりに値段を値切った。,I haggled the price down in exchange for buying several items together.,価格を交渉する: negotiate a price / 値下げを頼む: ask for a discount,Use を for the negotiated price. Avoid the behavior at fixed-price shops unless the context clearly permits negotiation.
価格が大幅に上がる,かかくがおおはばにあがる,kakaku ga oohaba ni agaru,for a price to rise substantially,collocation,Food and Shopping,neutral,大幅に is an adverb meaning by a large margin; the changing price takes が with intransitive 上がる.,原材料が不足して商品の価格が大幅に上がった。,The product's price rose substantially because raw materials were scarce.,繁忙期には航空券の価格が大幅に上がる。,Airfare rises substantially during the busy season.,価格が急に上がる: the price rises suddenly / 価格を大幅に上げる: raise the price substantially,Use に to make 大幅 adverbial. Use を and 上げる when naming an actor who raises the price.
物価が上がる,ぶっかがあがる,bukka ga agaru,for the cost of living to rise,collocation,Food and Shopping,neutral,物価が上がる is the everyday counterpart of the more formal 物価が上昇する.,最近は食料品を中心に物価が上がっている。,"Recently, the cost of living has been rising, especially for food.",物価が上がると同じ予算で買える物が減る。,"When the cost of living rises, the same budget buys fewer things.",値段が上がる: an item's price rises / 物価が下がる: the cost of living falls,"Use が with intransitive 上がる. For a single product, prefer 値段 or 価格."
商品が軒並み値上がりする,しょうひんがのきなみねあがりする,shouhin ga nokinami neagari suru,for products across the board to rise in price,collocation,Food and Shopping,neutral,軒並み means nearly every member of a relevant group; 値上がりする describes prices rising.,輸送費が増え、輸入商品が軒並み値上がりした。,"Transport costs rose, and imported products went up in price across the board.",春から日用品が軒並み値上がりする予定だ。,Everyday goods are due to rise in price across the board this spring.,各社が軒並み値上げする: companies raise prices across the board / 多くの商品が値上がりする: many products rise in price,Items whose prices rise take が. 値上げする is transitive and normally names the seller or company as actor.
価格が大幅に下がる,かかくがおおはばにさがる,kakaku ga oohaba ni sagaru,for a price to fall substantially,collocation,Food and Shopping,neutral,"The changing price takes が, and 大幅に states that the size of the fall is large.",新モデルの発売後、旧モデルの価格が大幅に下がった。,"After the new model launched, the old model's price fell substantially.",収穫量が増えれば市場価格が大幅に下がる可能性がある。,"If the harvest increases, market prices may fall substantially.",価格を大幅に下げる: lower the price substantially / 価格が急落する: the price plunges,Use が with 下がる. Change to を and 下げる when a seller actively cuts the price.
雑炊を食べる,ぞうすいをたべる,zousui o taberu,to eat rice porridge cooked in seasoned broth,collocation,Food and Shopping,neutral,"雑炊 is rice simmered in broth, often with egg, vegetables, or leftovers; the food consumed takes を.",風邪で食欲がないので、温かい雑炊を食べた。,"I had no appetite because of a cold, so I ate warm rice porridge.",鍋料理の最後に残った汁で雑炊を食べる。,"At the end of a hot-pot meal, we eat rice porridge made with the remaining broth.",おかゆを食べる: eat plain rice porridge / 締めに雑炊を作る: make porridge to finish a hot-pot meal,Use 雑炊 when the seasoned broth and added ingredients matter; use おかゆ for the plainer dish.
食べ放題に行く,たべほうだいにいく,tabehoudai ni iku,to go out for an all-you-can-eat meal,collocation,Food and Shopping,neutral,食べ放題 means eating without a per-item limit under the restaurant's plan; に marks the outing's destination or purpose.,週末に友達と焼肉の食べ放題に行った。,I went for all-you-can-eat barbecue with friends at the weekend.,誕生日にホテルの食べ放題に行く予定だ。,We're planning to go to a hotel buffet for my birthday.,食べ放題を注文する: order an all-you-can-eat plan / ビュッフェに行く: go to a buffet,"Use に with 行く. 食べ放題 and ビュッフェ overlap, but one names a pricing plan and the other a service format."
店を予約する,みせをよやくする,mise o yoyaku suru,to reserve a restaurant or venue,collocation,Food and Shopping,neutral,店を予約する is common shorthand for reserving a table or time slot at that establishment.,記念日の一週間前に創作料理の店を予約した。,I booked a creative-cuisine restaurant a week before our anniversary.,人気の店なので早めに予約したほうがいい。,"It's a popular restaurant, so you should book early.",席を予約する: reserve a seat or table / 店を貸し切る: reserve an entire venue privately,を treats the establishment as what is booked; 店に予約を入れる instead marks it as the recipient of the booking.
飲食店が立ち並ぶ,いんしょくてんがたちならぶ,inshokuten ga tachinarabu,for restaurants and bars to line a street,collocation,Food and Shopping,neutral,立ち並ぶ describes multiple buildings or shops standing in a row or concentrated along an area.,駅の北口には小さな飲食店が立ち並んでいる。,Small restaurants and bars line the street outside the station's north exit.,川沿いに個性的な飲食店が立ち並ぶ。,Distinctive restaurants line the riverfront.,店が並ぶ: shops line the street / 飲食店が集まる: restaurants cluster together,Use が with intransitive 立ち並ぶ. 食通り is not an established general word; describe the actual shops or use 飲食店街.
甘口のカレー,あまくちのかれー,amakuchi no karee,mild curry,collocation,Food and Shopping,neutral,甘口 labels a mild or sweet flavor category; の links it to the food or drink classified.,辛い物が苦手なので甘口のカレーを注文した。,I ordered mild curry because I do not handle spicy food well.,子ども用には甘口のカレーを作る。,I make mild curry for the children.,中辛のカレー: medium-hot curry / 辛口のカレー: hot curry,Use の after the noun-like flavor label 甘口. Do not assume 甘い and 甘口 are interchangeable in every product category.
代金を払い戻す,だいきんをはらいもどす,daikin o haraimodosu,to refund a payment,collocation,Food and Shopping,neutral,払い戻す means returning money already paid; the refunded amount or payment takes を.,品切れになったため、店が注文の代金を払い戻した。,The shop refunded the order because the item was out of stock.,返品を受け付けたあとで代金を払い戻します。,We will refund the payment after accepting the return.,代金が払い戻される: the payment is refunded / 返金する: issue a refund,Use を when the seller performs the refund. The customer normally receives it with the passive 払い戻される or 返金される.
納豆をご飯にかける,なっとうをごはんにかける,nattou o gohan ni kakeru,to put natto over rice,collocation,Food and Shopping,neutral,The topping takes を and the base receiving it takes に with かける.,朝は納豆をご飯にかけて食べる。,"In the morning, I put natto over rice and eat it.",刻んだねぎを混ぜた納豆をご飯にかけた。,I put natto mixed with chopped spring onion over rice.,ご飯に卵をかける: put egg over rice / 納豆を混ぜる: stir natto,"Keep the direction clear: topping を, food underneath に. Reversing the particles reverses what is put on what."
揚げ物を控える,あげものをひかえる,agemono o hikaeru,to cut back on fried food,collocation,Food and Shopping,neutral,"Xを控える means deliberately reducing or avoiding X, often for health, cost, or self-restraint.",胃が疲れているので今週は揚げ物を控えている。,"My stomach feels worn out, so I am cutting back on fried food this week.",健康診断の前だけでなく普段から揚げ物を控える。,"I cut back on fried food routinely, not only before health checks.",揚げ物を避ける: avoid fried food / 量を控えめにする: keep the amount modest,Use を for what is reduced. 控えめな揚げ物 would instead describe the food or amount as modest.
仕込みを済ませる,しこみをすませる,shikomi o sumaseru,to finish the advance food preparation,collocation,Food and Shopping,neutral,"仕込み covers advance preparation of ingredients, stock, dough, and other components; 済ませる marks completing it.",店を開ける前に昼の仕込みを済ませる。,We finish the lunch preparation before opening the restaurant.,朝のうちに夕食の仕込みを済ませておいた。,I finished the dinner prep in the morning.,仕込みが済む: the preparation is finished / 下ごしらえをする: prepare ingredients,Use を with transitive 済ませる and が with intransitive 済む.
締めに雑炊を頼む,しめにぞうすいをたのむ,shime ni zousui o tanomu,to order rice porridge to finish the meal,collocation,Food and Shopping,neutral,締めに marks the final dish or action that rounds off a meal or evening; the ordered dish takes を.,鍋を食べたあと、締めに雑炊を頼んだ。,"After the hot pot, we ordered rice porridge to finish the meal.",飲んだあとの締めに雑炊を頼む人もいる。,Some people order rice porridge to finish an evening of drinking.,締めに麺を入れる: add noodles to finish / 最後に雑炊を食べる: eat porridge at the end,Use に to mark the role 'as the finish.' 締めの一品 is a noun phrase meaning the final dish.
好き嫌いなく食べる,すききらいなくたべる,sukikirai naku taberu,to eat without being picky,collocation,Food and Shopping,neutral,好き嫌いなく functions adverbially and means without rejecting foods based on personal likes and dislikes.,子どもには好き嫌いなく食べてほしい。,I want my children to eat without being picky.,彼は野菜も魚も好き嫌いなく食べる。,He eats vegetables and fish without being picky.,何でも食べる: eat anything / 好き嫌いが多い: be a picky eater,"Use なく, not ない, before the verb. Do not use this phrase to dismiss medical or religious dietary needs."
食後に甘味を注文する,しょくごにかんみをちゅうもんする,shokugo ni kanmi o chuumon suru,to order a sweet after the meal,collocation,Food and Shopping,neutral,"食後に marks the timing, while 甘味 is a somewhat traditional or menu-style word for sweets and desserts.",食後にあんみつなどの甘味を注文した。,"After the meal, I ordered a sweet such as anmitsu.",食後に温かいお茶と甘味を注文する。,I order hot tea and a sweet after the meal.,デザートを頼む: order dessert / 食後の甘味: an after-meal sweet,"Use に for time and を for the ordered item. In casual conversation, デザート may sound more natural."
食べ応えがある,たべごたえがある,tabegotae ga aru,to be substantial and satisfying to eat,collocation,Food and Shopping,neutral,"食べ応えがある says a food provides a satisfying sense of substance, often because of amount, texture, or density.",厚い肉が入っていて食べ応えがある。,The thick pieces of meat make it substantial and satisfying.,豆だけの料理でも調理法しだいで食べ応えがある。,Even a bean-only dish can be substantial depending on how it is prepared.,量が多い: be large in quantity / 食べやすい: be easy to eat,Use が with ある. 食べ応えのある is the attributive form before a noun.
コスパがいい,こすぱがいい,kosupa ga ii,to offer good value for money,collocation,Food and Shopping,neutral,コスパ abbreviates cost performance and evaluates value received relative to cost; it is common but informal.,このランチは量も味も満足できてコスパがいい。,This lunch offers good value: both the portion and flavor are satisfying.,長く使える商品は結果的にコスパがいいこともある。,A durable product can turn out to offer good value.,"割安だ: be relatively inexpensive / 費用対効果が高い: be cost-effective, formal",Use が with いい. Avoid コスパ in formal reports when 費用対効果 is more appropriate.
食い倒れを楽しむ,くいだおれをたのしむ,kuidaore o tanoshimu,to enjoy an extravagant food crawl,collocation,Food and Shopping,neutral,"食い倒れ evokes spending freely and eating extensively, especially in the expression 京の着倒れ、大阪の食い倒れ.",大阪では店を何軒も回って食い倒れを楽しんだ。,"In Osaka, we enjoyed an extravagant crawl through several restaurants.",一日かけて商店街の食い倒れを楽しむ計画だ。,We plan to spend the day enjoying a food crawl through the shopping district.,食べ歩きを楽しむ: enjoy trying food at different shops / 食べ過ぎる: eat too much,The term can sound promotional or stereotyped; use 食べ歩き for a neutral description of visiting food spots.
まとめ買いで節約する,まとめがいでせつやくする,matomegai de setsuyaku suru,to save money by buying in bulk,collocation,Food and Shopping,neutral,で marks the means: purchasing several units or a larger quantity at once is used to reduce total cost.,保存できる食品はまとめ買いで節約する。,I save money by buying shelf-stable food in bulk.,日用品をまとめ買いで節約できるか単価を比べた。,I compared unit prices to see whether buying household goods in bulk would save money.,特売で節約する: save through a sale / まとめて買う: buy several things together,Use で for the method. Check unit price and likely consumption before calling a purchase a saving.
値下げを交渉する,ねさげをこうしょうする,nesage o koushou suru,to negotiate a price reduction,collocation,Food and Shopping,neutral,値下げ is a reduction from the stated price; を marks the matter being negotiated.,展示品に傷があったので値下げを交渉した。,"The display item was scratched, so I negotiated a discount.",複数台買う条件で値下げを交渉する。,We negotiate a discount on condition that we buy several units.,価格を交渉する: negotiate the price / 値下げを頼む: ask for a reduction,"Use を for the issue and と for a negotiating counterpart. 打診する is a preliminary feeler, not the negotiation itself."
健康的な食事を心がける,けんこうてきなしょくじをこころがける,kenkouteki na shokuji o kokorogakeru,to make a conscious effort to eat healthily,collocation,Food and Shopping,neutral,Xを心がける means keeping X consciously in mind and trying to practice it regularly.,忙しい時期でも健康的な食事を心がけている。,"Even when work is busy, I make an effort to eat healthily.",外食するときも野菜を含む健康的な食事を心がける。,"Even when eating out, I try to choose a healthy meal that includes vegetables.",栄養のバランスを意識する: be mindful of nutritional balance / 食生活を改善する: improve one's diet,Use を with the practice kept in mind. 心掛ける is also commonly written 心がける.
さっぱりした味,さっぱりしたあじ,sappari shita aji,"a light, clean-tasting flavor",collocation,Food and Shopping,neutral,"With food, さっぱりした describes a clean, refreshing taste with little heaviness or lingering richness.",暑い日は酢の物のさっぱりした味がうれしい。,"On a hot day, the light, clean taste of vinegared food is welcome.",レモンを加えるとさっぱりした味になる。,"Adding lemon gives it a lighter, fresher taste.","あっさりした味: a light, mild flavor / こってりした味: a rich, heavy flavor","Use した before a noun. あっさり overlaps, while さっぱり often adds a refreshing after-feel."
無農薬の米,むのうやくのこめ,munouyaku no kome,rice grown without agricultural chemicals,collocation,Food and Shopping,neutral,無農薬の米 is a general descriptive phrase; の links the production claim to rice.,生産者を確認して無農薬の米を選んだ。,I checked the producer and chose rice grown without agricultural chemicals.,無農薬の米だという説明だけでなく栽培記録も見た。,I looked at the cultivation record rather than relying only on the claim that the rice was pesticide-free.,有機米: organically certified rice / 農薬を減らして作った米: rice grown with reduced pesticide use,Use の after the noun-like modifier. Do not treat 無農薬 and certified 有機 as legally or technically identical.
飲み放題付きのコース,のみほうだいつきのこーす,nomihoudai-tsuki no koosu,a set course that includes unlimited drinks,collocation,Food and Shopping,neutral,X付き means X is included; の connects the resulting modifier to コース.,歓迎会では飲み放題付きのコースを予約した。,"For the welcome party, we booked a set course with unlimited drinks.",人数が多いので飲み放題付きのコースを頼んだ。,"Because our group was large, we ordered a course that included unlimited drinks.",食べ放題のコース: an all-you-can-eat plan / 飲み物別のコース: a course with drinks charged separately,Use the suffix 付き directly after what is included. Check the plan's time limit and included menu.
量が多い,りょうがおおい,ryou ga ooi,for the portion or quantity to be large,collocation,Food and Shopping,neutral,"量が多い evaluates the amount, with が marking the property-bearing noun.",この店の定食は値段のわりに量が多い。,This restaurant's set meals are large for the price.,一人では食べ切れないほど量が多い。,The portion is so large that one person cannot finish it.,量が少ない: the quantity is small / 大盛りにする: order a larger serving,"Use が with 多い. When modifying a noun, Japanese often prefers 量の多い料理 over 多い量の料理."
玄米を食べる,げんまいをたべる,genmai o taberu,to eat brown rice,collocation,Food and Shopping,neutral,玄米 is rice with the bran and germ largely intact; the food consumed takes を.,昼は白米の代わりに玄米を食べている。,"At lunch, I eat brown rice instead of white rice.",玄米を食べるときは水加減と炊き方を変える。,"When I eat brown rice, I adjust the water and cooking method.",白米を食べる: eat white rice / 玄米を炊く: cook brown rice,Use を with 食べる. Any health effect depends on the person's overall diet and circumstances.
値下げを決める,ねさげをきめる,nesage o kimeru,to decide on a price reduction,collocation,Food and Shopping,neutral,値下げを決める focuses on the decision to reduce a price; the item affected can take の or be stated separately.,閉店前に弁当の値下げを決めた。,The shop decided to reduce the price of boxed meals before closing.,売れ残りを減らすため商品の値下げを決めた。,The shop decided to mark products down to reduce unsold stock.,値下げを実施する: implement a price cut / 価格を下げる: lower the price,Use を with transitive 決める. 値下げが決まる is the intransitive counterpart.
物価上昇に拍車をかける,ぶっかじょうしょうにはくしゃをかける,bukka joushou ni hakusha o kakeru,to accelerate rising prices,collocation,Food and Shopping,neutral,Xに拍車をかける means making an existing trend or process advance faster or more intensely.,燃料費の高騰が物価上昇に拍車をかけた。,Soaring fuel costs accelerated the rise in consumer prices.,通貨安が輸入品の物価上昇に拍車をかける可能性がある。,A weaker currency may accelerate price rises for imported goods.,物価上昇を加速させる: accelerate inflation / 値上げが相次ぐ: price increases occur one after another,"The accelerated trend takes に, while 拍車 takes を. Use a simpler 加速させる where the idiom feels too journalistic."
手ごろな価格,てごろなかかく,tegoro na kakaku,"a reasonable, affordable price",collocation,Food and Shopping,neutral,手ごろな価格 presents the amount as manageable and suitable for the buyer's purpose or budget.,手ごろな価格の家電を比較している。,I'm comparing appliances at reasonable prices.,品質と保証を考えて手ごろな価格の商品を選んだ。,"Considering quality and warranty, I chose a reasonably priced product.","手ごろな値段: an affordable price, conversational / 適正な価格: a fair or proper price",Use な because 手ごろ is a na-adjective. 価格 is somewhat more formal than 値段.
食べ歩きを楽しむ,たべあるきをたのしむ,tabearuki o tanoshimu,to enjoy trying food at different places,collocation,Food and Shopping,neutral,"食べ歩き often means visiting multiple shops to try foods, though it can also suggest eating while walking in some contexts.",商店街で名物の食べ歩きを楽しんだ。,I enjoyed sampling local specialties around the shopping street.,市場では店の前で食べてから次へ進み、食べ歩きを楽しんだ。,"At the market, we ate by each stall before moving on and enjoyed sampling the food.",店を食べ歩く: eat one's way around restaurants / 歩きながら食べる: eat while walking,Use を with 楽しむ. Distinguish touring food spots from the literal action of eating while walking.
締めのラーメンを食べる,しめのらーめんをたべる,shime no raamen o taberu,to eat ramen as the final dish after drinking,collocation,Food and Shopping,neutral,"締めのラーメン is a culturally familiar, informal phrase for ramen eaten to round off an evening of drinking.",飲み会のあとに締めのラーメンを食べた。,"After the drinking party, we had ramen as the final dish.",最近は締めのラーメンを食べずに帰ることが多い。,"Lately, I usually go home without having ramen at the end of the night.",締めにラーメンを食べる: have ramen to finish / 締めの一品: the final dish,Use の to make 締め modify ラーメン. に can instead mark its role: 締めにラーメンを食べる.
友達に会う,ともだちにあう,tomodachi ni au,to meet or see a friend,collocation,Relationships,neutral,The person encountered or arranged to meet commonly takes に with 会う.,仕事のあとで久しぶりに友達に会う。,I'm seeing a friend for the first time in a while after work.,旅行中に地元の友達に会った。,I met a local friend while traveling.,"友達と会う: meet with a friend, mutual emphasis / 友達に出会う: encounter or first meet a friend","Use に for the person met. と is also natural when emphasizing a planned, mutual meeting."
友人を家に招く,ゆうじんをいえにまねく,yuujin o ie ni maneku,to invite a friend to one's home,collocation,Relationships,neutral,The invited person takes を and the destination takes に with 招く.,週末に親しい友人を家に招いた。,I invited a close friend to my home at the weekend.,引っ越しが落ち着いたら友人を家に招きたい。,"Once the move settles down, I'd like to invite friends over.",友人を食事に誘う: invite a friend to a meal / 友人が家を訪ねる: a friend visits one's home,"Keep the roles clear: person を, destination or occasion に. 誘う is more conversational for casual outings."
会話を進める,かいわをすすめる,kaiwa o susumeru,to move a conversation forward,collocation,Relationships,neutral,会話を進める means guiding discussion from one point to the next without necessarily controlling it completely.,相手の反応を見ながら会話を進めた。,I moved the conversation along while watching the other person's reactions.,質問だけでなく自分の話もして会話を進める。,"I move the conversation forward by sharing my own thoughts, not only asking questions.",会話が進む: the conversation progresses / 話題を変える: change the subject,Use を with transitive 進める and が with intransitive 進む.
直接会って話す,ちょくせつあってはなす,chokusetsu atte hanasu,to meet and talk in person,collocation,Relationships,neutral,"直接 modifies the linked actions 会って話す and contrasts with phone, text, or an intermediary.",大切なことなので直接会って話したい。,"It is important, so I want to meet and talk in person.",誤解を解くために本人と直接会って話した。,I met and spoke with the person directly to clear up the misunderstanding.,対面で話す: talk face-to-face / 電話で話す: talk by phone,Use the te-form 会って to connect the actions. 直接 is normally adverbial without に here.
話がまとまる,はなしがまとまる,hanashi ga matomaru,for a discussion to reach an agreement,collocation,Relationships,neutral,話がまとまる means the parties arrive at a coherent conclusion or agreement.,条件を確認したあとで話がまとまった。,"After confirming the terms, the discussion ended in agreement.",何度か相談してようやく話がまとまった。,"After several discussions, we finally reached an agreement.",話をまとめる: bring the discussion together / 交渉がまとまる: negotiations conclude successfully,Use が with intransitive まとまる. Use を with まとめる when someone actively organizes or concludes it.
再会を約束する,さいかいをやくそくする,saikai o yakusoku suru,to promise to meet again,collocation,Relationships,neutral,再会を約束する is a compact way to promise another meeting after a separation.,別れ際に来年の再会を約束した。,"As we parted, we promised to meet again next year.",卒業式の日に友人たちと再会を約束した。,"On graduation day, my friends and I promised to meet again.",また会う約束をする: arrange to meet again / 再会を願う: hope to meet again,Use を for what is promised. Add a date or place when it is a concrete arrangement rather than a sentiment.
家族と暮らす,かぞくとくらす,kazoku to kurasu,to live with one's family,collocation,Relationships,neutral,The people sharing a household take と with 暮らす.,今は両親と離れ、姉の家族と暮らしている。,I now live apart from my parents and with my sister's family.,将来は故郷で家族と暮らしたい。,"In the future, I want to live with my family in my hometown.",家族と住む: live with family / 一人で暮らす: live alone,Use と for companions and で for the place. 共に暮らす is more literary or formal.
愛情を受けて育つ,あいじょうをうけてそだつ,aijou o ukete sodatsu,to grow up receiving affection,collocation,Relationships,neutral,愛情を受ける describes receiving care or affection; the te-form links that background to 育つ.,彼は周囲の人から愛情を受けて育った。,He grew up surrounded by affection from the people around him.,祖父母からも愛情を受けて育った。,I also grew up receiving affection from my grandparents.,大切に育てられる: be raised with care / 厳しく育てられる: be raised strictly,Use を for what is received and から for its source. 育つ is intransitive; 育てる names the caregiver's action.
連絡を取り合う,れんらくをとりあう,renraku o toriau,to keep in contact with each other,collocation,Relationships,neutral,取り合う adds reciprocity: the people exchange messages or updates rather than one person contacting the other once.,離れて暮らしていても家族と連絡を取り合っている。,"Even though we live apart, my family and I keep in touch.",災害のあと、友人同士で連絡を取り合った。,"After the disaster, the friends contacted one another.",連絡を取る: contact someone / 連絡を絶つ: cut off contact,"Use を with the fixed phrase. State the other party with と, not に, when emphasizing mutual exchange."
逢瀬を重ねる,おうせをかさねる,ouse o kasaneru,"to meet a romantic partner repeatedly, often in secret",collocation,Relationships,neutral,逢瀬 is a literary word for a lovers' meeting; 重ねる says such meetings occur repeatedly.,物語では二人が人目を避けて逢瀬を重ねる。,"In the story, the two lovers meet repeatedly away from prying eyes.",古い恋愛小説に逢瀬を重ねる男女が描かれている。,An old romance novel depicts a couple meeting in secret again and again.,デートを重ねる: go on a series of dates / 密会を重ねる: hold repeated secret meetings,"Use this expression mainly in literary, historical, or deliberately dramatic contexts."
約束を守る,やくそくをまもる,yakusoku o mamoru,to keep a promise,collocation,Relationships,neutral,"守る pairs conventionally with promises, rules, and deadlines to mean honoring them.",小さな約束でもきちんと守る。,I keep even small promises.,時間どおりに来て約束を守ってくれた。,They came on time and kept their promise.,約束を破る: break a promise / 約束を果たす: fulfill a promise,Use を for the commitment maintained. 果たす focuses more on carrying out the promised act.
友達と遊ぶ,ともだちとあそぶ,tomodachi to asobu,to spend leisure time with a friend,collocation,Relationships,neutral,"The companion takes と, the location takes で, and 遊ぶ covers many forms of informal recreation.",放課後に公園で友達と遊ぶ。,I play with my friends in the park after school.,休みの日は友達と遊んだり映画を見たりする。,"On days off, I hang out with friends and watch films.",友達と出かける: go out with a friend / 子どもと遊ぶ: play with a child,Use と for the companion. に can appear with 会う but does not replace と in this basic 遊ぶ pattern.
友達が訪ねてくる,ともだちがたずねてくる,tomodachi ga tazunete kuru,for a friend to come to visit,collocation,Relationships,neutral,訪ねてくる combines visiting with movement toward the speaker's current or relevant location.,午後に学生時代の友達が訪ねてくる。,A friend from my student days is coming to visit this afternoon.,週末に近所の友達が訪ねてきた。,A neighborhood friend came to visit at the weekend.,友達が遊びに来る: a friend comes over / 友達を訪ねる: visit a friend,Use が for the visitor. Use を with 訪ねる when the person or place visited is the object.
駅前で待ち合わせる,えきまえでまちあわせる,ekimae de machiawaseru,to meet by arrangement in front of a station,collocation,Relationships,neutral,"The meeting place takes で, the other person takes と, and the time takes に.",六時に駅前で友達と待ち合わせる。,I'm meeting a friend outside the station at six.,人が多いので駅前の交番で待ち合わせた。,"Because it was crowded, we met by arrangement at the police box outside the station.",駅前で会う: meet in front of the station / 改札で待つ: wait at the ticket gate,"Use で for the meeting location. に is possible with 集合する, but not the basic 待ち合わせる place pattern."
友情を深める,ゆうじょうをふかめる,yuujou o fukameru,to deepen a friendship,collocation,Relationships,neutral,深める treats a relationship or understanding as becoming stronger or more profound.,共同生活を通して仲間との友情を深めた。,Living together deepened my friendship with the group.,何度も助け合ううちに友情を深めていった。,Helping one another repeatedly deepened their friendship.,友情が深まる: the friendship deepens / 親しくなる: become close,Use を with transitive 深める and が with intransitive 深まる.
待ち合わせに遅れる,まちあわせにおくれる,machiawase ni okureru,to be late for an arranged meeting,collocation,Relationships,neutral,The event one is late for takes に with 遅れる.,電車が遅れて待ち合わせに十分遅れた。,"The train was delayed, and I was ten minutes late for our meeting.",待ち合わせに遅れそうなら早めに連絡する。,"If I may be late for a meeting, I contact the other person early.",約束の時間に遅れる: be late for the agreed time / 待ち合わせに間に合う: make it to the meeting on time,"Use に for the event. を can mark an amount with 遅れる only in other constructions, not the appointment itself."
集まりに参加する,あつまりにさんかする,atsumari ni sanka suru,to attend or take part in a gathering,collocation,Relationships,neutral,The event joined takes に with 参加する. 集まり is broader and less formal than 会議.,地域の小さな集まりに初めて参加した。,I attended a small neighborhood gathering for the first time.,友人に誘われて読書会の集まりに参加した。,A friend invited me to join a book-club gathering.,"会合に出席する: attend a meeting, formal / 集まりを開く: hold a gathering",Use に for the event. 出席する suits formally constituted meetings; 参加する is broader.
友達に相談する,ともだちにそうだんする,tomodachi ni soudan suru,to consult a friend,collocation,Relationships,neutral,The person consulted takes に; the topic commonly takes について or をめぐって.,一人で決められず、信頼できる友達に相談した。,"I couldn't decide alone, so I consulted a friend I trust.",引っ越すかどうか友達に相談してみる。,I'll ask a friend for advice about whether to move.,友達と相談する: discuss it with a friend / 友達に打ち明ける: confide in a friend,Use に when the friend is the adviser. と emphasizes making the discussion together.
信頼を築く,しんらいをきずく,shinrai o kizuku,to build trust,collocation,Relationships,neutral,築く pairs with trust and relationships to express gradual construction through repeated action.,約束を守ることが相手との信頼を築く。,Keeping promises builds trust with the other person.,率直に話し合いながら少しずつ信頼を築いた。,We gradually built trust by speaking openly.,信頼を得る: gain trust / 信頼を失う: lose trust,Use を with 築く. 人を信頼する means to trust someone and is a different grammatical pattern.
家族と旅行する,かぞくとりょこうする,kazoku to ryokou suru,to travel with one's family,collocation,Relationships,neutral,"The companions take と; the place visited can take を, に, or へ depending on whether it is route, destination, or area traveled.",夏休みに家族と北海道を旅行した。,I traveled around Hokkaido with my family during summer vacation.,年に一度は家族と旅行するようにしている。,I try to travel with my family once a year.,家族旅行に行く: go on a family trip / 家族で旅行する: travel as a family group,Use と for companions. 家族で emphasizes the group as a unit and is also natural.
将来を約束する,しょうらいをやくそくする,shourai o yakusoku suru,to pledge a future together,collocation,Relationships,neutral,"In a romantic context, 将来を約束する suggests a serious mutual commitment, often toward marriage.",二人は結婚を考え、互いに将来を約束した。,The couple discussed marriage and pledged a future together.,若いころに将来を約束した相手と再会した。,I met again the person with whom I had once pledged a future.,結婚を約束する: promise to marry / 将来について話す: talk about the future,"Use を for what is pledged. For ordinary planning, use 将来の予定を立てる or 将来について話す."
遠距離恋愛になる,えんきょりれんあいになる,enkyori ren'ai ni naru,to enter a long-distance relationship,collocation,Relationships,neutral,Xになる marks a change into the stated relationship or condition; 遠距離恋愛 means partners live far apart.,転勤をきっかけに二人は遠距離恋愛になった。,A job transfer put the couple in a long-distance relationship.,来月から遠距離恋愛になるので連絡の取り方を話し合った。,We discussed how to stay in touch because our relationship will become long-distance next month.,遠距離恋愛を続ける: maintain a long-distance relationship / 離れて暮らす: live apart,Use に with なる. Use を with 続ける when describing maintaining the relationship.
約束を果たす,やくそくをはたす,yakusoku o hatasu,to fulfill a promise,collocation,Relationships,neutral,果たす focuses on carrying out the action or duty contained in a promise.,十年後に再会するという約束を果たした。,We fulfilled our promise to meet again ten years later.,支えてくれた人に恩返しする約束を果たしたい。,I want to fulfill my promise to repay the people who supported me.,約束を守る: keep a promise / 責任を果たす: fulfill a responsibility,Use を with 果たす. Choose 守る when the emphasis is not breaking or violating the commitment.
お互いに妥協する,おたがいにだきょうする,otagai ni dakyou suru,for both sides to compromise,collocation,Relationships,neutral,お互いに emphasizes reciprocal action by both sides; 妥協する means accepting less than one's ideal to reach common ground.,意見は違ったが、お互いに少しずつ妥協した。,"Our views differed, but both of us compromised a little.",暮らし方の違いについてお互いに妥協する必要があった。,We needed to compromise with each other over differences in how we lived.,双方が譲歩する: both sides make concessions / 折り合いをつける: find a workable compromise,Use に after お互い in this adverbial pattern. 妥協する may sound negative when 協力 or 調整 better describes the process.
家族を扶養する,かぞくをふようする,kazoku o fuyou suru,to support dependent family members financially,collocation,Relationships,neutral,扶養する is a formal term for providing the financial support needed by dependent relatives.,働きながら二人の家族を扶養している。,I work while financially supporting two family members.,家族を扶養する責任と自分の生活を両立させる。,I balance responsibility for supporting my family with my own life.,家族を養う: support one's family / 親を介護する: care for an elderly parent,Use を for the dependent person. Do not equate 扶養 with physical caregiving or assume legal eligibility from the phrase alone.
再会を待ち望む,さいかいをまちのぞむ,saikai o machinozomu,to long for a reunion,collocation,Relationships,neutral,"待ち望む combines waiting with a strong, hopeful desire for the event to arrive.",遠くに住む家族との再会を待ち望んでいる。,"I am longing to be reunited with my family, who live far away.",手紙には再会を待ち望む気持ちが書かれていた。,The letter expressed a longing to meet again.,再会を楽しみにする: look forward to a reunion / 再会を待つ: wait for a reunion,Use を for the awaited event. 楽しみにする is lighter and more conversational.
人を席に案内する,ひとをせきにあんないする,hito o seki ni annai suru,to show someone to a seat,collocation,Relationships,neutral,The person guided takes を and the destination takes に with 案内する.,受付の人が私たちを奥の席に案内した。,The receptionist showed us to seats at the back.,店員が家族連れを広い席に案内する。,The server shows the family group to a large table.,"こちらへどうぞ: this way, please / 客を部屋に通す: show a guest into a room","Keep the roles clear: person を, destination に. 人に場所を案内する instead means showing or explaining the place to that person."
会う日を先延ばしにする,あうひをさきのばしにする,au hi o sakinobashi ni suru,to postpone the day of a meeting,collocation,Relationships,neutral,"Xを先延ばしにする means deliberately putting X off until later, often with a critical undertone.",忙しさを理由に会う日を先延ばしにした。,I postponed the day we were going to meet because I was busy.,話し合いを避けて会う日を先延ばしにしてはいけない。,We should not keep postponing the meeting just to avoid the discussion.,会う日を延期する: postpone the meeting date / 予定を後ろにずらす: move the plan later,"Use を with the postponed event. For neutral administrative rescheduling, use 延期する or 日程を変更する."
連絡が途絶える,れんらくがとだえる,renraku ga todaeru,for contact to cease,collocation,Relationships,neutral,途絶える means an ongoing flow or connection stops; the contact itself takes が.,引っ越しのあと、しばらく友人との連絡が途絶えた。,"After the move, I lost touch with my friend for a while.",忙しくても大切な人との連絡が途絶えないようにしたい。,"Even when busy, I do not want to lose touch with people important to me.",連絡を絶つ: deliberately cut off contact / 連絡が減る: contact becomes less frequent,Use が with intransitive 途絶える. Use を with transitive 絶つ when an actor deliberately cuts contact.
お互いに助け合う,おたがいにたすけあう,otagai ni tasukeau,to help each other,collocation,Relationships,neutral,The reciprocal compound 助け合う already means mutual help; お互いに makes that reciprocity explicit.,困ったときは家族でお互いに助け合う。,"When trouble comes, our family members help one another.",近所の人たちは災害のあとお互いに助け合った。,The neighbors helped one another after the disaster.,人を助ける: help someone / 支え合う: support one another,"Use お互いに adverbially. In many sentences, the shorter 助け合う is sufficient."
人の名前を尋ねる,ひとのなまえをたずねる,hito no namae o tazuneru,to ask someone's name,collocation,Relationships,neutral,尋ねる is a neutral-to-formal verb for asking information; the information requested takes を.,受付で参加者の名前を丁寧に尋ねた。,"At reception, I politely asked the participant's name.",聞き取れなかったので、もう一度名前を尋ねた。,"I did not catch it, so I asked the name again.","お名前を伺う: ask someone's name, humble and polite / 誰か聞く: ask who someone is","Use を for the requested information. In service encounters, お名前を伺ってもよろしいですか is more considerate."
話し相手になる,はなしあいてになる,hanashiaite ni naru,to keep someone company in conversation,collocation,Relationships,neutral,話し相手になる means taking the role of someone another person can talk with.,落ち込んでいる友人の話し相手になった。,I kept a downcast friend company and listened to them talk.,祖父が一人でいる日は電話で話し相手になる。,"On days my grandfather is alone, I keep him company by phone.",相談相手になる: be someone to consult / 話を聞く: listen to someone,"Use に with なる. 話し相手がいない describes absence, while なる describes someone taking the role."
対等な立場で話す,たいとうなたちばではなす,taitou na tachiba de hanasu,to speak as equals,collocation,Relationships,neutral,"対等な modifies 立場, and で marks the role or condition under which the conversation occurs.",年齢や役職に関係なく対等な立場で話した。,We spoke as equals regardless of age or position.,親子でも一人の人間として対等な立場で話すことはできる。,"Parents and children can still speak as equals, person to person.",同じ目線で話す: speak on the same level / 上下関係を意識する: be conscious of hierarchy,Use な before 立場 and で for the conversational stance. Avoid using the phrase to obscure institutional authority.
友人を集まりに招く,ゆうじんをあつまりにまねく,yuujin o atsumari ni maneku,to invite a friend to a gathering,collocation,Relationships,neutral,The invited person takes を and the occasion takes に with 招く.,誕生日の集まりに親しい友人を招いた。,I invited close friends to my birthday gathering.,新しい友人を地域の集まりに招きたい。,I want to invite a new friend to the neighborhood gathering.,友人を食事に誘う: invite a friend to a meal / 客を式典に招く: invite a guest to a ceremony,Use を for the person and に for the event. 誘う often sounds more natural for casual peer invitations.
本人に直接聞く,ほんにんにちょくせつきく,honnin ni chokusetsu kiku,to ask the person directly,collocation,Relationships,neutral,The person asked takes に; 直接 excludes hearsay or an intermediary.,うわさを信じる前に本人に直接聞いた。,"Before believing the rumor, I asked the person directly.",気になるなら本人に直接聞くのが一番早い。,"If you want to know, asking the person directly is quickest.",本人から話を聞く: hear the account from the person / 第三者に確認する: check with a third party,Use に for the addressee and から when focusing on information received from that source.
家族構成を尋ねる,かぞくこうせいをたずねる,kazoku kousei o tazuneru,to ask about someone's family composition,collocation,Relationships,neutral,家族構成 is a formal term for who makes up a household or family; the requested information takes を.,必要な理由を説明してから家族構成を尋ねた。,I explained why it was necessary before asking about the person's family composition.,申請に必要な範囲だけ家族構成を尋ねる。,We ask about family composition only to the extent required for the application.,家族は何人ですか: how many people are in your family? / 同居人について尋ねる: ask about co-residents,"Use を with 尋ねる. Ask only with a legitimate purpose, explain it, and allow the person not to answer when appropriate."
経験が豊富な人,けいけんがほうふなひと,keiken ga houfu na hito,a person with extensive experience,collocation,Relationships,neutral,"経験 takes が, 豊富 takes な before 人, and the phrase evaluates breadth or amount of experience.",困ったときは経験が豊富な人に相談する。,"When I am stuck, I consult someone with extensive experience.",経験が豊富な人にも新しい状況では確認が必要だ。,Even experienced people need to check when the situation is new.,経験のある人: an experienced person / 知識が豊富な人: a knowledgeable person,Use が after 経験 and な after 豊富. Avoid treating experience as a substitute for evidence.
折衷案で合意する,せっちゅうあんでごういする,setchuuan de goui suru,to agree on a compromise proposal,collocation,Relationships,neutral,で marks the proposal that becomes the basis or content of the agreement.,双方の希望を一部取り入れた折衷案で合意した。,The two sides agreed on a compromise incorporating part of each side's wishes.,話し合いの末、第三の折衷案で合意した。,"After discussion, we agreed on a third compromise proposal.",折衷案に合意する: agree to a compromise proposal / 妥協点を見つける: find common ground,で emphasizes the terms on which agreement was reached; に emphasizes assenting to the proposal itself. を is not used with intransitive 合意する.
相手の立場を考える,あいてのたちばをかんがえる,aite no tachiba o kangaeru,to consider the other person's position,collocation,Relationships,neutral,"立場 covers circumstances, responsibilities, and viewpoint; を marks what receives consideration.",返事をする前に相手の立場を考えた。,"Before replying, I considered the other person's position.",意見が違うときほど相手の立場を考える。,"When views differ, I make an extra effort to consider the other person's position.",相手の気持ちを想像する: imagine the other person's feelings / 相手の話を聞く: listen to the other person,"Use の to link the person and position, then を with 考える. Ask rather than assume when the distinction matters."
友人に助けを求める,ゆうじんにたすけをもとめる,yuujin ni tasuke o motomeru,to ask a friend for help,collocation,Relationships,neutral,"The person approached takes に, and the thing sought takes を with 求める.",一人では運べないので友人に助けを求めた。,"I could not carry it alone, so I asked a friend for help.",危険を感じたら迷わず周囲の友人に助けを求める。,"If I sense danger, I ask nearby friends for help without hesitation.",友人に手伝いを頼む: ask a friend to help / 助けを必要とする: need help,"Use に for the person and を for help. For a small favor, 頼む often sounds more natural."
相談役を務める,そうだんやくをつとめる,soudanyaku o tsutomeru,to serve as an adviser or confidant,collocation,Relationships,neutral,Xを務める means taking and carrying out a role; 相談役 can be an informal adviser or a formal corporate title.,経験のある友人が転職の相談役を務めてくれた。,An experienced friend served as an adviser during my job change.,姉は家族の中でいつも相談役を務めている。,My sister often serves as the family adviser.,相談相手になる: become someone to consult / 助言をする: give advice,Use を with the role and として when explicitly framing capacity. Do not confuse personal advice with professional qualifications.
相手の意見を支持する,あいてのいけんをしじする,aite no iken o shiji suru,to support another person's opinion,collocation,Relationships,neutral,The view endorsed takes を with 支持する; the holder is linked with の.,理由に納得したので相手の意見を支持した。,"I found the reasoning convincing, so I supported the other person's opinion.",親しい友人でも根拠がなければ意見を支持しない。,"Even with a close friend, I do not support an opinion without grounds.",相手に賛成する: agree with the person / 意見に賛同する: agree with an opinion,Use を with 支持する. 賛成する normally takes に and focuses on agreement rather than active support.
相談相手がいる,そうだんあいてがいる,soudanaite ga iru,to have someone one can consult,collocation,Relationships,neutral,"Because 相談相手 is a person, existence is expressed with いる and the person takes が.",職場の悩みを話せる相談相手がいる。,I have someone I can consult about problems at work.,身近に相談相手がいないときは公的な窓口も使える。,"When no trusted adviser is nearby, public support services are another option.",相談相手になる: become someone's adviser / 専門家に相談する: consult a professional,"Use いる for a living person, not ある. Serious legal, medical, or safety issues may require a qualified service."
温かい家庭で育つ,あたたかいかていでそだつ,atatakai katei de sodatsu,to grow up in a loving home,collocation,Relationships,neutral,温かい metaphorically describes emotional warmth and care; で marks the environment in which someone grows up.,彼女は互いを尊重する温かい家庭で育った。,She grew up in a loving home where people respected one another.,温かい家庭で育つことと裕福であることは同じではない。,Growing up in a loving home is not the same as growing up wealthy.,愛情を受けて育つ: grow up receiving affection / 厳しい家庭で育つ: grow up in a strict home,Use で for the environment of an action or development. Avoid equating poverty with a lack of care.
友人の招きに応じる,ゆうじんのまねきにおうじる,yuujin no maneki ni oujiru,to accept a friend's invitation,collocation,Relationships,neutral,Xの招きに応じる is a formal pattern for accepting an invitation or call.,友人の招きに応じて週末の集まりに参加した。,I accepted a friend's invitation and attended the weekend gathering.,恩師の招きに応じて記念式典を訪れた。,I attended the commemorative ceremony at my former teacher's invitation.,友人の誘いを受ける: accept a friend's invitation / 招待を断る: decline an invitation,"Use に with 応じる. In everyday conversation, 誘われたので行った is often more natural."
服装を褒める,ふくそうをほめる,fukusou o homeru,to compliment someone's outfit,collocation,Relationships,neutral,服装を褒める focuses on the chosen outfit rather than evaluating the person's body.,友人の服装を褒めたらうれしそうに笑った。,My friend smiled happily when I complimented their outfit.,職場では相手が選んだ服装を簡潔に褒める。,"At work, I keep compliments about a person's chosen outfit brief.",ドレスを褒める: compliment a dress / 似合うと伝える: say that it suits someone,"Use を for what is praised. Avoid sexualized or body-focused comments, especially in professional settings."
友人を見送る,ゆうじんをみおくる,yuujin o miokuru,to see a friend off,collocation,Relationships,neutral,The departing person takes を; the place of farewell takes で with 見送る.,帰国する友人を駅で見送った。,I saw my friend off at the station before they returned home.,家の前まで出て友人を見送った。,I went outside and saw my friend off in front of the house.,友人を迎える: welcome a friend / 電車を見送る: watch a train leave,Use を for the person seen off. に can mark a destination but not the person in this pattern.
友人を迎えに行く,ゆうじんをむかえにいく,yuujin o mukae ni iku,to go and pick up a friend,collocation,Relationships,neutral,"The person collected takes を, and the purpose action 迎え takes に before 行く.",到着時間に合わせて友人を空港まで迎えに行く。,I am going to the airport to pick up my friend when they arrive.,車で駅まで友人を迎えに行った。,I drove to the station to pick up my friend.,友人を迎える: welcome or receive a friend / 友人を見送る: see a friend off,Use を for the person and に for the purpose. まで can mark the pickup location reached.
仲間に恵まれる,なかまにめぐまれる,nakama ni megumareru,to be fortunate in one's companions,collocation,Relationships,neutral,"Xに恵まれる means being fortunate enough to have favorable people, resources, or conditions.",新しい職場では信頼できる仲間に恵まれた。,I was fortunate to have trustworthy colleagues at my new workplace.,活動を続ける中で理解ある仲間に恵まれた。,"As I continued the activity, I was fortunate to find understanding companions.",良い仲間がいる: have good companions / 仲間を得る: gain companions,Use に for what one is blessed with. Avoid implying that social support is purely luck when people actively created it.
友好を深める,ゆうこうをふかめる,yuukou o fukameru,to deepen friendly relations,collocation,Relationships,neutral,"友好 is a formal noun for friendly relations between groups, regions, or countries; 深める makes those relations stronger.",地域同士の交流を通して友好を深めた。,The two communities deepened their friendship through exchange.,姉妹都市の訪問団が市民との友好を深めた。,The sister-city delegation strengthened friendly relations with residents.,友情を深める: deepen a personal friendship / 交流を深める: deepen interaction,Use を with transitive 深める and が with intransitive 深まる. Match 友好 to group-level relationships.
柔軟な発想,じゅうなんなはっそう,juunan na hassou,flexible thinking; an adaptable idea,collocation,Feelings and Thoughts,neutral,柔軟な発想 describes ideas not rigidly bound to one assumption or method.,行き詰まったときほど柔軟な発想が必要だ。,Flexible thinking matters most when you are stuck.,子どもの柔軟な発想から解決策が生まれた。,A solution emerged from the child's flexible way of thinking.,自由な発想: unconstrained thinking / 発想を転換する: change one's approach,Use な because 柔軟 is a na-adjective. Do not use the praise as a substitute for explaining what makes the idea adaptable.
色から感情を連想する,いろからかんじょうをれんそうする,iro kara kanjou o rensou suru,to associate a color with an emotion,collocation,Feelings and Thoughts,neutral,The cue takes から and the idea it evokes takes を with 連想する.,赤い色から情熱や怒りの感情を連想する人もいる。,Some people associate red with emotions such as passion or anger.,青から穏やかな感情を連想するとは限らない。,Blue does not always evoke a calm feeling.,色から情熱を連想する: associate red with passion / 言葉から場面を想像する: imagine a scene from words,Keep source から and association を distinct. Avoid presenting one association as shared by every culture or person.
思いやりを持つ,おもいやりをもつ,omoiyari o motsu,to be considerate of others,collocation,Feelings and Thoughts,neutral,思いやり is attention to another person's feelings or circumstances; 持つ expresses possessing that disposition.,意見が違っても相手への思いやりを持つ。,"Even when our opinions differ, I remain considerate of the other person.",忙しいときほど周囲への思いやりを持ちたい。,I want to be especially considerate of others when I am busy.,"相手を気遣う: show concern for someone / 配慮する: give consideration, formal",Use を with 持つ. Do not use 思いやり to pressure someone into unwanted help or silence their stated preference.
判断を保留する,はんだんをほりゅうする,handan o horyuu suru,to withhold judgment,collocation,Feelings and Thoughts,neutral,保留する means deliberately leaving a decision or judgment unsettled until later.,情報が足りないので最終的な判断を保留した。,I withheld final judgment because there was not enough information.,双方の説明を聞くまで判断を保留する。,I will withhold judgment until I have heard both explanations.,結論を先送りする: defer a conclusion / 判断を下す: make a judgment,Use を for what remains pending. Add a condition or time frame when indefinite delay would be misleading.
気分が悪い,きぶんがわるい,kibun ga warui,to feel ill or offended; to be unpleasant,collocation,Feelings and Thoughts,neutral,"Depending on context, 気分が悪い can report nausea or say that something feels offensive or unpleasant.",乗り物に酔って気分が悪い。,I feel sick from motion sickness.,人を見下すような発言を聞いて気分が悪くなった。,I felt disgusted after hearing a remark that looked down on people.,"具合が悪い: feel unwell / 気分を害する: take offense, formal","Use が with the state. When clarity matters, name the symptom or say 不快に感じる for an offensive situation."
覚悟を決める,かくごをきめる,kakugo o kimeru,to make up one's mind and brace oneself,collocation,Feelings and Thoughts,neutral,覚悟を決める means accepting likely difficulty or consequences and committing to act.,難しい話をする覚悟を決めた。,I made up my mind to have the difficult conversation.,失敗の可能性も受け入れて挑戦する覚悟を決める。,I resolve to try while accepting the possibility of failure.,"決心する: make a firm decision / 腹をくくる: brace oneself, informal",Use を with 決める. Do not overuse the dramatic expression for routine choices.
心が決まる,こころがきまる,kokoro ga kimaru,to make up one's mind,collocation,Feelings and Thoughts,neutral,心が決まる describes an internal decision becoming settled; it is less direct than 決める.,何度も考えて、ようやく進学先について心が決まった。,"After thinking it over repeatedly, I finally made up my mind about where to study.",家族と話したあとで引っ越す方向に心が決まった。,"After talking with my family, I decided that I would move.",決心がつく: reach a decision / 心を決める: resolve to do something,Use が with intransitive 決まる. 心を決める is the transitive counterpart and often sounds more deliberate.
意味が分かる,いみがわかる,imi ga wakaru,to understand the meaning,collocation,Feelings and Thoughts,neutral,"The thing understood commonly takes が with 分かる, an intransitive verb.",例文を読むとこの言葉の意味が分かる。,The example sentence makes the meaning of this word clear.,説明を聞いて冗談の意味がやっと分かった。,"After the explanation, I finally understood the joke.","意味を理解する: understand the meaning, transitive and formal / 意味が通じる: make sense or be understood",Use が with 分かる and を with 理解する. Topic は may replace が when contrasting meanings.
倦怠感が続く,けんたいかんがつづく,kentaikan ga tsuzuku,for fatigue or malaise to persist,collocation,Feelings and Thoughts,neutral,倦怠感 is a formal symptom term for persistent weariness or malaise; the continuing state takes が.,十分に休んでも倦怠感が続いている。,The fatigue has persisted even after adequate rest.,強い倦怠感が続くため医療機関に相談した。,I consulted a medical provider because severe fatigue persisted.,疲れが取れない: fatigue does not go away / だるさが続く: sluggishness persists,Use が with 続く. Persistent or severe symptoms require medical assessment; the phrase is not a diagnosis.
気持ちが伝わる,きもちがつたわる,kimochi ga tsutawaru,for one's feelings to come across,collocation,Feelings and Thoughts,neutral,伝わる is intransitive: the feeling reaches or is understood by another person.,短い手紙でも感謝の気持ちが伝わった。,Even the short letter conveyed the writer's gratitude.,言葉が完璧でなくても誠実な気持ちが伝わることがある。,Sincere feelings can come across even when the words are not perfect.,気持ちを伝える: express one's feelings / 意図が伝わる: one's intention comes across,Use が with 伝わる and を with transitive 伝える.
状況を把握する,じょうきょうをはあくする,joukyou o haaku suru,to grasp the situation,collocation,Feelings and Thoughts,neutral,"把握する means gaining an organized understanding of facts, conditions, or structure.",反応する前に全体の状況を把握した。,I grasped the overall situation before reacting.,関係者の話を聞いてから状況を把握する。,I assess the situation after hearing from the people involved.,事情を理解する: understand the circumstances / 現状を確認する: check the current state,Use を with 把握する. State limits or uncertainty instead of claiming full grasp from one source.
結論を出す,けつろんをだす,ketsuron o dasu,to reach or issue a conclusion,collocation,Feelings and Thoughts,neutral,結論を出す means settling on and expressing a conclusion after consideration.,急いで結論を出さず、もう少し考えたい。,I want to think a little longer rather than rush to a conclusion.,全員の意見を聞いたうえで結論を出した。,We reached a conclusion after hearing everyone's views.,結論が出る: a conclusion is reached / 判断を下す: make a judgment,Use を with transitive 出す and が with intransitive 出る.
考えがまとまる,かんがえがまとまる,kangae ga matomaru,for one's thoughts to come together,collocation,Feelings and Thoughts,neutral,まとまる describes separate or vague thoughts becoming coherent enough to explain or act on.,散歩をしているうちに考えがまとまった。,My thoughts came together while I was walking.,考えがまとまったら改めて説明します。,I will explain it again once I have organized my thoughts.,考えをまとめる: organize one's thoughts / 心が決まる: make up one's mind,Use が with intransitive まとまる. Use を with まとめる when someone actively organizes the thoughts.
理想を追求する,りそうをついきゅうする,risou o tsuikyuu suru,to pursue an ideal,collocation,Feelings and Thoughts,neutral,"追求する means persistently seeking a goal, value, or quality; 理想 takes を.",現実的な制約を考えながら理想を追求する。,I pursue the ideal while considering practical constraints.,一つの正解を押しつけずに教育の理想を追求したい。,I want to pursue an educational ideal without imposing one correct answer.,理想を目指す: aim for an ideal / 利益を追求する: pursue profit,"Use を with 追求する. Do not confuse it with 追及する, which means press or investigate responsibility."
自分で決める,じぶんできめる,jibun de kimeru,to decide for oneself,collocation,Feelings and Thoughts,neutral,で marks the agent or means: the person makes the decision independently rather than having it imposed.,助言は聞くが、最後は自分で決める。,"I listen to advice, but I make the final decision myself.",進路について十分に調べて自分で決めた。,I researched my options carefully and decided for myself.,自分の意思で決める: decide of one's own will / みんなで決める: decide together,"Use で for the decision-maker. に appears with 決まる in patterns such as 担当者に決まる, with a different meaning."
意見が対立する,いけんがたいりつする,iken ga tairitsu suru,for opinions to conflict,collocation,Feelings and Thoughts,neutral,対立する is intransitive and presents views or sides as standing in opposition.,方針をめぐって家族の意見が対立した。,The family's opinions conflicted over the plan.,意見が対立しても相手の人格を否定しない。,"Even when opinions conflict, we do not attack the other person's character.",意見が分かれる: opinions are divided / 利害が対立する: interests conflict,"Use が with 対立する. Choose 意見が違う for an ordinary, low-intensity disagreement."
人のことが心配だ,ひとのことがしんぱいだ,hito no koto ga shinpai da,to be worried about someone,collocation,Feelings and Thoughts,neutral,人のことが心配だ presents the person and their circumstances as the focus of concern.,連絡がないので遠くに住む家族のことが心配だ。,I am worried about my family who live far away because I have not heard from them.,友人のことが心配なら、決めつけずに様子を聞く。,"If I am worried about a friend, I ask how they are instead of making assumptions.",人を心配する: worry about someone / 無事を願う: hope for someone's safety,Use が with the adjective 心配だ. The transitive-looking 心配する commonly takes を.
気分が沈む,きぶんがしずむ,kibun ga shizumu,to feel low or down,collocation,Feelings and Thoughts,neutral,沈む metaphorically describes mood dropping into sadness or discouragement.,失敗を思い出すと気分が沈む。,Remembering the failure makes me feel down.,雨の日が続くと少し気分が沈むことがある。,Several rainy days in a row can make me feel a little low.,気持ちが落ち込む: feel depressed or discouraged / 気分が晴れる: one's mood lifts,Use が with intransitive 沈む. Persistent or severe low mood may warrant support beyond language self-description.
別の視点で考える,べつのしてんでかんがえる,betsu no shiten de kangaeru,to think from another perspective,collocation,Feelings and Thoughts,neutral,で marks the standpoint or framework used for thinking; 別の modifies 視点.,行き詰まったので別の視点で考えてみた。,"I was stuck, so I tried thinking from another perspective.",利用者の立場という別の視点で考える。,I consider it from another perspective: that of the user.,相手の立場で考える: think from the other person's position / 見方を変える: change how one looks at it,Use の after 別 and で for the viewpoint. Name whose perspective it is when vague wording would hide assumptions.
集中力を高める,しゅうちゅうりょくをたかめる,shuuchuuryoku o takameru,to improve concentration,collocation,Feelings and Thoughts,neutral,高める means deliberately raising a capacity or level; 集中力 takes を.,通知を切って作業への集中力を高める。,I turn off notifications to improve my concentration on the task.,短い休憩を入れると集中力を高めやすい。,Short breaks can make it easier to improve concentration.,集中力が高まる: concentration improves / 注意を集中させる: focus one's attention,Use を with transitive 高める and が with intransitive 高まる.
将来を案じる,しょうらいをあんじる,shourai o anjiru,to worry about the future,collocation,Feelings and Thoughts,neutral,案じる is a literary or formal verb meaning to worry or feel concern; the concern takes を.,親は子どもの将来を案じていた。,The parents were worried about their child's future.,社会の変化を見て自分の将来を案じることがある。,Social change sometimes makes me worry about my future.,"将来を心配する: worry about the future / 先行きを懸念する: be concerned about prospects, formal","Use を with 案じる. In everyday speech, 心配する is more common and less literary."
記憶に残る,きおくにのこる,kioku ni nokoru,to remain in one's memory,collocation,Feelings and Thoughts,neutral,"記憶に残る presents an experience, image, or words as continuing to be remembered.",先生の短い言葉が今も記憶に残っている。,The teacher's brief words still remain in my memory.,旅先で見た景色が強く記憶に残った。,The scenery I saw while traveling stayed vividly in my memory.,印象に残る: leave an impression / 記録に残す: preserve in a record,Use に with intransitive 残る. Use を with transitive 残す when someone preserves something.
相手の気持ちを察する,あいてのきもちをさっする,aite no kimochi o sassuru,to infer another person's feelings,collocation,Feelings and Thoughts,neutral,察する means inferring something not stated directly from contextual signs.,表情や声から相手の気持ちを察した。,I inferred the other person's feelings from their expression and voice.,相手の気持ちを察しても、必要なら本人に確認する。,"Even when I infer the other person's feelings, I check with them when needed.",相手の気持ちを尋ねる: ask how the person feels / 事情を察する: infer the circumstances,"Use の to link the person and feeling, then を with 察する. Confirm rather than assume when consequences matter."
考えを整理する,かんがえをせいりする,kangae o seiri suru,to organize one's thoughts,collocation,Feelings and Thoughts,neutral,整理する means arranging separate ideas so their relationships and priorities become clearer.,返事を書く前に自分の考えを整理した。,I organized my thoughts before writing a reply.,紙に書き出すと考えを整理しやすい。,Writing things down makes it easier to organize one's thoughts.,考えがまとまる: one's thoughts come together / 論点を整理する: organize the points at issue,Use を with 整理する. Avoid claiming another person's complex view is disorganized merely because it differs from yours.
孤独を感じる,こどくをかんじる,kodoku o kanjiru,to feel lonely or isolated,collocation,Feelings and Thoughts,neutral,"孤独を感じる describes a subjective sense of disconnection, which can occur even when other people are nearby.",人の多い都会でも孤独を感じることがある。,"Even in a crowded city, people can feel lonely.",環境が変わった直後は孤独を感じやすかった。,I was more likely to feel lonely just after my surroundings changed.,寂しさを感じる: feel loneliness or sadness / 孤立している: be socially isolated,"Use を with 感じる. Persistent distress may call for social or professional support, not just a vocabulary label."
説明に納得する,せつめいになっとくする,setsumei ni nattoku suru,to find an explanation convincing,collocation,Feelings and Thoughts,neutral,The account or reasoning accepted takes に with 納得する.,根拠を聞いて担当者の説明に納得した。,"After hearing the evidence, I found the explanation convincing.",すべてには賛成できないが、説明には納得した。,"I cannot agree with everything, but I found the explanation convincing.",説明を理解する: understand an explanation / 説明に同意する: agree with an explanation or position,Use に with 納得する. Do not translate it mechanically as understand when acceptance is the key point.
説明を理解する,せつめいをりかいする,setsumei o rikai suru,to understand an explanation,collocation,Feelings and Thoughts,neutral,理解する is transitive and takes the content understood with を.,図を見たら複雑な説明を理解できた。,The diagram helped me understand the complicated explanation.,説明を理解したか自分の言葉で確かめた。,I checked my understanding by restating the explanation in my own words.,"説明が分かる: understand the explanation, conversational / 説明に納得する: accept the explanation as convincing",Use を with 理解する and が with 分かる. Keep comprehension separate from acceptance.
感情を表に出す,かんじょうをおもてにだす,kanjou o omote ni dasu,to show one's emotions openly,collocation,Feelings and Thoughts,neutral,表に出す metaphorically moves an internal feeling into visible expression.,安心できる相手には素直に感情を表に出す。,I show my emotions openly with people I feel safe around.,彼は人前ではあまり感情を表に出さない。,He does not show much emotion in public.,感情を抑える: suppress or control emotion / 気持ちを言葉にする: put feelings into words,Use を for the emotion and に for the visible sphere. Avoid judging cultural or individual restraint as dishonesty.
心当たりがない,こころあたりがない,kokoroatari ga nai,to have no idea or relevant recollection,collocation,Feelings and Thoughts,neutral,心当たり is a clue in one's memory or an idea about the cause or person involved; it takes が with ある or ない.,なぜ名前が載っているのか心当たりがない。,I have no idea why my name is listed.,荷物の送り主にはまったく心当たりがなかった。,I had no idea who had sent the package.,心当たりがある: have an idea / 見当がつかない: have no idea,Use が with ない. 全く or まったく strengthens the denial but is not required in the core collocation.
成長を実感する,せいちょうをじっかんする,seichou o jikkan suru,to feel or recognize one's growth,collocation,Feelings and Thoughts,neutral,実感する means feeling something as real through experience rather than knowing it only abstractly.,以前の文章と比べて自分の成長を実感した。,Comparing it with my earlier writing made me recognize my growth.,難しい会話ができるようになり成長を実感している。,Being able to handle difficult conversations makes me feel that I have grown.,成長を感じる: feel growth / 上達を確認する: verify improvement,Use を with 実感する. Pair self-perception with evidence when making formal claims about progress.
変化に抵抗を感じる,へんかにていこうをかんじる,henka ni teikou o kanjiru,to feel resistance to change,collocation,Feelings and Thoughts,neutral,The trigger takes に and the internal resistance takes を with 感じる.,慣れた方法を変えることに抵抗を感じた。,I felt resistance to changing a familiar method.,新しい制度そのものより説明不足に抵抗を感じる。,I object less to the new system itself than to the lack of explanation.,変化を恐れる: fear change / 違和感を覚える: feel that something is off,Use に for what prompts the feeling. Name the source precisely instead of labeling all hesitation as fear of change.
気持ちに名前をつける,きもちになまえをつける,kimochi ni namae o tsukeru,to name or label a feeling,collocation,Feelings and Thoughts,neutral,"The feeling being labeled takes に, and the label takes を with 名前をつける.",もやもやした気持ちに『不安』という名前をつけた。,I labeled the vague feeling as anxiety.,日記を書きながら一つずつ気持ちに名前をつける。,"As I write in my journal, I name each feeling one at a time.",感情を言葉にする: put an emotion into words / 気持ちを整理する: sort out one's feelings,Use に for what receives the name. Allow mixed or uncertain labels rather than forcing one exact category.
人の考えに共鳴する,ひとのかんがえにきょうめいする,hito no kangae ni kyoumei suru,to resonate with someone's idea,collocation,Feelings and Thoughts,neutral,"共鳴する metaphorically describes a strong sympathetic response to an idea, value, or message; it takes に.",地域を大切にする彼女の考えに共鳴した。,Her belief in caring for the local community resonated with me.,理念には共鳴するが、方法については意見が違う。,"The principle resonates with me, though I disagree about the method.",考えに賛同する: agree with an idea / 気持ちに共感する: empathize with a feeling,Use に with 共鳴する. Reserve 共感する mainly for feelings or experiences when that is the intended focus.
優先順位を決める,ゆうせんじゅんいをきめる,yuusen jun'i o kimeru,to set priorities,collocation,Feelings and Thoughts,neutral,優先順位 is the order in which matters should receive attention; it takes を with 決める.,時間が限られているので先に優先順位を決める。,"Time is limited, so I set priorities first.",家族と話し合って生活費の優先順位を決めた。,My family discussed and set priorities for household spending.,優先順位をつける: assign priorities / 最優先にする: make something the top priority,"Use を with 決める. When ranking individual items, Xを最優先にする is often clearer."
決心が固まる,けっしんがかたまる,kesshin ga katamaru,for one's resolve to become firm,collocation,Feelings and Thoughts,neutral,固まる metaphorically describes an intention changing from uncertain to firm.,経験者の話を聞いて挑戦する決心が固まった。,Hearing from someone with experience strengthened my resolve to try.,一晩考えたら断る決心が固まった。,"After thinking overnight, I became firm in my decision to decline.",決心を固める: strengthen one's resolve / 心が決まる: make up one's mind,Use が with intransitive 固まる and を with transitive 固める.
変化の兆しを感じる,へんかのきざしをかんじる,henka no kizashi o kanjiru,to sense signs of change,collocation,Feelings and Thoughts,neutral,兆し is an early indication of something beginning; を marks what is perceived.,会話の雰囲気に小さな変化の兆しを感じた。,I sensed a small sign of change in the tone of the conversation.,日々の反応から回復への変化の兆しを感じる。,The daily responses suggest early signs of improvement.,変化の兆しが見える: signs of change are visible / 変化を予感する: have a premonition of change,Use の to specify what the sign points to. Avoid turning a weak clue into a confident forecast.
感覚がなくなる,かんかくがなくなる,kankaku ga nakunaru,to lose sensation,collocation,Feelings and Thoughts,neutral,The sensation that disappears takes が with なくなる.,正座を続けて一時的に足の感覚がなくなった。,"After sitting with my legs folded for a long time, I temporarily lost feeling in my legs.",突然片側の感覚がなくなった場合は緊急の対応が必要なことがある。,Sudden loss of sensation on one side can require urgent attention.,感覚を失う: lose sensation / しびれを感じる: feel numbness or tingling,"Use が with なくなる and を with 失う. Sudden, severe, or persistent numbness should not be self-diagnosed from a phrasebook."
苦手意識がある,にがていしきがある,nigate ishiki ga aru,to feel that one is not good at something,collocation,Feelings and Thoughts,neutral,Xに苦手意識がある describes a self-perceived weakness or aversion toward X.,人前で話すことに苦手意識がある。,I feel that I am not good at public speaking.,数学に苦手意識があっても学び直すことはできる。,"Even if you feel weak at mathematics, you can learn it again.",Xが苦手だ: be bad at or uncomfortable with X / 自信がない: lack confidence,Use に for the domain and が with ある. Avoid treating the self-label as a permanent trait.
全体の流れを把握する,ぜんたいのながれをはあくする,zentai no nagare o haaku suru,to grasp the overall flow,collocation,Feelings and Thoughts,neutral,全体の流れ means the broad sequence and relationship of parts; it takes を with 把握する.,細部を読む前に文章全体の流れを把握した。,"Before reading the details, I grasped the overall flow of the text.",会議の録音を聞いて議論全体の流れを把握する。,I listen to the meeting recording to understand the overall course of the discussion.,要点をつかむ: grasp the main points / 構成を確認する: check the structure,"Use の to link scope and flow, then を with 把握する. State whether details remain uncertain."
物事を前向きに考える,ものごとをまえむきにかんがえる,monogoto o maemuki ni kangaeru,to think about things constructively,collocation,Feelings and Thoughts,neutral,"前向きに is adverbial and frames thinking in terms of possibilities, next steps, or hope.",失敗のあとも物事を前向きに考えようとした。,"Even after the failure, I tried to think constructively.",現実の問題を認めたうえで物事を前向きに考える。,I think constructively while acknowledging the real problems.,建設的に考える: think constructively / 楽観的に考える: think optimistically,Use を for what is considered and に after 前向き. Positivity is not a substitute for evidence or emotional processing.
嫌悪感を抱く,けんおかんをいだく,ken'okan o idaku,to feel aversion or disgust,collocation,Feelings and Thoughts,neutral,抱く is a formal collocate for holding an emotion; the target may take に and the feeling takes を.,弱い人を利用する行為に強い嫌悪感を抱いた。,I felt strong disgust toward the act of exploiting vulnerable people.,相手ではなく差別的な発言に嫌悪感を抱く。,"My disgust is directed at the discriminatory remark, not the person.",嫌悪感を覚える: feel disgust / 不快に感じる: find something unpleasant,Use を with 抱く. Name the behavior or idea precisely rather than dehumanizing a person or group.
合点がいく,がてんがいく,gaten ga iku,to make sense; to be convinced,collocation,Feelings and Thoughts,neutral,合点がいく means an explanation fits and becomes intellectually convincing.,背景を聞いてようやく合点がいった。,"Once I heard the background, it finally made sense.",数字を見直したら結果にも合点がいった。,"After checking the figures again, the result made sense too.",腑に落ちる: make intuitive sense / 納得がいく: be satisfactory or convincing,Use が with the fixed expression. Avoid writing the kana as がってん for this neutral idiom unless representing a character's speech.
畏敬の念を抱く,いけいのねんをいだく,ikei no nen o idaku,to feel awe and reverence,collocation,Feelings and Thoughts,neutral,畏敬 combines fearsome awe with respect; 念を抱く is a formal written collocation for holding that feeling.,長い年月を生きた森に畏敬の念を抱いた。,I felt awe and reverence for the ancient forest.,宇宙の広さを知り自然への畏敬の念を抱く。,Learning the scale of the universe can inspire awe toward nature.,尊敬の念を抱く: feel respect / 圧倒される: be overwhelmed,Use を with 抱く and に or への for the target. Reserve it for genuinely solemn awe rather than routine praise.
ばつが悪い,ばつがわるい,batsu ga warui,to feel awkward or embarrassed,collocation,Feelings and Thoughts,neutral,"ばつが悪い describes embarrassment from being caught, exposed, or placed in an awkward social position.",知ったふりをした直後に間違いを指摘され、ばつが悪かった。,I felt awkward when my mistake was pointed out just after I had pretended to know.,名前を間違えて、ばつが悪そうに笑った。,"After getting the name wrong, he gave an embarrassed smile.",気まずい: feel socially awkward / 恥ずかしい: feel embarrassed,Use が in the fixed phrase. It is conversational; explain the triggering social mishap in learner examples.
無事だと聞いて安心する,ぶじだときいてあんしんする,buji da to kiite anshin suru,to feel relieved on hearing that someone is safe,collocation,Feelings and Thoughts,neutral,"The quoted information takes と, and 聞いて links the news causally to 安心する.",家族が無事だと聞いて安心した。,I was relieved to hear that my family was safe.,到着したと連絡があり、無事だと聞いて安心した。,"They contacted me after arriving, and I was relieved to hear they were safe.","無事を確認して安心する: feel relieved after confirming safety / ほっとする: feel relieved, conversational","Use と to quote what was heard. When the information is unverified, avoid turning relief into a factual safety claim."
文化に興味がある,ぶんかにきょうみがある,bunka ni kyoumi ga aru,to be interested in a culture,collocation,Feelings and Thoughts,neutral,"The field of interest takes に, and 興味 takes が with ある.",日本の地域ごとの食文化に興味がある。,I am interested in Japan's regional food cultures.,一つのイメージではなく多様な文化に興味がある。,I am interested in diverse cultures rather than one fixed image.,"文化に関心がある: have an interest in culture, formal / 文化について学ぶ: learn about a culture",Use に for the domain and が with ある. Name a specific practice or region when broad wording risks stereotyping.
忘れられない思い出,わすれられないおもいで,wasurerarenai omoide,an unforgettable memory,collocation,Feelings and Thoughts,neutral,The negative potential form 忘れられない modifies 思い出 and marks a memory that remains emotionally vivid.,初めて一人で旅をした日は忘れられない思い出だ。,The day I first traveled alone is an unforgettable memory.,失敗も今では忘れられない思い出になった。,Even the failure has now become an unforgettable memory.,心に残る思い出: a lasting memory / 忘れたくない思い出: a memory one does not want to forget,Use the full attributive verb before the noun. Do not assume unforgettable means pleasant.
人の行動を理解できない,ひとのこうどうをりかいできない,hito no koudou o rikai dekinai,to be unable to understand someone's actions,collocation,Feelings and Thoughts,neutral,The behavior not understood takes を with the potential-negative form 理解できない.,理由を聞くまでは彼の行動を理解できなかった。,I could not understand his actions until I heard the reason.,相手の行動を理解できないときは背景を尋ねる。,"When I cannot understand someone's actions, I ask about the background.",行動の理由が分からない: not know the reason for an action / 行動に納得できない: be unable to accept the action,Use を with 理解できる in standard modern usage. Distinguish inability to comprehend from refusal to approve.
判断基準を決める,はんだんきじゅんをきめる,handan kijun o kimeru,to set decision criteria,collocation,Feelings and Thoughts,neutral,判断基準 is the standard or set of factors used to evaluate choices; it takes を with 決める.,候補を見る前に判断基準を決めた。,I set the decision criteria before looking at the options.,家族と相談して住まいを選ぶ判断基準を決める。,My family discusses and sets the criteria for choosing a home.,評価基準を定める: establish evaluation criteria / 条件を整理する: organize the conditions,Use を with 決める. Explain how criteria are weighted when a formal decision must be auditable.
次の作品に期待する,つぎのさくひんにきたいする,tsugi no sakuhin ni kitai suru,to look forward to a creator's next work,collocation,Feelings and Thoughts,neutral,"The person, event, or result anticipated takes に with 期待する.",新しい表現が面白く、監督の次の作品に期待している。,"The new approach was interesting, and I look forward to the director's next work.",前作と同じものではなく次の作品に期待したい。,I want to look forward to the next work without demanding a repeat of the last one.,次の作品を楽しみにする: look forward to the next work / 成功を期待する: expect success,"Use に in the standard 期待する pattern. In direct messages to a person, avoid wording that turns enthusiasm into a demand."
授業の予習をする,じゅぎょうのよしゅうをする,jugyou no yoshuu o suru,to prepare for a class in advance,collocation,Learning and Language,neutral,"予習 is study completed before a lesson; の links the lesson and preparation, and を marks the activity.",難しい文章があるので授業の予習をした。,I prepared for class because the assigned passage was difficult.,教科書を読んでから授業の予習をする。,I prepare for class by reading the textbook first.,授業の復習をする: review a class / 次の課を予習する: prepare the next lesson,"Use の in the noun phrase. The shorter 授業を予習する can occur, but lesson material is often the direct object."
メールの返事を書く,めーるのへんじをかく,meeru no henji o kaku,to write a reply to an email,collocation,Learning and Language,neutral,"The message being answered is linked to 返事 with の, and the reply produced takes を with 書く.",先生から届いたメールの返事を書いた。,I wrote a reply to the email from my teacher.,質問を確認してからメールの返事を書く。,I check the question before writing my email reply.,メールに返信する: reply to an email / 手紙の返事を書く: write a reply to a letter,"メールに返事を書く is also natural, with に marking the target. Do not combine both patterns mechanically."
毎日学習を続ける,まいにちがくしゅうをつづける,mainichi gakushuu o tsuzukeru,to continue studying every day,collocation,Learning and Language,neutral,学習を続ける names the sustained activity; 毎日 supplies frequency without turning the entry into a general claim.,短い時間でも毎日学習を続けている。,"I keep studying every day, even if only for a short time.",無理のない計画で毎日学習を続ける。,I continue studying daily with a manageable plan.,"学習を習慣にする: make study a habit / 勉強を続ける: keep studying, conversational",Use を with transitive 続ける. 学習が続く is the intransitive pattern and focuses on the activity continuing.
言葉の変遷を調べる,ことばのへんせんをしらべる,kotoba no hensen o shiraberu,to investigate how a word or language has changed over time,collocation,Learning and Language,neutral,"変遷 refers to change across time, and 調べる implies gathering evidence rather than guessing an origin.",辞書や古い資料で言葉の変遷を調べた。,I used dictionaries and old documents to trace how the word changed over time.,用例を年代順に並べて言葉の変遷を調べる。,I arrange examples chronologically to investigate the word's development.,語源を調べる: investigate etymology / 意味の変化を追う: trace semantic change,"Use の to link the subject and its changes. Historical claims need dated sources, not resemblance alone."
問いに答える,といにこたえる,toi ni kotaeru,to answer a question or address an issue,collocation,Learning and Language,neutral,The question addressed takes に with 答える.,文章を読み直して最後の問いに答えた。,I reread the passage and answered the final question.,簡単には答えられない問いに自分の言葉で答える。,I answer in my own words a question with no easy answer.,質問に答える: answer a question / 問いを立てる: formulate a question,Use に with 答える. Use を with the related noun phrase 答えを出す.
歴史から学ぶ,れきしからまなぶ,rekishi kara manabu,to learn from history,collocation,Learning and Language,neutral,から marks the source of lessons or knowledge.,過去の失敗を繰り返さないよう歴史から学ぶ。,We learn from history so as not to repeat past failures.,異なる立場の資料を読んで歴史から学びたい。,I want to learn from history by reading sources from different perspectives.,歴史を学ぶ: study history / 経験から学ぶ: learn from experience,Use から for the source and を when history itself is the subject studied.
理論を実践に移す,りろんをじっせんにうつす,riron o jissen ni utsusu,to put theory into practice,collocation,Learning and Language,neutral,Xを実践に移す is a set pattern for turning an abstract idea or plan into action.,授業で学んだ理論を小さな活動から実践に移した。,I began putting the theory from class into practice through a small activity.,安全を確認してから理論を実践に移す。,I put the theory into practice only after checking safety.,理論を実践する: apply a theory / 計画を実行に移す: put a plan into action,Use を for what is transferred and に for the destination state. Do not test risky ideas without appropriate safeguards.
現地の言葉を覚える,げんちのことばをおぼえる,genchi no kotoba o oboeru,to learn some of the local language,collocation,Learning and Language,neutral,現地の言葉 refers to language used in the place visited; the material learned takes を.,市場で使う挨拶など現地の言葉を少し覚えた。,"I learned a little of the local language, including greetings used at the market.",旅行前に感謝を伝える現地の言葉を覚える。,"Before traveling, I learn local words for expressing thanks.",現地語を学ぶ: study a local language / 現地の表現を覚える: learn local expressions,Use の to link place and language. Identify the actual language where possible rather than treating a location as linguistically uniform.
温故知新の精神で学ぶ,おんこちしんのせいしんでまなぶ,onko chishin no seishin de manabu,to learn in the spirit of drawing new insight from the past,collocation,Learning and Language,neutral,温故知新 is a four-character expression from the Analects: reviewing the old to gain new knowledge; で marks the guiding stance.,古い記録を今の課題に結びつけ、温故知新の精神で学ぶ。,I study in the spirit of drawing new insight from old records and applying it to current issues.,温故知新の精神で伝統技術と現代の方法を比べる。,"In that spirit, I compare traditional techniques with modern methods.",過去から学ぶ: learn from the past / 古きを温ねて新しきを知る: review the old to know the new,Use の to build the noun phrase and で for the stance. Explain the idiom rather than assuming all readers know its classical source.
学校に通う,がっこうにかよう,gakkou ni kayou,to attend school regularly,collocation,Learning and Language,neutral,通う implies repeated travel to and from a place; the destination takes に.,平日は電車で学校に通っている。,I travel to school by train on weekdays.,家から歩いて学校に通う。,I walk to school from home.,学校へ行く: go to school / 塾に通う: attend a cram school regularly,"Use に with 通う. で marks the means of travel, as in バスで通う."
新聞を読む,しんぶんをよむ,shinbun o yomu,to read a newspaper,collocation,Learning and Language,neutral,Written material takes を with 読む; 新聞 can mean a printed paper or its publication more broadly.,朝食を取りながら新聞を読む。,I read the newspaper over breakfast.,複数の新聞を読んで報道の違いを比べた。,I read several newspapers and compared their coverage.,新聞記事を読む: read a newspaper article / ニュースを見る: watch or check the news,"Use を for the material read. Evaluate source, date, and distinction between reporting and opinion."
手紙を書く,てがみをかく,tegami o kaku,to write a letter,collocation,Learning and Language,neutral,"The written object takes を, while the recipient may take に or へ.",遠くに住む祖母へ手紙を書いた。,"I wrote a letter to my grandmother, who lives far away.",感謝を伝えるため先生に手紙を書く。,I write a letter to my teacher to express my thanks.,手紙を送る: send a letter / 手紙に名前を書く: write a name on a letter,Use を for the letter and に or へ for the recipient. Use 手紙に書く when naming content written in the letter.
音声を聞く,おんせいをきく,onsei o kiku,to listen to an audio recording,collocation,Learning and Language,neutral,音声を聞く is the basic pattern for listening to recorded speech or audio; the material takes を.,発音を確認するため教材の音声を何度も聞いた。,I listened to the course audio repeatedly to check pronunciation.,文字を見ずに会話の音声を聞く練習をする。,I practice listening to dialogue audio without looking at the text.,音声を聴く: listen attentively to audio / 音声が聞こえる: audio can be heard,Use を with 聞く. Use が with 聞こえる for an involuntary or audible result.
名前を書く,なまえをかく,namae o kaku,to write one's name,collocation,Learning and Language,neutral,The content written takes を; the writing surface or location often takes に.,答案用紙の上に名前を書いてください。,Please write your name at the top of the answer sheet.,漢字とふりがなで名前を書く。,I write my name in kanji and add the reading.,"名前を記入する: enter a name, formal / 名前を署名する: nonstandard; sign one's name is 署名する",Use を for what is written and に for where it is written. Use 署名する when the legal or attestive act of signing matters.
先輩に相談する,せんぱいにそうだんする,senpai ni soudan suru,to consult a senior peer,collocation,Learning and Language,neutral,"The person consulted takes に; 先輩 is someone senior within a shared school, workplace, or group.",履修する科目について同じ学科の先輩に相談した。,I asked a senior student in my department for advice about which courses to take.,経験のある先輩に勉強法を相談する。,I consult an experienced senior student about study methods.,先輩と相談する: discuss with a senior peer / 先生に相談する: consult a teacher,Use に for the adviser and と for mutual discussion. Check whether the person has relevant experience.
後輩を指導する,こうはいをしどうする,kouhai o shidou suru,to instruct or mentor a junior peer,collocation,Learning and Language,neutral,The person receiving instruction takes を with 指導する; the topic can take について.,実験の安全手順について後輩を指導した。,I instructed a junior student in the laboratory safety procedures.,答えを押しつけずに後輩を指導する。,I mentor junior peers without forcing my answers on them.,後輩に教える: teach a junior peer / 後輩を支援する: support a junior peer,"Use を with 指導する. に is used with 教える, which follows a different argument pattern."
知識を応用する,ちしきをおうようする,chishiki o ouyou suru,to apply knowledge,collocation,Learning and Language,neutral,"The knowledge used takes を, and the new target or field can take に with 応用する.",授業で得た知識を実際の問題に応用した。,I applied knowledge from class to a real problem.,基本的な文法知識を会話に応用する。,I apply basic grammar knowledge to conversation.,知識を活用する: make practical use of knowledge / 理論を実践に移す: put theory into practice,Use を for the source knowledge and に for the target. Verify that assumptions still hold in the new context.
授業を欠席する,じゅぎょうをけっせきする,jugyou o kesseki suru,to miss or be absent from a class,collocation,Learning and Language,neutral,"In current usage, the event missed commonly takes を with 欠席する; から can also mark absence from an event.",体調が悪くて午前の授業を欠席した。,I missed the morning class because I was unwell.,授業を欠席するときは先生に連絡する。,I contact the teacher when I am going to miss class.,"授業を休む: miss class, conversational / 授業に出席する: attend class",Use を in this common pattern. Some formal contexts use 会議を欠席する or 会議に欠席する; follow institutional style.
原稿を校閲する,げんこうをこうえつする,genkou o kouetsu suru,to substantively edit and verify a manuscript,collocation,Learning and Language,neutral,"校閲 covers checking and correcting content, facts, wording, and consistency; the manuscript takes を.",公開前に専門家が用語と事実を含めて原稿を校閲した。,"Before publication, a specialist edited the manuscript, including its terminology and facts.",引用元を確認しながら原稿を校閲する。,I edit and fact-check the manuscript while verifying its sources.,原稿を校正する: proofread a manuscript / 文章を推敲する: polish one's writing,"Use を with 校閲する. Distinguish content editing from 校正, which focuses on comparing proofs and correcting errors."
読書を奨励する,どくしょをしょうれいする,dokusho o shourei suru,to encourage reading,collocation,Learning and Language,neutral,奨励する is a formal verb for actively encouraging a practice; the activity takes を.,学校は幅広い本に触れる読書を奨励している。,The school encourages reading across a wide range of books.,家庭でも子どもが選ぶ読書を奨励する。,"At home, we encourage children to choose what they read.","本を読むよう勧める: recommend reading books / 読書を推進する: promote reading, institutional","Use を with 奨励する. In direct conversation, 勧める often sounds less institutional."
三か国語を操る,さんかこくごをあやつる,sankakokugo o ayatsuru,to command three languages skillfully,collocation,Learning and Language,neutral,"With languages, 操る implies skilled, controlled use and often carries admiration.",彼女は仕事で三か国語を自在に操る。,She uses three languages with ease in her work.,通訳者は場面に応じて三か国語を操っている。,The interpreter commands three languages and switches according to the situation.,三か国語を話す: speak three languages / 多言語を使い分ける: use multiple languages appropriately,Use を with 操る. Avoid exoticizing multilingual speakers or overstating proficiency.
申込書に名前を書く,もうしこみしょになまえをかく,moushikomisho ni namae o kaku,to write one's name on an application form,collocation,Learning and Language,neutral,"The writing surface takes に, and the content written takes を.",受付で申込書に名前を書いた。,I wrote my name on the application form at reception.,読みやすい字で申込書に名前を書いてください。,Please write your name legibly on the application form.,申込書に記入する: fill in an application form / 申込書に署名する: sign an application form,Use に for the form and を for the name. Follow the form's stated script and signature requirements.
最新の技術を学ぶ,さいしんのぎじゅつをまなぶ,saishin no gijutsu o manabu,to learn the latest techniques or technology,collocation,Learning and Language,neutral,"最新の identifies what is most recent in a field, and the subject learned takes を.",基礎を復習してから最新の技術を学ぶ。,I review the fundamentals before learning the latest techniques.,一次資料を確認しながら最新の技術を学んでいる。,I am learning the latest technology while checking primary documentation.,新しい技術を学ぶ: learn new technology / 基礎技術を身につける: acquire foundational skills,Use の after 最新. Verify the date and authoritative source because 'latest' becomes stale quickly.
人の意見を聞く,ひとのいけんをきく,hito no iken o kiku,to listen to another person's opinion,collocation,Learning and Language,neutral,The opinion heard takes を; の links it to the person who holds it.,結論を出す前に立場の違う人の意見を聞いた。,"Before reaching a conclusion, I listened to someone with a different perspective.",反論を考える前に人の意見を最後まで聞く。,I listen to another person's opinion to the end before forming a rebuttal.,人に意見を尋ねる: ask someone for an opinion / 人の話を聞く: listen to someone,Use を for the opinion and に when the person is the source asked. Hearing one person does not establish representativeness.
幅広い意見を聞く,はばひろいいけんをきく,habahiroi iken o kiku,to hear a broad range of opinions,collocation,Learning and Language,neutral,"幅広い modifies 意見 and indicates diversity in positions, backgrounds, or concerns.",計画を決める前に利用者から幅広い意見を聞いた。,"Before finalizing the plan, we heard a broad range of views from users.",回答しにくい人にも方法を用意して幅広い意見を聞く。,We provide ways for people who find it hard to respond so that we hear a broad range of views.,多くの意見を聞く: hear many opinions / 異なる立場の意見を聞く: hear views from different positions,Use the i-adjective directly before the noun. Explain sampling and access before claiming the opinions are broad.
誤解の拡大を防ぐ,ごかいのかくだいをふせぐ,gokai no kakudai o fusegu,to prevent a misunderstanding from spreading,collocation,Learning and Language,neutral,拡大を防ぐ focuses on stopping an existing problem from reaching more people or becoming larger.,早めに訂正して誤解の拡大を防いだ。,We corrected the error early and prevented the misunderstanding from spreading.,出典を示すことが誤解の拡大を防ぐ助けになる。,Citing the source helps prevent the misunderstanding from spreading.,誤解を解く: clear up a misunderstanding / 誤情報の拡散を防ぐ: prevent misinformation from spreading,"Use の to link the misunderstanding and expansion, then を with 防ぐ. Correct the underlying claim rather than only its reach."
学習時間を分散する,がくしゅうじかんをぶんさんする,gakushuu jikan o bunsan suru,to spread study time across multiple sessions,collocation,Learning and Language,neutral,分散する means distributing a total across times or locations; the distributed resource takes を.,一夜に詰め込まず一週間に学習時間を分散した。,I spread my study time across a week instead of cramming in one night.,短い回に学習時間を分散すると続けやすかった。,Spreading study time across short sessions made it easier for me to continue.,学習時間を確保する: secure study time / 復習の間隔を空ける: space review sessions,Use を with transitive 分散する. Measure outcomes instead of assuming any fragmented schedule is better.
学習習慣が身につく,がくしゅうしゅうかんがみにつく,gakushuu shuukan ga mi ni tsuku,to develop a study habit,collocation,Learning and Language,neutral,"身につく is intransitive and describes a habit, skill, or knowledge becoming established in a person.",毎朝机に向かう学習習慣が少しずつ身についた。,I gradually developed the habit of studying each morning.,無理のない目標なら学習習慣が身につきやすい。,A manageable goal makes a study habit easier to establish.,学習習慣を身につける: acquire a study habit deliberately / 習慣が定着する: a habit becomes established,Use が with 身につく and を with transitive 身につける.
答えが違う,こたえがちがう,kotae ga chigau,for an answer to be different or incorrect,collocation,Learning and Language,neutral,違う can mean different from a reference or wrong in context; the answer takes が.,計算の途中を確認すると答えが違っていた。,Checking the calculation showed that the answer was different.,私と答えが違っても、まず考え方を聞く。,"Even when someone's answer differs from mine, I first ask about their reasoning.","答えが間違っている: the answer is wrong / 答えが異なる: the answer differs, formal",Use が with 違う. Avoid sentence-final よ when it would sound needlessly corrective or patronizing.
テスト前に復習する,てすとまえにふくしゅうする,tesuto mae ni fukushuu suru,to review before a test,collocation,Learning and Language,neutral,X前に marks the time before an event; 復習する means revisiting material already learned.,テスト前に間違えた問題を中心に復習した。,"Before the test, I reviewed mainly the questions I had missed.",普段から復習し、テスト前に要点だけ確認する。,I review routinely and check only the key points before the test.,授業後に復習する: review after class / テスト勉強をする: study for a test,"Use に after the time expression. Name the material with を when needed, as in 文法を復習する."
発表の支度をする,はっぴょうのしたくをする,happyou no shitaku o suru,to prepare for a presentation,collocation,Learning and Language,neutral,支度 covers practical preparations needed before an activity; の links the event and preparation.,資料と機材を確認して発表の支度をした。,I prepared for the presentation by checking the materials and equipment.,会場に着いたらすぐ発表の支度をする。,I prepare for the presentation as soon as I reach the venue.,発表の準備をする: prepare for a presentation / 発表を練習する: rehearse a presentation,Use の in the noun phrase. 準備 is broader and usually more neutral in academic contexts.
注意事項をよく読む,ちゅういじこうをよくよむ,chuui jikou o yoku yomu,to read the instructions and cautions carefully,collocation,Learning and Language,neutral,"注意事項 is a formal label for cautions, conditions, and important instructions; the text takes を.",申し込む前に注意事項をよく読んだ。,I read the instructions and cautions carefully before applying.,実験を始める前に安全上の注意事項をよく読む。,I read the safety instructions carefully before starting the experiment.,利用規約を確認する: check the terms of use / 説明を注意深く読む: read the explanation carefully,Use を with 読む. Reading alone is not compliance; confirm understanding and follow required procedures.
仕組みを学ぶ,しくみをまなぶ,shikumi o manabu,to learn how a system works,collocation,Learning and Language,neutral,仕組み refers to the arrangement or mechanism by which something functions; it takes を.,例を使って市場の仕組みを学んだ。,I learned how markets work through examples.,図を描きながら文法の仕組みを学ぶ。,I learn how the grammar works by drawing diagrams.,構造を理解する: understand the structure / 仕組みを調べる: investigate how it works,Use を with 学ぶ. State the scope and limitations of a model when teaching complex systems.
答えが分かる,こたえがわかる,kotae ga wakaru,to know or work out the answer,collocation,Learning and Language,neutral,"分かる is intransitive, so the answer understood takes が.",式を書き直したら答えが分かった。,I worked out the answer after rewriting the equation.,答えが分かっても理由を説明できるか確認する。,"Even when I know the answer, I check whether I can explain why.",答えを知っている: know the answer / 解き方が分かる: understand how to solve it,"Use が with 分かる and を with 知る or 理解する, according to the verb."
データの分布を調べる,でーたのぶんぷをしらべる,deeta no bunpu o shiraberu,to examine the distribution of data,collocation,Learning and Language,neutral,分布 describes how observations are spread across values or locations; 調べる marks active examination.,平均だけでなくデータの分布も調べた。,"I examined the data distribution, not only the mean.",外れ値を確認してからデータの分布を調べる。,I check outliers before examining the data distribution.,人口の分布を調べる: examine population distribution / ばらつきを確認する: check variability,"Use の to link data and distribution. State sample, scale, missing values, and method when reporting findings."
うわさが広がる,うわさがひろがる,uwasa ga hirogaru,for a rumor to spread,collocation,Learning and Language,neutral,広がる is intransitive; the rumor takes が and the area reached can take に.,事実を確認しないまま学校中にうわさが広がった。,The rumor spread throughout the school before anyone checked the facts.,うわさが広がる前に一次情報を確認する。,I check the primary source before a rumor spreads.,うわさを広める: spread a rumor deliberately / 情報が拡散する: information circulates widely,Use が with 広がる and を with transitive 広める. Do not repeat identifying details merely to debunk them.
文脈から意味を読み取る,ぶんみゃくからいみをよみとる,bunmyaku kara imi o yomitoru,to infer meaning from context,collocation,Learning and Language,neutral,"The evidence source takes から, and the inferred meaning takes を with 読み取る.",知らない単語でも文脈から意味を読み取った。,"Even though I did not know the word, I inferred its meaning from context.",前後の文を比べて文脈から意味を読み取る。,I compare the surrounding sentences and infer the meaning from context.,文脈から推測する: infer from context / 辞書で意味を調べる: look up the meaning,Use から for evidence and を for what is inferred. Verify uncertain guesses with reliable references.
学ぶ妙味を知る,まなぶみょうみをしる,manabu myoumi o shiru,to discover the particular pleasure of learning,collocation,Learning and Language,neutral,"妙味 is the distinctive, subtle appeal found through experience; a relative clause can specify its domain.",自分で問いを立てて初めて学ぶ妙味を知った。,Only after forming my own questions did I discover the special pleasure of learning.,答えより過程に目を向けると学ぶ妙味を知ることがある。,Focusing on the process rather than the answer can reveal the pleasure of learning.,学ぶ楽しさを知る: discover the joy of learning / 研究の妙味を味わう: savor the appeal of research,"Use を with 知る. In ordinary learner-facing prose, 学ぶ楽しさ is more accessible."
漫画を読む,まんがをよむ,manga o yomu,to read manga,collocation,Learning and Language,neutral,The reading material takes を with 読む.,日本語の会話表現に触れるため漫画を読む。,I read manga to encounter conversational Japanese.,場面と人物関係を確認しながら漫画を読む。,I read manga while checking the scene and relationships between characters.,漫画が好きだ: like manga / 漫画から表現を学ぶ: learn expressions from manga,Use を with 読む. Do not copy marked character speech into real conversation without checking register.
慣行に従う,かんこうにしたがう,kankou ni shitagau,to follow an established practice,collocation,Learning and Language,neutral,"The rule, practice, or guidance followed takes に with 従う.",研究分野の引用慣行に従って出典を示した。,I cited the source according to the field's citation practices.,古くからの慣行に従う前に現在の基準を確認する。,"Before following an old practice, I check the current standards.",規則に従う: follow a rule / 慣例を見直す: review a convention,Use に with 従う. Evaluate authority and date rather than treating tradition alone as justification.
実務を学ぶ,じつむをまなぶ,jitsumu o manabu,to learn practical work,collocation,Learning and Language,neutral,"実務 means the actual tasks and procedures of a job, in contrast with theory or classroom explanation.",研修のあと現場で実務を学んだ。,"After training, I learned the practical work on site.",先輩の説明を受けながら段階的に実務を学ぶ。,I learn the practical work in stages with guidance from a senior colleague.,OJTで実務を学ぶ: learn practical work through on-the-job training / 実務経験を積む: gain practical experience,"Use を with 学ぶ. OJT is a method, not a guarantee of training quality."
海外に留学する,かいがいにりゅうがくする,kaigai ni ryuugaku suru,to study abroad,collocation,Learning and Language,neutral,The destination takes に with 留学する; 海外 avoids treating one country as the default.,大学在学中に一年間海外に留学した。,I studied abroad for a year while at university.,目的と費用を調べてから海外に留学するか決める。,I will decide whether to study abroad after researching my goals and costs.,外国で学ぶ: study in a foreign country / 交換留学に参加する: take part in an exchange program,Use に for the destination and で for the place of the learning activity. Name the country when it matters.
用途によって区分する,ようとによってくぶんする,youto ni yotte kubun suru,to classify according to use,collocation,Learning and Language,neutral,"によって marks the criterion, and 区分する means dividing into defined categories.",教材を用途によって三つに区分した。,I classified the materials into three groups according to their use.,同じ資料でも用途によって区分が変わる。,The same material may be classified differently depending on its use.,目的別に分ける: divide by purpose / 用途に応じて使い分ける: use differently according to purpose,Use によって for the criterion. State category definitions so others can reproduce the classification.
結果について考察する,けっかについてこうさつする,kekka ni tsuite kousatsu suru,to discuss and interpret results,collocation,Learning and Language,neutral,"について marks the subject of analysis; 考察する goes beyond description to interpret causes, meaning, and limitations.",予想と異なった結果について考察した。,I discussed and interpreted the results that differed from my prediction.,欠測と誤差の可能性を含めて結果について考察する。,I interpret the results while considering missing data and possible error.,結果を分析する: analyze the results / 結果について述べる: describe the results,"Use について for the topic. Separate observed result, interpretation, uncertainty, and alternative explanations."
知識を広める,ちしきをひろめる,chishiki o hiromeru,to spread knowledge,collocation,Learning and Language,neutral,広める is transitive and takes the content disseminated with を; the audience or area can take に.,防災の正しい知識を地域に広めたい。,I want to spread accurate disaster-preparedness knowledge in the community.,出典を示して検証可能な知識を広める。,I spread verifiable knowledge and cite the sources.,知識が広まる: knowledge spreads / 情報を共有する: share information,Use を with 広める and が with intransitive 広まる. Correct errors as visibly as the original claim.
記録を塗り替える,きろくをぬりかえる,kiroku o nurikaeru,to break or rewrite a record,collocation,Learning and Language,neutral,"塗り替える metaphorically means replacing a previous record with a new, better one.",学習アプリの連続利用記録を塗り替えた。,I broke my streak record in the learning app.,速さより正確さを保ったまま記録を塗り替えたい。,I want to break the record while preserving accuracy rather than chasing speed alone.,記録を更新する: set a new record / 記録を書き換える: rewrite a record or data entry,"Use を with 塗り替える. In data administration, use 更新する or 修正する to avoid the sporting metaphor."
機械の扱い方を教わる,きかいのあつかいかたをおそわる,kikai no atsukaikata o osowaru,to be taught how to operate a machine,collocation,Learning and Language,neutral,The skill learned takes を; the teacher can take に or から with 教わる.,担当者から機械の安全な扱い方を教わった。,The person in charge taught me how to operate the machine safely.,実演を見ながら機械の扱い方を教わる。,I learn how to handle the machine while watching a demonstration.,機械の使い方を習う: learn how to use a machine / 担当者に操作を教わる: be taught the operation,Use を for the content and に or から for the teacher. Follow formal training and authorization requirements.
アンケートを回収する,あんけーとをかいしゅうする,ankeeto o kaishuu suru,to collect completed questionnaires,collocation,Learning and Language,neutral,The forms or responses collected take を with 回収する.,回答期限のあとで匿名のアンケートを回収した。,We collected the anonymous questionnaires after the response deadline.,個人を特定できない方法でアンケートを回収する。,We collect the questionnaires in a way that does not identify respondents.,回答を集める: gather responses / アンケートを配布する: distribute a questionnaire,Use を with 回収する. Protect confidentiality and honor the stated purpose and consent conditions.
先生に発音を教わる,せんせいにはつおんをおそわる,sensei ni hatsuon o osowaru,to learn pronunciation from a teacher,collocation,Learning and Language,neutral,The teacher takes に and the skill learned takes を with 教わる.,授業で先生にアクセントを含む発音を教わった。,"In class, my teacher taught me pronunciation, including pitch accent.",録音を聞き比べながら先生に発音を教わる。,I learn pronunciation from my teacher while comparing recordings.,先生から発音を教わる: learn pronunciation from a teacher / 発音を直してもらう: have someone correct one's pronunciation,"Use に or から for the source and を for the content. Label regional, social, and stylistic variation accurately."
相手の意向を忖度する,あいてのいこうをそんたくする,aite no ikou o sontaku suru,to infer and accommodate another person's unstated wishes,collocation,Learning and Language,neutral,忖度 originally means inferring another person's feelings or intent; contemporary public usage often adds criticism of deferential accommodation.,明確な指示がないまま相手の意向を忖度した。,"Without explicit instructions, I inferred and accommodated the other person's wishes.",相手の意向を忖度せず、必要な点は直接確認する。,"Rather than guessing and accommodating the person's wishes, I confirm important points directly.",相手の意向を推し量る: infer the person's wishes / 上の意向に迎合する: conform to a superior's wishes,"Use の to link the person and intent, then を with 忖度する. In modern prose, expect a critical implication unless context clearly restores the older sense."
取引先へ直行直帰する,とりひきさきへちょっこうちょっきする,torihikisaki e chokkou chokki suru,to travel directly to and from a client site without visiting the office,collocation,Work and Communication,neutral,直行直帰 combines going straight to a work destination and returning home directly afterward; the destination may take へ.,上司の許可を得て取引先へ直行直帰した。,"With my manager's approval, I went directly to the client site and returned home without visiting the office.",取引先へ直行直帰するときも勤怠を記録する。,I still record my working time when traveling directly to and from a client site.,取引先へ直行する: go straight to a client site / 現地から直帰する: return home directly from the site,"Use に or へ for the destination. Follow the employer's approval, expense, and time-recording rules."
報連相を徹底する,ほうれんそうをてっていする,hourensou o tettei suru,"to consistently report, communicate, and consult",collocation,Work and Communication,neutral,報連相 abbreviates 報告・連絡・相談 and is a Japanese workplace mnemonic; 徹底する stresses consistent practice.,事故を防ぐためチーム内の報連相を徹底する。,"We consistently report, communicate, and consult within the team to prevent accidents.",緊急度と責任者を決めたうえで報連相を徹底する。,We define urgency and ownership before applying the report-contact-consult routine consistently.,情報共有を徹底する: ensure consistent information sharing / 上司に報告する: report to a manager,Use を with 徹底する. Explain the three components and adapt channels rather than treating the abbreviation as self-evident.
上司に報告する,じょうしにほうこくする,joushi ni houkoku suru,to report to one's manager,collocation,Work and Communication,neutral,The recipient takes に with 報告する; the matter reported can take を or について.,作業の遅れが分かった時点で上司に報告した。,I reported the delay to my manager as soon as I became aware of it.,事実と推測を分けて上司に報告する。,I separate facts from assumptions when reporting to my manager.,上司に相談する: consult one's manager / 進捗を報告する: report progress,Use に for the recipient. Follow escalation rules and alternative reporting channels where the manager is involved in the issue.
危険を伴う作業,きけんをともなうさぎょう,kiken o tomonau sagyou,work involving hazards,collocation,Work and Communication,neutral,Xを伴う means X is inherently or predictably associated with the activity.,危険を伴う作業は訓練を受けた人だけが行う。,Only trained personnel perform work involving hazards.,危険を伴う作業の前に手順と保護具を確認する。,"Before hazardous work, we check procedures and protective equipment.",危険性の高い作業: high-risk work / 危険が伴う: nonstandard in the core pattern,"Use を with 伴う. Follow legal, site-specific, and manufacturer requirements rather than relying on the label alone."
民間企業で働く,みんかんきぎょうではたらく,minkan kigyou de hataraku,to work for a private-sector company,collocation,Work and Communication,neutral,で marks the organization or setting where one works; 民間企業 contrasts with public-sector bodies.,卒業後は地域の民間企業で働いている。,"After graduating, I work for a local private-sector company.",民間企業で働くか公務員になるか検討した。,I considered whether to work in the private sector or become a public employee.,会社に勤める: be employed by a company / 公的機関で働く: work at a public institution,Use で with 働く and に with 勤める. Avoid translating 民間 as civilian in this business context.
取り急ぎ報告する,とりいそぎほうこくする,toriisogi houkoku suru,to send a prompt preliminary report,collocation,Work and Communication,neutral,取り急ぎ signals that speed is prioritized and fuller information may follow.,詳細を確認中だが、判明した事実だけ取り急ぎ報告した。,"The details were still being checked, but I promptly reported the facts already known.",不足している情報と次の連絡時期も添えて取り急ぎ報告する。,"In the preliminary report, I also state what is missing and when I will follow up.",まずは報告する: report first / 詳細は追って連絡する: send details later,Use 取り急ぎ directly as an adverb. Do not let the formula excuse missing safety-critical facts or a promised follow-up.
海外企業と取引する,かいがいきぎょうととりひきする,kaigai kigyou to torihiki suru,to do business with an overseas company,collocation,Work and Communication,neutral,The commercial counterparty takes と with 取引する.,輸出手続きを確認して海外企業と取引している。,We do business with overseas companies after checking export procedures.,通貨と準拠法を明記して海外企業と取引する。,We specify currency and governing law when doing business with an overseas company.,国内企業と取引する: do business with a domestic company / 海外企業と契約する: contract with an overseas company,"Use と for the counterparty. Verify sanctions, tax, privacy, and trade rules for the actual jurisdictions involved."
新聞社で働く,しんぶんしゃではたらく,shinbunsha de hataraku,to work at a newspaper company,collocation,Work and Communication,neutral,で marks the organization or workplace where the work occurs.,大学を卒業して地方の新聞社で働いている。,"After university, I began working at a local newspaper company.",新聞社で働きながらデータ分析を担当している。,I handle data analysis while working at a newspaper company.,新聞社に勤める: be employed by a newspaper company / 記者として働く: work as a reporter,Use で with 働く and に with 勤める. State the role rather than assuming occupation from the employer.
九時に出社する,くじにしゅっしゃする,kuji ni shussha suru,to arrive at or report to the office at nine,collocation,Work and Communication,neutral,The clock time takes に; 出社する specifically means going into the company office.,出勤日の朝は九時に出社する。,"On office days, I arrive at the office at nine.",九時に出社する日は混雑を見込んで家を出る。,"On days I report to the office at nine, I leave home allowing for congestion.",九時に出勤する: report for work at nine / 九時から勤務する: work from nine,Use に for the time. Do not use office arrival alone to infer compensable working hours.
取引先に電話をかける,とりひきさきにでんわをかける,torihikisaki ni denwa o kakeru,to call a client or business partner,collocation,Work and Communication,neutral,"The person or organization called takes に, while 電話 takes を in the fixed phrase 電話をかける.",営業時間を確認して取引先に電話をかけた。,I checked business hours before calling the client.,要点を整理してから取引先に電話をかける。,I organize the key points before calling the business partner.,取引先へ連絡する: contact a business partner / 取引先から電話がかかる: receive a call from a business partner,Use に for the call recipient. Confirm identity before discussing confidential information.
貿易会社で働く,ぼうえきがいしゃではたらく,boueki gaisha de hataraku,to work at a trading company,collocation,Work and Communication,neutral,で marks the employing organization or workplace.,輸入手続きを担当して貿易会社で働いている。,I work at a trading company handling import procedures.,語学だけでなく法規も学びながら貿易会社で働く。,I work at a trading company while learning regulations as well as languages.,商社に勤める: work for a trading company / 貿易実務を担当する: handle trade operations,Use で with 働く and に with 勤める. Do not reduce trade work to language ability alone.
朝礼で社訓を唱和する,ちょうれいでしゃくんをしょうわする,chourei de shakun o shouwa suru,to recite a company motto in unison at a morning assembly,collocation,Work and Communication,neutral,"で marks the occasion, 社訓 takes を, and 唱和する means reciting aloud in unison.",一部の職場では朝礼で社訓を唱和する。,Some workplaces recite the company motto together at morning assembly.,朝礼で社訓を唱和しない会社も多い。,Many companies do not recite a motto at morning assembly.,朝礼で連絡事項を共有する: share notices at morning assembly / 社是を掲げる: state a company creed,Use で for the occasion. Present the custom descriptively and avoid treating it as national business etiquette.
事業を拡張する,じぎょうをかくちょうする,jigyou o kakuchou suru,to expand a business operation,collocation,Work and Communication,neutral,"The operation expanded takes を with 拡張する; the verb often concerns scale, region, capacity, or scope.",需要と資金を確認して段階的に事業を拡張した。,We expanded the business in stages after checking demand and funding.,人員に無理が出ない範囲で事業を拡張する。,We expand the business only within limits the staff can sustain.,事業を拡大する: expand a business / 設備を拡張する: expand facilities,"Use を with 拡張する. State the dimension expanded and assess labor, financial, legal, and environmental effects."
業績が回復する,ぎょうせきがかいふくする,gyouseki ga kaifuku suru,for business performance to recover,collocation,Work and Communication,neutral,"業績 covers business results and may refer to revenue, profit, sales, or broader performance; the recovering results take が.",新商品の販売が伸び、会社の業績が回復した。,"Sales of the new product grew, and the company's performance recovered.",前年同期と比べて業績が回復しているか確認する。,We check whether performance has recovered compared with the same period last year.,業績を回復させる: restore business performance / 売上が回復する: sales recover,"Use が with intransitive 回復する. Name the metric, period, accounting basis, and source in reports."
顧客に丁寧に接する,こきゃくにていねいにせっする,kokyaku ni teinei ni sessuru,to treat customers courteously,collocation,Work and Communication,neutral,"The person dealt with takes に, and 丁寧に describes the manner.",忙しい時間でも顧客に丁寧に接する。,We treat customers courteously even during busy periods.,顧客に丁寧に接しつつ、できないことは明確に伝える。,We treat customers courteously while clearly stating what cannot be done.,顧客に誠実に対応する: respond to customers sincerely / 客に優しくする: be kind to a customer,Use に with 接する and に after 丁寧. Respect staff safety and boundaries alongside service quality.
会社に就職する,かいしゃにしゅうしょくする,kaisha ni shuushoku suru,to gain employment at a company,collocation,Work and Communication,neutral,The employing organization takes に with 就職する.,卒業後に地元の会社に就職した。,"After graduating, I took a job at a local company.",条件を確認してから会社に就職するか決めた。,I decided whether to join the company after checking the conditions.,会社で働く: work at a company / 会社に入社する: join a company,"Use に for the employer. Distinguish 内定を得る, 入社する, and 就職する when timing matters."
同僚に呼び止められる,どうりょうによびとめられる,douryou ni yobitomerareru,to be stopped and addressed by a colleague,collocation,Work and Communication,neutral,"In the passive, the person who stops the subject takes に; 呼び止める combines calling out and causing someone to stop.",帰り際に同僚に呼び止められた。,A colleague stopped me to speak just as I was leaving.,急ぎの用件だと言われ、廊下で同僚に呼び止められた。,A colleague stopped me in the corridor and said it was urgent.,同僚を呼び止める: stop a colleague to speak / 同僚に声をかけられる: be approached by a colleague,Use に for the passive agent. Respect breaks and off-hours unless the matter genuinely requires interruption.
名刺を交換する,めいしをこうかんする,meishi o koukan suru,to exchange business cards,collocation,Work and Communication,neutral,The exchanged item takes を; the counterpart may take と.,初対面の挨拶のあとで名刺を交換した。,We exchanged business cards after introducing ourselves.,オンライン会議では名刺を交換せず連絡先を共有した。,"In the online meeting, we shared contact details rather than exchanging business cards.",名刺を渡す: hand over a business card / 連絡先を交換する: exchange contact details,Use を with 交換する. Adapt to the setting and protect personal information on the card.
社是に基づいて行動する,しゃぜにもとづいてこうどうする,shaze ni motozuite koudou suru,to act according to a company creed,collocation,Work and Communication,neutral,Xに基づいて means using X as a foundation or guiding standard.,掲げた社是に基づいて実際に行動できているか検証した。,We examined whether our actions actually followed the company creed we proclaimed.,社是に基づいて行動すると説明するなら具体例も示す。,"If we claim to act according to our creed, we also give concrete examples.",方針に従って行動する: act according to policy / 理念を行動に移す: put principles into action,Use に with 基づいて. Judge conduct by evidence rather than slogans alone.
事業計画を提出する,じぎょうけいかくをていしゅつする,jigyou keikaku o teishutsu suru,to submit a business plan,collocation,Work and Communication,neutral,The document submitted takes を; the recipient can take に.,根拠となる数字を添えて事業計画を提出した。,I submitted the business plan with supporting figures.,期限までに審査担当者へ事業計画を提出する。,I submit the business plan to the reviewer by the deadline.,事業計画を作成する: prepare a business plan / 申請書を提出する: submit an application,"Use を for the document and に or へ for the recipient. Verify assumptions, sources, version, and required format."
提携先と会議を開く,ていけいさきとかいぎをひらく,teikeisaki to kaigi o hiraku,to hold a meeting with a partner organization,collocation,Work and Communication,neutral,"The counterpart takes と, and the event held takes を with 開く.",契約の更新について提携先と会議を開いた。,We held a meeting with the partner organization about renewing the contract.,議題と決定権を明確にして提携先と会議を開く。,We clarify the agenda and decision authority before meeting with the partner.,提携先と協議する: confer with a partner / 関係者を集めて会議を開く: convene a meeting,Use と for the meeting counterpart. Record decisions and responsibility rather than assuming shared understanding.
計画を練る,けいかくをねる,keikaku o neru,to work out a plan carefully,collocation,Work and Communication,neutral,練る metaphorically means refining a plan through repeated thought and revision.,現地を調べて半年かけて計画を練った。,We researched the location and spent six months working out the plan.,複数の案を比べながら計画を練る。,We refine the plan while comparing several options.,計画を立てる: make a plan / 構想を練る: develop a concept,"Use を with 練る. Test assumptions and define owners, dates, risks, and success measures."
事業の構想を練る,じぎょうのこうそうをねる,jigyou no kousou o neru,to develop a business concept,collocation,Work and Communication,neutral,構想 is an organized high-level idea; 練る emphasizes developing and refining it.,利用者への聞き取りをもとに事業の構想を練った。,We developed the business concept based on interviews with users.,課題の実在を確かめながら事業の構想を練る。,We develop the business concept while verifying that the problem actually exists.,事業計画を立てる: make a business plan / 新サービスを構想する: conceive a new service,"Use の to link business and concept, then を with 練る. Validate demand before projecting scale."
仕事の合間に休憩する,しごとのあいまにきゅうけいする,shigoto no aima ni kyuukei suru,to take a break between work tasks,collocation,Work and Communication,neutral,Xの合間に marks an interval between portions of an ongoing activity.,集中力が落ちる前に仕事の合間に休憩した。,I took a break between tasks before my concentration dropped.,仕事の合間に休憩するときは画面から離れる。,"When I take a break between tasks, I step away from the screen.",休憩時間を取る: take break time / 仕事の合間に食事をする: eat between tasks,Use の to form 合間 and に for the time. Follow applicable break and working-time rules.
社宅から通勤する,しゃたくからつうきんする,shataku kara tsuukin suru,to commute from company housing,collocation,Work and Communication,neutral,から marks the starting point; 社宅 is housing supplied or arranged by an employer.,転勤後は会社の社宅から通勤している。,"Since the transfer, I have commuted from company housing.",社宅から通勤する前に費用と退去条件を確認した。,"Before commuting from company housing, I checked the costs and move-out conditions.",社宅に住む: live in company housing / 自宅から通勤する: commute from home,Use から for the origin. Review employment-linked housing terms because job changes can affect occupancy.
社内会議で方針が決まる,しゃないかいぎでほうしんがきまる,shanai kaigi de houshin ga kimaru,for a policy to be decided at an internal meeting,collocation,Work and Communication,neutral,"で marks the decision-making venue, and the matter decided takes が with intransitive 決まる.",複数の案を検討し、社内会議で新しい方針が決まった。,"After reviewing several options, a new policy was decided at an internal meeting.",社内会議で方針が決まった経緯を議事録に残す。,We record how the policy was decided at the internal meeting.,経営会議で方針を決める: decide policy at an executive meeting / 方針が正式に決まる: policy is formally decided,Use で for the venue and が with 決まる. Name the approving body in formal governance records.
専門性を高める,せんもんせいをたかめる,senmonsei o takameru,to deepen professional expertise,collocation,Work and Communication,neutral,高める describes deliberately raising the level of expertise; the quality improved takes を.,研修と実務経験を通して専門性を高めた。,I deepened my professional expertise through training and practical experience.,根拠を更新しながら継続的に専門性を高める。,I keep developing my expertise while updating the evidence I rely on.,専門性が高まる: expertise deepens / 技能を磨く: hone a skill,Use を with transitive 高める and が with intransitive 高まる. State credentials accurately.
関係者に根回しをする,かんけいしゃにねまわしをする,kankeisha ni nemawashi o suru,to consult stakeholders informally in advance,collocation,Work and Communication,neutral,根回し metaphorically means preparing the ground by explaining a proposal and hearing concerns before a formal decision.,正式な会議の前に関係者に根回しをした。,"Before the formal meeting, I consulted the stakeholders informally.",反対意見も記録しながら関係者に根回しをする。,I consult stakeholders in advance while recording opposing views as well.,事前に意見を聞く: seek views in advance / 合意形成を図る: work toward consensus,"Use に for the people approached. Preserve formal authority, transparency, and access for stakeholders not in informal networks."
計画をご破算にする,けいかくをごはさんにする,keikaku o gohasan ni suru,to scrap a plan and return to square one,collocation,Work and Communication,neutral,"ご破算にする is an idiom from resetting an abacus, meaning canceling accumulated plans or negotiations.",前提が崩れたため、これまでの計画をご破算にした。,"Because the assumptions collapsed, we scrapped the existing plan and started over.",小さな修正で済むなら計画をご破算にする必要はない。,"If a minor correction is enough, there is no need to scrap the plan.",計画を白紙に戻す: return a plan to a blank slate / 計画を見直す: review a plan,"Use を with the transitive idiom. In formal writing, 白紙に戻す or 中止する may be clearer."
株式市場に上場する,かぶしきしじょうにじょうじょうする,kabushiki shijou ni joujou suru,to list shares on a stock exchange,collocation,Work and Communication,neutral,The market or exchange takes に with 上場する.,会社は審査を経て株式市場に上場した。,The company listed its shares on a stock exchange after review.,株式市場に上場する目的と費用を投資家に説明する。,The company explains to investors why it is listing and what it will cost.,株式を公開する: offer shares publicly / 上場を申請する: apply for listing,Use に for the market. Financial and listing rules change; verify the relevant exchange's current primary materials.
働き方改革を進める,はたらきかたかいかくをすすめる,hatarakikata kaikaku o susumeru,to advance workplace reform,collocation,Work and Communication,neutral,働き方改革 is a broad policy and management label; 進める means taking concrete steps forward.,労働時間だけでなく業務量も見直して働き方改革を進める。,We advance workplace reform by reviewing workload as well as hours.,従業員の意見と実測データを基に働き方改革を進める。,We advance workplace reform using employee feedback and measured data.,働き方改革が進む: workplace reform advances / 労働環境を改善する: improve working conditions,Use を with transitive 進める. Check current labor law and evaluate outcomes rather than slogans.
詳細を詰める,しょうさいをつめる,shousai o tsumeru,to work out the details,collocation,Work and Communication,neutral,詰める means resolving remaining specifics until a plan or agreement is actionable.,大枠に合意してから契約の詳細を詰めた。,"After agreeing on the broad framework, we worked out the contract details.",担当者と期限を決めながら詳細を詰める。,We work out the details while assigning owners and deadlines.,条件を詰める: finalize the terms / 詳細を確認する: check the details,Use を with 詰める. Record unresolved issues instead of implying all details are settled.
計画が破綻する,けいかくがはたんする,keikaku ga hatan suru,for a plan to collapse or become unworkable,collocation,Work and Communication,neutral,破綻する means losing internal viability or continuity; the failed plan takes が.,資金の前提が崩れて計画が破綻した。,The plan collapsed when its funding assumption failed.,一つの遅れだけで計画が破綻したとは判断しない。,We do not judge a plan to have collapsed because of one delay.,計画が頓挫する: a plan stalls or fails midway / 計画を中止する: cancel a plan,Use が with intransitive 破綻する. State the failed assumptions and measurable consequence.
地方へ出張する,ちほうへしゅっちょうする,chihou e shucchou suru,to travel to another region on business,collocation,Work and Communication,neutral,The destination takes に or へ with 出張する; 出張 is travel required for work.,設備を確認するため地方へ出張した。,I traveled to another region on business to inspect the equipment.,地方へ出張するときは移動時間も記録する。,I also record travel time when going on a regional business trip.,大阪へ出張する: travel to Osaka on business / 海外に出張する: travel abroad on business,"Use に or へ for the destination. Follow current expense, safety, and working-time rules."
事業を拡大する,じぎょうをかくだいする,jigyou o kakudai suru,to expand a business,collocation,Work and Communication,neutral,"拡大する takes the expanded operation with を and can refer to scale, scope, or market reach.",既存顧客の需要を確認して事業を拡大した。,We expanded the business after confirming demand among existing customers.,品質を維持できる範囲で事業を拡大する。,We expand the business only to a scale at which quality can be maintained.,事業が拡大する: the business expands / 事業を拡張する: extend business capacity or scope,Use を with transitive 拡大する and が with the intransitive use. Define the dimension of growth.
計画に反対する,けいかくにはんたいする,keikaku ni hantai suru,to oppose a plan,collocation,Work and Communication,neutral,The proposal opposed takes に with 反対する.,安全上の懸念を理由に計画に反対した。,I opposed the plan because of safety concerns.,目的には賛成だが現在の計画に反対する。,I support the objective but oppose the current plan.,計画に賛成する: support a plan / 計画の修正を求める: request changes to a plan,Use に with 反対する. Distinguish rejection of the proposal from hostility toward its author.
計画を実現する,けいかくをじつげんする,keikaku o jitsugen suru,to bring a plan to fruition,collocation,Work and Communication,neutral,"実現する takes an intended plan, goal, or state with を when an actor makes it real.",資金と担当者を確保して計画を実現した。,We secured funding and owners and brought the plan to fruition.,小さく試しながら段階的に計画を実現する。,We realize the plan in stages while testing it on a small scale.,計画が実現する: the plan becomes reality / 計画を実行する: execute a plan,Use を with the transitive pattern and が with the intransitive pattern. Evaluate outcomes after implementation.
作業を監督する,さぎょうをかんとくする,sagyou o kantoku suru,to supervise work,collocation,Work and Communication,neutral,The activity supervised takes を; the people performing it can be stated separately.,資格のある担当者が危険な作業を監督した。,A qualified person supervised the hazardous work.,手順の遵守を確認しながら作業を監督する。,I supervise the work while checking compliance with procedures.,作業員を指導する: instruct workers / 工程を管理する: manage the process,"Use を with 監督する. Verify the required competence, authority, staffing, and documentation for the actual work."
事業を承継する,じぎょうをしょうけいする,jigyou o shoukei suru,to succeed to or take over a business,collocation,Work and Communication,neutral,"承継する is a formal legal and business verb for taking over rights, duties, assets, and operations.",後継者が従業員と契約を引き継いで事業を承継した。,The successor took over the business along with its employees and contracts.,専門家に確認しながら段階的に事業を承継する。,We transfer the business in stages while consulting specialists.,会社を引き継ぐ: take over a company / 事業承継を進める: advance business succession,"Use を with 承継する. Tax, labor, licensing, debt, and contract effects require current professional review."
帳票を印刷する,ちょうひょうをいんさつする,chouhyou o insatsu suru,to print a business form or report,collocation,Work and Communication,neutral,"帳票 is a business and administrative umbrella term for forms, slips, ledgers, and reports; the document takes を.",内容を確認してから必要な帳票を印刷した。,I checked the content before printing the required forms.,個人情報を含む帳票を印刷するときは回収まで管理する。,"When printing forms containing personal data, I control them through collection and disposal.",書類を印刷する: print a document / 帳票を出力する: output a form or report,"Use を with 印刷する. Apply access, retention, secure-print, and disposal controls."
八時に出勤する,はちじにしゅっきんする,hachiji ni shukkin suru,to report for work at eight,collocation,Work and Communication,neutral,The clock time takes に; 出勤する means going to or reporting for work.,早番の日は八時に出勤する。,"On early-shift days, I report for work at eight.",八時に出勤する前に必要な着替え時間の扱いを確認した。,I checked how required changing time was treated before reporting for work at eight.,八時に出社する: arrive at the office at eight / 八時から勤務する: work from eight,Use に for the time. Follow the employment terms and current working-time rules.
勤怠を管理する,きんたいをかんりする,kintai o kanri suru,to manage attendance and working-time records,collocation,Work and Communication,neutral,"勤怠 covers attendance, absence, working time, leave, and related records; it takes を.",会社はシステムで従業員の勤怠を管理している。,The company manages employee attendance and working-time records through a system.,本人が記録を確認できる方法で勤怠を管理する。,We manage attendance records in a way employees can review.,労働時間を記録する: record working hours / 出退勤を管理する: manage clock-in and clock-out,"Use を with 管理する. Verify current labor, privacy, retention, correction, and access requirements."
進捗を報告する,しんちょくをほうこくする,shinchoku o houkoku suru,to report progress,collocation,Work and Communication,neutral,The status reported takes を; the recipient may take に.,完了した作業と残る課題を分けて進捗を報告した。,I reported progress by separating completed work from remaining issues.,根拠となる成果物を示して進捗を報告する。,I report progress and show the supporting deliverables.,進捗状況を共有する: share progress status / 遅れを報告する: report a delay,Use を with 報告する. Define done and distinguish activity from verified outcome.
付帯工事を行う,ふたいこうじをおこなう,futai kouji o okonau,to carry out ancillary construction work,collocation,Work and Communication,neutral,付帯工事 is work associated with but distinct from the main project; it takes を with 行う.,本体工事に合わせて配線などの付帯工事を行った。,We carried out ancillary work such as wiring alongside the main construction.,範囲と責任を契約書で確認して付帯工事を行う。,We carry out ancillary work after confirming scope and responsibility in the contract.,本体工事を行う: carry out the main construction / 追加工事を発注する: order additional work,"Use を with 行う. Verify permits, qualifications, safety controls, scope, and change-order terms."
社長に就任する,しゃちょうにしゅうにんする,shachou ni shuunin suru,to assume the position of company president,collocation,Work and Communication,neutral,The position assumed takes に with 就任する.,取締役会の決定を経て社長に就任した。,"After the board's decision, she assumed the position of company president.",社長に就任する日と権限の発効日を確認する。,We confirm the appointment date and when the authority takes effect.,社長を務める: serve as company president / 代表取締役に就任する: become representative director,Use に with 就任する. Translate titles according to actual legal and organizational roles.
会社を設立する,かいしゃをせつりつする,kaisha o setsuritsu suru,to establish a company,collocation,Work and Communication,neutral,The organization created takes を with 設立する.,必要な登記を行って会社を設立した。,We completed the required registration and established the company.,事業形態と責任を比較して会社を設立するか決める。,We compare entity forms and liabilities before deciding whether to establish a company.,法人を設立する: establish a legal entity / 会社を創業する: start a business,"Use を with 設立する. Formation, tax, licensing, employment, and reporting rules depend on current jurisdiction."
計画を阻止する,けいかくをそしする,keikaku o soshi suru,to prevent a plan from being carried out,collocation,Work and Communication,neutral,阻止する means actively preventing an action or plan from proceeding.,安全基準に反する計画を正式な手続きで阻止した。,We stopped a plan that violated safety standards through the formal process.,証拠を示さずに人の計画を阻止してはいけない。,We should not block someone's plan without presenting evidence.,計画に反対する: oppose a plan / 計画を中止させる: cause a plan to be canceled,Use を with 阻止する. Follow lawful authority and due process rather than informal obstruction.
他社と提携する,たしゃとていけいする,tasha to teikei suru,to form a partnership with another company,collocation,Work and Communication,neutral,The partner takes と with 提携する.,技術を共同開発するため他社と提携した。,We partnered with another company to develop technology jointly.,知的財産と責任分担を決めて他社と提携する。,We define intellectual-property rights and responsibilities before partnering with another company.,他社と協力する: cooperate with another company / 業務提携を結ぶ: enter a business alliance,"Use と for the counterpart. Verify competition, privacy, licensing, confidentiality, and contract implications."
海外市場に参入する,かいがいしじょうにさんにゅうする,kaigai shijou ni sannyuu suru,to enter an overseas market,collocation,Work and Communication,neutral,The market entered takes に with 参入する.,現地の需要と規制を調べて海外市場に参入した。,We entered an overseas market after researching local demand and regulations.,小規模な検証を行ってから海外市場に参入する。,We enter the overseas market only after a small-scale validation.,海外企業と取引する: do business with an overseas company / 新市場へ進出する: expand into a new market,"Use に for the market. Name the actual country and verify current trade, tax, consumer, privacy, and product rules."
作品を批評する,さくひんをひひょうする,sakuhin o hihyou suru,to critique a work,collocation,Work and Communication,neutral,"批評する means analyzing and evaluating a work, not merely praising, attacking, or summarizing it.",根拠となる場面を示しながら作品を批評した。,I critiqued the work while citing scenes that supported my reading.,作者の意図を断定せずに公開された作品を批評する。,I critique the published work without claiming certainty about the creator's intent.,作品を評価する: evaluate a work / 作品を批判する: criticize a work,"Use を with 批評する. Quote only what is necessary, distinguish evidence from interpretation, and respect copyright limits."
各駅停車で移動する,かくえきていしゃでいどうする,kakueki teisha de idou suru,to travel by a local train that stops at every station,collocation,Travel and Movement,neutral,で marks the means of travel; 各駅停車 can name the stopping pattern or the train service itself.,急がないので各駅停車で移動した。,"I was not in a hurry, so I traveled by a local train that stopped at every station.",景色を眺めながら各駅停車で移動する。,I travel by local train while watching the scenery.,快速で移動する: travel by rapid service / 各駅停車に乗る: board a local train,Use で for the means. Confirm the destination because a slower service may terminate or follow a different route.
空港に着く,くうこうにつく,kuukou ni tsuku,to arrive at the airport,collocation,Travel and Movement,neutral,The destination reached takes に with 着く.,出発の二時間前に空港に着いた。,I arrived at the airport two hours before departure.,混雑を見込んで早めに空港に着くようにした。,I allowed for congestion and arranged to arrive at the airport early.,空港へ向かう: head for the airport / 空港を出る: leave the airport,"Use に for the destination. Check current airline, airport, visa, and security guidance for required lead time."
山道を歩く,やまみちをあるく,yamamichi o aruku,to walk along a mountain path,collocation,Travel and Movement,neutral,"With a movement verb, を marks the route traversed.",滑りにくい靴を履いて山道を歩いた。,I wore shoes with good grip and walked along the mountain path.,天候と日没時刻を確認して山道を歩く。,I check the weather and sunset time before walking a mountain path.,"厳しい道を歩む: follow a difficult path, often figurative / 登山道を歩く: walk a hiking trail","Use を for the route. Verify current closures, weather, equipment, ability, and emergency arrangements."
観光施設を見学する,かんこうしせつをけんがくする,kankou shisetsu o kengaku suru,to tour a visitor attraction or facility,collocation,Travel and Movement,neutral,見学する means visiting a place to observe and learn; the facility takes を.,予約した時間に地域の観光施設を見学した。,I toured a local visitor attraction at the reserved time.,撮影の規則を確認してから観光施設を見学する。,I check the photography rules before touring the attraction.,放送局を見学する: tour a broadcasting station / 観光地を訪れる: visit a tourist site,"Use を with 見学する. Check booking, access, photography, and accessibility information from the facility."
道の反対側へ渡る,みちのはんたいがわへわたる,michi no hantaigawa e wataru,to cross to the other side of the road,collocation,Travel and Movement,neutral,"へ marks the destination side, while the route crossed can take を.",横断歩道を使って道の反対側へ渡った。,I used the crosswalk to cross to the other side of the road.,信号が青になってから道の反対側へ渡る。,I cross to the other side after the signal turns green.,道を渡る: cross the road / 向こう側へ行く: go to the other side,Use に or へ for the destination. Follow signals and designated crossings rather than the phrase alone.
川沿いの道を歩く,かわぞいのみちをあるく,kawazoi no michi o aruku,to walk along a riverside path,collocation,Travel and Movement,neutral,"川沿い modifies the path with の, and を marks the route walked.",朝の涼しい時間に川沿いの道を歩いた。,I walked along the riverside path in the cool morning air.,増水情報を確認して川沿いの道を歩く。,I check river-level information before walking the riverside path.,川沿いを歩く: walk along the river / 海沿いの道を歩く: walk along a coastal road,Use の before 道 and を for the route. Respect closures and weather warnings.
駅周辺を散歩する,えきしゅうへんをさんぽする,eki shuuhen o sanpo suru,to stroll around the station area,collocation,Travel and Movement,neutral,The area moved through takes を with 散歩する.,待ち時間に駅周辺を散歩した。,I strolled around the station area while waiting.,荷物を預けてから駅周辺を散歩する。,I store my luggage before strolling around the station area.,駅の周りを歩く: walk around the station / 駅前を散歩する: stroll in front of the station,"Use を for the area traversed. Check local traffic, luggage rules, and the time needed to return."
駅に向かって歩く,えきにむかってあるく,eki ni mukatte aruku,to walk toward the station,collocation,Travel and Movement,neutral,"Xに向かって marks direction toward a target, not necessarily arrival.",案内標識を見ながら駅に向かって歩いた。,I walked toward the station while following the signs.,人の流れに従って駅に向かって歩く。,I walk toward the station with the flow of people.,駅へ歩いて行く: walk to the station / 駅に向かう: head for the station,Use に before 向かって. Use へ or まで when destination or endpoint is the key meaning.
海外旅行に行く,かいがいりょこうにいく,kaigai ryokou ni iku,to travel abroad,collocation,Travel and Movement,neutral,The trip as purpose or event takes に with 行く.,休暇を利用して初めて海外旅行に行った。,I used my vacation to travel abroad for the first time.,渡航条件を確認してから海外旅行に行く。,I check entry requirements before traveling abroad.,外国へ旅行する: travel to another country / 国内旅行に行く: take a domestic trip,"Use に with 行く. Verify current official entry, health, insurance, safety, and accessibility information for the actual destination."
空港までバスで行く,くうこうまでばすでいく,kuukou made basu de iku,to go to the airport by bus,collocation,Travel and Movement,neutral,まで marks the endpoint and で marks the means of transport.,駅から空港までバスで行った。,I went from the station to the airport by bus.,荷物の制限を確認して空港までバスで行く。,I check the luggage rules before going to the airport by bus.,空港へバスで行く: go to the airport by bus / 空港バスに乗る: take an airport bus,"Use まで for the endpoint and で for the vehicle. Check current route, timetable, capacity, and accessible boarding."
駅で乗り換える,えきでのりかえる,eki de norikaeru,to transfer at a station,collocation,Travel and Movement,neutral,で marks the place where the transfer action occurs; the new service can take に.,途中の駅で地下鉄に乗り換えた。,I transferred to the subway at an intermediate station.,案内表示を確認しながら駅で乗り換える。,I transfer at the station while checking the signs.,駅で乗り換えが必要だ: a transfer is required at the station / 別の線に乗り換える: change to another line,Use で for the transfer location and に for the service boarded. Confirm accessibility and minimum transfer time.
有給休暇を取って旅行する,ゆうきゅうきゅうかをとってりょこうする,yuukyuu kyuuka o totte ryokou suru,to take paid leave and travel,collocation,Travel and Movement,neutral,"有給休暇を取る is the standard everyday pattern, and the te-form links the leave to the trip.",有給休暇を取って平日に旅行した。,I took paid leave and traveled on a weekday.,業務の引き継ぎをして有給休暇を取って旅行する。,I hand over my work and take paid leave to travel.,休暇を取って旅行する: take leave and travel / 有給休暇を申請する: request paid leave,Use を with 取る. Verify current labor rules; do not present employer custom as overriding statutory rights.
新幹線で移動する,しんかんせんでいどうする,shinkansen de idou suru,to travel by Shinkansen,collocation,Travel and Movement,neutral,で marks the means of travel; 新幹線 is the branded Japanese high-speed rail network.,東京から京都まで新幹線で移動した。,I traveled from Tokyo to Kyoto by Shinkansen.,大きな荷物の規則を確認して新幹線で移動する。,I check the oversized-luggage rules before traveling by Shinkansen.,新幹線に乗る: board the Shinkansen / 鉄道で移動する: travel by rail,"Use で for the means and に with 乗る. Check current operator, reservation, luggage, and accessibility information."
旅行前に安全情報を確認する,りょこうまえにあんぜんじょうほうをかくにんする,ryokou mae ni anzen jouhou o kakunin suru,to check safety information before traveling,collocation,Travel and Movement,neutral,"旅行前に marks timing, and the information checked takes を.",旅行前に公的機関の最新の安全情報を確認した。,"Before traveling, I checked the latest safety information from official sources.",複数の一次情報を比べて旅行前に安全情報を確認する。,I compare several primary sources and check safety information before traveling.,渡航情報を確認する: check travel advisories / 現地の天気を調べる: check local weather,Use を with 確認する. Check dated official sources close to departure and during the trip.
送迎バスを利用する,そうげいばすをりようする,sougei basu o riyou suru,to use a shuttle bus,collocation,Travel and Movement,neutral,The transport service used takes を with 利用する.,空港からホテルまで送迎バスを利用した。,I used the hotel shuttle bus from the airport.,車いすで乗れるか確認して送迎バスを利用する。,I check wheelchair access before using the shuttle bus.,送迎バスに乗る: board a shuttle bus / ホテルの送迎を予約する: book hotel transport,"Use を with 利用する and に with 乗る. Confirm current schedule, booking, luggage, and accessibility conditions."
進路を選ぶ,しんろをえらぶ,shinro o erabu,to choose a route or course,collocation,Travel and Movement,neutral,進路 can mean a physical course of travel or a future educational and career path; context selects the sense.,分岐点で地図を見て安全な進路を選んだ。,"At the fork, I checked the map and chose a safe route.",天候が悪化したので短い進路を選ぶ。,"Because the weather worsened, I choose the shorter route.",道を選ぶ: choose a road / 進路を変更する: change course,"Use を with 選ぶ. In ordinary sightseeing, ルートを選ぶ may sound more natural."
交通の流れに乗る,こうつうのながれにのる,koutsuu no nagare ni noru,to merge into and keep pace with traffic,collocation,Travel and Movement,neutral,流れに乗る metaphorically presents traffic as a moving stream and takes に.,合流地点で周囲を確認して交通の流れに乗った。,"At the merge, I checked my surroundings and joined the flow of traffic.",無理に加速せず安全に交通の流れに乗る。,I merge safely into traffic without accelerating recklessly.,"車線に合流する: merge into a lane / 時流に乗る: ride the trend, figurative",Use に with 乗る. Follow local law and actual conditions rather than copying surrounding drivers.
予約確認メールが届く,よやくかくにんめーるがとどく,yoyaku kakunin meeru ga todoku,for a booking confirmation email to arrive,collocation,Travel and Movement,neutral,The message received takes が with intransitive 届く.,ホテルを予約した直後に予約確認メールが届いた。,The booking confirmation email arrived just after I reserved the hotel.,予約確認メールが届いたら日付と料金を確認する。,"When the confirmation email arrives, I check the dates and price.",予約確認メールを受け取る: receive a confirmation email / 予約が確定する: the booking becomes confirmed,"Use が with 届く and を with 受け取る. Verify sender, booking reference, cancellation terms, and payment status."
車内放送で次の駅を確認する,しゃないほうそうでつぎのえきをかくにんする,shanai housou de tsugi no eki o kakunin suru,to check the next station from the onboard announcement,collocation,Travel and Movement,neutral,で marks the source or means of confirmation; the station checked takes を.,車内放送で次の駅を確認して降りる支度をした。,I checked the next station from the onboard announcement and prepared to get off.,聞き取れないときは表示も見て車内放送で次の駅を確認する。,"When I cannot hear clearly, I also look at the display to confirm the next station.",案内表示で次の駅を確認する: check the next station on the display / 車内アナウンスを聞く: listen to the onboard announcement,Use で for the information source. Use multiple accessible sources when one channel is unclear.
駅で待つ,えきでまつ,eki de matsu,to wait at a station,collocation,Travel and Movement,neutral,で marks the place where the waiting activity occurs.,友達が来るまで駅の改札近くで待った。,I waited near the station ticket gates until my friend arrived.,出口の番号を伝えて駅で待つ。,I state the exit number when waiting at the station.,駅前で待つ: wait in front of the station / 駅で待ち合わせる: arrange to meet at the station,"Use で for the activity location. Add the line, gate, exit, or landmark to prevent confusion."
道に迷う,みちにまよう,michi ni mayou,to get lost,collocation,Travel and Movement,neutral,道に迷う is the standard idiom for losing one's way; に marks the domain in which one is confused.,案内板を見落として道に迷った。,I missed the sign and got lost.,道に迷ったら明るい場所で現在地を確認する。,"If I get lost, I check my location in a well-lit place.",道を間違える: take the wrong road / 方向が分からない: not know the direction,"Use に in the idiom. In unsafe conditions, contact an appropriate local service rather than wandering farther."
橋を渡る,はしをわたる,hashi o wataru,to cross a bridge,collocation,Travel and Movement,neutral,"With 渡る, を marks the route or structure crossed.",川の向こうへ行くため歩いて橋を渡った。,I crossed the bridge on foot to reach the other side of the river.,強風の日は通行情報を確認して橋を渡る。,"On windy days, I check traffic information before crossing the bridge.",道を渡る: cross the road / 橋の向こうへ行く: go beyond the bridge,"Use を for the route. Follow closures, lane rules, and weather warnings."
電車が遅れる,でんしゃがおくれる,densha ga okureru,for a train to be delayed,collocation,Travel and Movement,neutral,The delayed service takes が with 遅れる.,大雨の影響で電車が三十分遅れた。,The train was delayed by thirty minutes because of heavy rain.,電車が遅れたら公式の運行情報を確認する。,"If the train is delayed, I check the operator's official service information.",電車が遅い: the train is slow / 電車が運休する: the train service is canceled,Use が with 遅れる. Check timestamped official updates because delay estimates change.
バスに乗る,ばすにのる,basu ni noru,to board or ride a bus,collocation,Travel and Movement,neutral,The vehicle boarded takes に with 乗る; the boarding point may take から.,駅前の停留所から空港行きのバスに乗った。,I boarded the airport bus at the stop in front of the station.,行き先を運転手に確認してバスに乗る。,I confirm the destination with the driver before boarding the bus.,バスを降りる: get off a bus / バスで行く: go by bus,Use に with 乗る and を with 降りる in the standard patterns. Check fare and accessible boarding procedures.
電車で行く,でんしゃでいく,densha de iku,to go by train,collocation,Travel and Movement,neutral,"で marks the means of travel; the destination may take に, へ, or まで.",渋滞を避けるため会場まで電車で行った。,I went to the venue by train to avoid traffic.,最終列車の時刻を確認して電車で行く。,I check the last train time before going by train.,電車に乗る: board a train / 駅まで電車で行く: go to the station by train,"Use で for the means and に with 乗る. Check current route, service, accessibility, and last-train information."
川を越える,かわをこえる,kawa o koeru,to cross or go beyond a river,collocation,Travel and Movement,neutral,"With 越える, the boundary or obstacle passed takes を.",橋を使って大きな川を越えた。,I crossed the large river using a bridge.,通行止めを確認してから川を越える経路を選ぶ。,I check closures before choosing a route across the river.,川を渡る: cross a river / 山を越える: cross a mountain,Use を with 越える. Use only authorized crossings and current route information.
目的地を訪れる,もくてきちをおとずれる,mokutekichi o otozureru,to visit a destination,collocation,Travel and Movement,neutral,A place deliberately visited takes を with 訪れる.,混雑を避けて朝早く目的地を訪れた。,I visited the destination early in the morning to avoid crowds.,予約時間に合わせて目的地を訪れる。,I visit the destination at the reserved time.,目的地に着く: arrive at the destination / 観光地を訪れる: visit a tourist site,"Use を with 訪れる and に with 着く. Check opening hours, reservation, and access conditions."
自転車に乗る,じてんしゃにのる,jitensha ni noru,to ride a bicycle,collocation,Travel and Movement,neutral,The vehicle ridden takes に with 乗る.,ヘルメットを着けて自転車に乗った。,I wore a helmet and rode a bicycle.,現地の交通規則を確認して自転車に乗る。,I check local traffic rules before riding a bicycle.,自転車で行く: go by bicycle / 自転車を降りる: get off a bicycle,"Use に with 乗る. Follow current helmet, lighting, parking, road-position, and alcohol rules."
交通費を精算する,こうつうひをせいさんする,koutsuuhi o seisan suru,to settle or claim travel expenses,collocation,Travel and Movement,neutral,"The expense reconciled takes を; 精算する may involve reimbursement, repayment, or accounting against an advance.",出張から戻って交通費を精算した。,I settled my travel expenses after returning from the business trip.,領収書と乗車記録を確認して交通費を精算する。,I reconcile travel expenses using receipts and journey records.,交通費を申請する: submit a travel-expense claim / 運賃を払う: pay a fare,Use を with 精算する. Follow current employer and tax documentation rules.
休暇を取る,きゅうかをとる,kyuuka o toru,to take leave or a vacation,collocation,Travel and Movement,neutral,休暇を取る is the standard broad expression; the type of leave can be specified before 休暇.,旅行の日程に合わせて三日間の休暇を取った。,I took three days of leave to match my travel schedule.,引き継ぎを済ませてから休暇を取る。,I complete the handover before taking leave.,"有給休暇を取る: take paid leave / 休みを取る: take time off, conversational",Use を with 取る. Verify current legal rights and workplace procedures for the actual leave type.
予約名と照合する,よやくめいとしょうごうする,yoyakumei to shougou suru,to check something against the name on a booking,collocation,Travel and Movement,neutral,The reference compared against takes と with 照合する; the item checked may take を.,身分証明書の表記を予約名と照合した。,I checked the name on my identification against the booking name.,航空券を買う前に旅券の氏名を予約名と照合する。,"Before buying the ticket, I check the passport name against the booking name.",名簿と照合する: check against a list / 予約番号を確認する: check the booking number,"Use と for the reference. Follow the operator's exact name, script, and document requirements."
道路を整備する,どうろをせいびする,douro o seibi suru,"to build, improve, or maintain a road",collocation,Travel and Movement,neutral,The infrastructure improved or maintained takes を with 整備する.,安全に通行できるよう地域の道路を整備した。,The local road was improved so people could travel safely.,歩行者と車いす利用者にも配慮して道路を整備する。,We improve the road with pedestrians and wheelchair users in mind.,道路を補修する: repair a road / 交通網を整備する: develop a transport network,"Use を with 整備する. Actual work requires current design, access, environmental, permit, and safety standards."
運転手を養成する,うんてんしゅをようせいする,untenshu o yousei suru,to train professional drivers,collocation,Travel and Movement,neutral,The people developed for a specialized role take を with 養成する.,安全教育と実地訓練を通して運転手を養成する。,We train professional drivers through safety education and practical instruction.,法定要件を満たす課程で運転手を養成する。,We train drivers through a program that meets legal requirements.,運転手を研修する: train drivers / 人材を育成する: develop personnel,"Use を with 養成する. Verify current licensing, medical, hours, supervision, and vehicle-class requirements."
速度を抑制する,そくどをよくせいする,sokudo o yokusei suru,to restrain or limit speed,collocation,Travel and Movement,neutral,The quantity held down takes を with 抑制する; the term is formal and common in technical contexts.,急な下り坂では車両の速度を抑制する。,"On a steep descent, we restrain the vehicle's speed.",標識と路面状況に合わせて速度を抑制する。,I limit speed according to signs and road conditions.,速度を落とす: reduce speed / 速度を制限する: limit speed,"Use を with 抑制する. Follow current law, vehicle guidance, and conditions; do not improvise technical controls."
歩く体力をつける,あるくたいりょくをつける,aruku tairyoku o tsukeru,to build stamina for walking,collocation,Travel and Movement,neutral,体力をつける is the everyday pattern for developing physical stamina; the relative clause narrows the purpose.,旅行前に少しずつ歩く体力をつけた。,I gradually built up walking stamina before the trip.,無理のない距離から歩く体力をつける。,I build walking stamina starting with a manageable distance.,体を鍛える: train the body / 歩く距離を伸ばす: increase walking distance,Use を with つける. Adjust training and travel plans to individual health and accessibility needs.
乗車券を払い戻す,じょうしゃけんをはらいもどす,joushaken o haraimodosu,to refund a train or bus ticket,collocation,Travel and Movement,neutral,The ticket or paid amount refunded takes を with 払い戻す.,運休になったため窓口で乗車券を払い戻した。,I obtained a refund for the ticket at the counter because the service was canceled.,条件を確認して未使用の乗車券を払い戻す。,I check the conditions before refunding the unused ticket.,乗車券が払い戻される: the ticket is refunded / 乗車券を変更する: change a ticket,Use を with the transitive verb. Check the operator's current fare rules and retain required evidence.
列車が入線する,れっしゃがにゅうせんする,ressha ga nyuusen suru,for a train to enter a station track,collocation,Travel and Movement,neutral,"The arriving train takes が, and the track or platform area takes に with 入線する.",まもなく三番線に列車が入線する。,A train will shortly enter platform track three.,列車が入線するときは黄色い線の内側で待つ。,"When the train enters the station, I wait behind the safety line.",列車が到着する: the train arrives / 新商品が入荷する: new goods arrive in stock,Use が with the intransitive verb. Follow platform announcements and barriers.
世界中を旅する,せかいじゅうをたびする,sekaijuu o tabi suru,to travel around the world,collocation,Travel and Movement,neutral,を marks the broad area traversed with 旅する.,若いころ数年かけて世界中を旅した。,"When I was younger, I spent several years traveling around the world.",世界中を旅する夢を具体的な地域ごとの計画に分けた。,I divided my dream of traveling the world into plans for specific regions.,世界各地を旅する: travel through regions around the world / 海外を旅する: travel abroad,Use を for the area traveled. Avoid claiming comprehensive cultural knowledge from broad travel.
国内旅行を楽しむ,こくないりょこうをたのしむ,kokunai ryokou o tanoshimu,to enjoy domestic travel,collocation,Travel and Movement,neutral,The activity enjoyed takes を with 楽しむ.,近場の温泉でゆっくり国内旅行を楽しんだ。,I enjoyed a relaxed domestic trip to a nearby hot spring.,混雑を避ける日程で国内旅行を楽しむ。,I enjoy domestic travel on a schedule that avoids crowds.,国内旅行に行く: take a domestic trip / 旅を楽しむ: enjoy a journey,"Use を with 楽しむ. Check current local rules, transport, weather, and accessibility."
次の駅で下車する,つぎのえきでげしゃする,tsugi no eki de gesha suru,to get off at the next station,collocation,Travel and Movement,neutral,で marks the place of alighting; 下車する is formal and common in announcements and written directions.,乗り換えるため次の駅で下車した。,I got off at the next station to transfer.,出口に近い車両を確認して次の駅で下車する。,I check which carriage is near the exit before getting off at the next station.,次の駅で電車を降りる: get off the train at the next station / 途中下車する: make a stopover,Use で for the alighting location. Use を with 降りる when naming the vehicle.
列車の到着を待つ,れっしゃのとうちゃくをまつ,ressha no touchaku o matsu,to wait for a train to arrive,collocation,Travel and Movement,neutral,"の links the train and its arrival, and the awaited event takes を.",ホームで次の列車の到着を待った。,I waited on the platform for the next train to arrive.,遅延情報を見ながら列車の到着を待つ。,I wait for the train while checking delay information.,列車を待つ: wait for a train / 到着時刻を確認する: check the arrival time,Use を with 待つ. Stay in designated waiting areas and check current operator updates.
手荷物を固定する,てにもつをこていする,tenimotsu o kotei suru,to secure one's luggage,collocation,Travel and Movement,neutral,The item made immobile takes を with 固定する.,急停車に備えて棚の手荷物を固定した。,I secured the luggage on the rack in case of sudden braking.,車内の案内に従って手荷物を固定する。,I secure my luggage according to the onboard instructions.,手荷物を預ける: check or store luggage / 荷物が動かないようにする: keep luggage from moving,"Use を with 固定する. Follow operator instructions and keep aisles, exits, and accessibility spaces clear."
ホテルを手配する,ほてるをてはいする,hoteru o tehai suru,to arrange hotel accommodation,collocation,Travel and Movement,neutral,The accommodation arranged takes を with 手配する.,日程と予算に合うホテルを手配した。,I arranged a hotel that fit the schedule and budget.,参加者の要望を確認してホテルを手配する。,I arrange the hotel after checking participants' needs.,ホテルを予約する: book a hotel / 宿泊先を確保する: secure accommodation,"Use を with 手配する. Verify dates, guests, room type, access, cancellation, taxes, and payment status."
道幅が狭い,みちはばがせまい,michihaba ga semai,for a road to be narrow,collocation,Travel and Movement,neutral,道幅 is road width; が marks the property-bearing noun.,旧市街は道幅が狭く、大型車が通れない。,"The old town's roads are narrow, and large vehicles cannot pass.",道幅が狭い場所では歩行者との距離を十分に取る。,"Where the road is narrow, I leave ample space for pedestrians.",この道は幅が狭い: this road is narrow / 道幅が広い: the road is wide,"Use が with 狭い. Follow signs, priority rules, and local vehicle restrictions."
交通費が払い戻される,こうつうひがはらいもどされる,koutsuuhi ga haraimodosareru,for travel expenses to be reimbursed,collocation,Travel and Movement,neutral,"In the passive, the reimbursed expense takes が; the payer can take によって if relevant.",申請が承認され、出張の交通費が払い戻された。,"The claim was approved, and the business-trip travel expenses were reimbursed.",規程に合う交通費だけが払い戻される。,Only travel expenses that meet the policy are reimbursed.,交通費を精算する: settle travel expenses / 乗車券を払い戻す: refund a ticket,"Use が with the passive. Check current policy, evidence, limits, deadlines, and tax treatment."
現地文化を尊重する,げんちぶんかをそんちょうする,genchi bunka o sonchou suru,to respect local cultures,collocation,Travel and Movement,neutral,The practices and people respected take を with 尊重する.,旅行者として現地文化を尊重して行動した。,"As a traveler, I acted with respect for local cultures.",一つのガイドだけで決めつけず現地文化を尊重する。,I respect local cultures without making assumptions from one guide.,現地の習慣に配慮する: be mindful of local customs / 地域の人に尋ねる: ask local people,"Use を with 尊重する. Seek specific, current guidance and recognize internal diversity."
駅員に案内してもらう,えきいんにあんないしてもらう,eki'in ni annai shite morau,to ask a station employee for guidance,collocation,Travel and Movement,neutral,"The person providing the favor takes に, and 案内する appears in the te-form before もらう.",乗り換え方が分からず駅員に案内してもらった。,"I did not know how to transfer, so a station employee guided me.",車いすで使える経路を駅員に案内してもらう。,I ask a station employee to show me a wheelchair-accessible route.,駅員に道を聞く: ask a station employee for directions / 案内所で確認する: check at the information desk,Use に for the helper. State the needed destination or access requirement clearly.
交通量を抑制する,こうつうりょうをよくせいする,koutsuuryou o yokusei suru,to reduce or restrain traffic volume,collocation,Travel and Movement,neutral,The quantity held down takes を; 抑制する is formal policy or technical language.,中心部の交通量を抑制するため通行規制を行った。,Traffic restrictions were introduced to reduce traffic volume in the city center.,実測データで効果を確認しながら交通量を抑制する。,We reduce traffic volume while checking the effect with measured data.,交通量を減らす: reduce traffic volume / 車の流入を制限する: restrict vehicle entry,"Use を with 抑制する. Evaluate safety, disability access, businesses, residents, emissions, and displacement effects."
旅行保険に入る,りょこうほけんにはいる,ryokou hoken ni hairu,to take out travel insurance,collocation,Travel and Movement,neutral,The insurance plan joined takes に with 入る in everyday speech.,補償内容を比較して旅行保険に入った。,I compared the coverage and took out travel insurance.,持病と予定する活動を申告して旅行保険に入る。,I disclose preexisting conditions and planned activities when taking out travel insurance.,"旅行保険に加入する: enroll in travel insurance, formal / 補償内容を確認する: check coverage","Use に with 入る. Read current exclusions, limits, excess, territory, assistance, and claim requirements."
旅程を変更する,りょていをへんこうする,ryotei o henkou suru,to change an itinerary,collocation,Travel and Movement,neutral,The itinerary altered takes を with 変更する.,台風の予報を受けて旅程を変更した。,I changed the itinerary because of the typhoon forecast.,関係者と予約先に連絡してから旅程を変更する。,I contact the relevant people and providers before changing the itinerary.,日程を変更する: change the schedule / 旅行を中止する: cancel the trip,"Use を with 変更する. Check linked bookings, fees, entry rules, coverage, and updated confirmations."
薬の作用で眠くなる,くすりのさようでねむくなる,kusuri no sayou de nemuku naru,to become drowsy from the effects of medicine,collocation,Health and the Body,neutral,"で marks the cause, and 眠くなる describes a change into drowsiness.",薬の作用で眠くなったので運転をやめた。,"The medicine made me drowsy, so I did not drive.",薬の作用で眠くなる可能性を添付文書で確認する。,I check the package insert for the possibility of medication-related drowsiness.,薬の副作用で眠くなる: become drowsy as a side effect / 眠気を感じる: feel drowsy,Use で for the cause. Follow the medicine-specific label and clinician or pharmacist instructions; do not drive or operate hazardous machinery when warned or drowsy.
痛みを医師に訴える,いたみをいしにうったえる,itami o ishi ni uttaeru,to report pain to a physician,collocation,Health and the Body,neutral,The symptom takes を and the person receiving the report takes に with 訴える.,診察で胸の痛みを医師に訴えた。,"During the examination, I reported chest pain to the physician.",いつからどこが痛むかを整理して痛みを医師に訴える。,I organize when and where it hurts before reporting the pain to the physician.,医師に痛みを伝える: tell a physician about pain / 痛みを訴える: complain of pain,"Use を for the symptom and に for the clinician. Sudden severe chest, head, back, or abdominal pain can require emergency response; follow local emergency guidance."
痛みを薬で和らげる,いたみをくすりでやわらげる,itami o kusuri de yawarageru,to ease pain with medicine,collocation,Health and the Body,neutral,"The symptom reduced takes を, and the means takes で with 和らげる.",医師の指示どおりに使った薬で痛みを和らげた。,I eased the pain with medicine used as directed by the physician.,薬で痛みを和らげても続く症状は医療機関に相談する。,"Even if medicine eases the pain, I seek medical advice if the symptom continues.",痛みが和らぐ: the pain eases / 痛み止めを使う: use a pain reliever,"Use を with transitive 和らげる and が with intransitive 和らぐ. Follow product-specific dosing, contraindication, and interaction guidance."
適度な運動を続ける,てきどうんどうをつづける,tekido na undou o tsuzukeru,to maintain an appropriate level of physical activity,collocation,Health and the Body,neutral,適度な means suitable in amount or intensity; the activity continued takes を.,体調に合わせて適度な運動を続けている。,I maintain an appropriate level of exercise for my condition.,専門家の助言を受けて適度な運動を続ける。,I continue an appropriate level of activity with professional guidance.,運動習慣をつける: develop an exercise habit / 無理のない範囲で動く: be active within manageable limits,Use な before 運動 and を with 続ける. Adjust type and intensity to ability and health; seek individualized guidance when needed.
入院中の友人を見舞う,にゅういんちゅうのゆうじんをみまう,nyuuinchuu no yuujin o mimau,to visit a hospitalized friend,collocation,Health and the Body,neutral,The person visited because of illness or hardship takes を with 見舞う.,面会時間を確認して入院中の友人を見舞った。,I checked visiting hours and visited my hospitalized friend.,本人の希望を聞いてから入院中の友人を見舞う。,I ask what my friend wants before visiting them in hospital.,友人の見舞いに行く: go to visit a sick friend / お見舞いの品を送る: send a get-well gift,Use を with 見舞う. Follow current facility rules and do not visit when symptomatic or against the patient's wishes.
十分な睡眠を取る,じゅうぶんなすいみんをとる,juubun na suimin o toru,to get adequate sleep,collocation,Health and the Body,neutral,睡眠を取る is a standard formal-neutral pairing; 十分な is relative to the person and situation.,翌日の作業に備えて十分な睡眠を取った。,I got adequate sleep before the next day's work.,不眠不休で働かず、十分な睡眠を取る。,I get adequate sleep rather than working without rest.,よく眠る: sleep well / 睡眠時間を確保する: secure enough time for sleep,"Use を with 取る. Persistent insomnia, extreme sleepiness, or impaired function warrants qualified medical advice."
病院へ行く,びょういんへいく,byouin e iku,to go to a hospital,collocation,Health and the Body,neutral,The destination takes に or へ with 行く.,検査を受けるため予約した病院へ行った。,I went to the hospital where I had an appointment for testing.,緊急症状なら自分で病院へ行かず救急要請を検討する。,"For emergency symptoms, I consider calling emergency services rather than going to the hospital on my own.",病院を受診する: seek care at a hospital / 診療所へ行く: go to a clinic,Use に or へ for the destination. Follow current local triage and emergency guidance.
症状に迅速に対応する,しょうじょうにじんそくにたいおうする,shoujou ni jinsoku ni taiou suru,to respond promptly to symptoms,collocation,Health and the Body,neutral,"The situation responded to takes に, and 迅速に describes the manner.",突然の強い症状に迅速に対応した。,We responded promptly to the sudden severe symptoms.,ろれつの異常や片側の脱力などの症状に迅速に対応する。,We respond promptly to symptoms such as speech difficulty or weakness on one side.,症状を観察する: monitor symptoms / 救急要請をする: call emergency services,"Use に with 対応する. For emergency warning signs, contact local emergency services rather than waiting for language certainty."
診察料がかかる,しんさつりょうがかかる,shinsatsuryou ga kakaru,for a consultation fee to be charged,collocation,Health and the Body,neutral,The cost incurred takes が with かかる.,保険の条件によって診察料がかかる場合がある。,"Depending on insurance conditions, a consultation fee may be charged.",受診前に診察料がかかる範囲を確認した。,I checked the expected consultation charges before seeking care.,手数料がかかる: a service fee applies / 医療費を支払う: pay medical expenses,Use が with かかる. Do not delay emergency care solely to resolve costs; use available local financial guidance afterward.
日陰で休む,ひかげでやすむ,hikage de yasumu,to rest in the shade,collocation,Health and the Body,neutral,で marks the place where resting occurs; 日陰 is an area shielded from direct sunlight.,暑さで気分が悪くなり、涼しい日陰で休んだ。,I began to feel ill from the heat and rested in a cool shaded place.,日陰で休んでも症状が改善しなければ助けを求める。,"If the symptoms do not improve after resting in the shade, I seek help.",木陰で休む: rest in the shade of a tree / 涼しい場所へ移る: move to a cool place,Use で for the resting place. Severe or worsening heat symptoms require urgent local medical guidance.
体に異常を感じる,からだにいじょうをかんじる,karada ni ijou o kanjiru,to notice something abnormal in one's body,collocation,Health and the Body,neutral,"The body as the location takes に, and the abnormality perceived takes を.",運動中に体に異常を感じてすぐに中止した。,I noticed something abnormal while exercising and stopped immediately.,突然体に異常を感じたら安全な場所で助けを求める。,"If I suddenly notice something abnormal, I seek help from a safe place.",体調の変化を感じる: notice a change in condition / 体に異常はない: there is no abnormality in the body,Use に for the bodily location and を with 感じる. Sudden severe warning signs need emergency assessment.
体調が回復する,たいちょうがかいふくする,taichou ga kaifuku suru,for one's condition to improve or recover,collocation,Health and the Body,neutral,The condition improving takes が with 回復する.,数日休んで体調が回復した。,"After resting for several days, my condition improved.",体調が回復しても段階的に活動を再開する。,"Even after I feel better, I resume activity gradually.",体調を回復させる: restore one's condition / 症状が改善する: symptoms improve,Use が with intransitive 回復する. Follow condition-specific professional guidance when activity restrictions apply.
家族を介護する,かぞくをかいごする,kazoku o kaigo suru,to provide care for a family member,collocation,Health and the Body,neutral,The person receiving ongoing assistance takes を with 介護する.,支援制度を利用しながら家族を介護している。,I care for a family member while using support services.,一人で抱え込まず支援を受けて家族を介護する。,I accept support rather than handling family care alone.,家族の世話をする: look after a family member / 専門職に介護を頼む: ask a professional for care,"Use を with 介護する. Care plans, consent, safeguarding, respite, and medical tasks require appropriate support."
薬の取扱いに注意する,くすりのとりあつかいにちゅういする,kusuri no toriatsukai ni chuui suru,to handle medicine carefully,collocation,Health and the Body,neutral,"The matter requiring care takes に with 注意する; 取扱い covers storage, use, transfer, and disposal.",子どもの手が届かないよう薬の取扱いに注意した。,I handled the medicine carefully and kept it out of children's reach.,外箱と説明書を残して薬の取扱いに注意する。,I keep the box and instructions and handle the medicine carefully.,薬の保管に注意する: take care when storing medicine / 用法用量を守る: follow dosage and administration,Use に with 注意する. Follow the medicine-specific instructions and keep it in its labeled container when directed.
痛みが取れる,いたみがとれる,itami ga toreru,for pain to go away,collocation,Health and the Body,neutral,The symptom that disappears takes が with the intransitive idiom Xが取れる.,休んだら足の軽い痛みが取れた。,The mild pain in my leg went away after I rested.,痛みが取れても腫れが続くなら医療機関に相談する。,"Even if the pain goes away, I seek medical advice if swelling continues.",痛みを取る: relieve pain / 痛みが和らぐ: pain eases,"Use が with 取れる. Seek appropriate care for severe, sudden, persistent, recurrent, or concerning associated symptoms."
体力を維持する,たいりょくをいじする,tairyoku o iji suru,to maintain physical stamina,collocation,Health and the Body,neutral,The capacity maintained takes を with 維持する.,生活に合う活動を続けて体力を維持している。,I maintain my stamina through activity that fits my life.,体調に合わせた運動で体力を維持する。,I maintain stamina through activity adjusted to my condition.,体力をつける: build stamina / 体力が落ちる: lose stamina,Use を with 維持する. Adapt activity to ability and seek individualized guidance for medical limitations.
眼鏡を外して休む,めがねをはずしてやすむ,megane o hazushite yasumu,to remove one's glasses and rest,collocation,Health and the Body,neutral,"The object removed takes を, and the te-form connects that action with resting.",目が疲れたので眼鏡を外して少し休んだ。,"My eyes felt tired, so I removed my glasses and rested briefly.",眼鏡を外して休んでも見え方の異常が続けば相談する。,"If the visual problem continues after resting without my glasses, I seek advice.",眼鏡をかける: put on or wear glasses / 目を休める: rest one's eyes,"Use を with 外す. Sudden vision loss, double vision, or severe symptoms can require urgent assessment."
人の手を離さない,ひとのてをはなさない,hito no te o hanasanai,not to let go of someone's hand,collocation,Health and the Body,neutral,The hand released takes を with 離す; the negative form states continued holding.,混雑した場所では子どもの手を離さない。,"In crowded places, I do not let go of the child's hand.",段差を越えるときは本人に確認して手を離さない。,"When crossing a step, I ask the person and keep holding their hand.",手を握る: hold someone's hand / 手を離す: let go of a hand,Use を with 離す. Do not grab or restrain someone without need and consent except in an immediate emergency.
体が冷える,からだがひえる,karada ga hieru,for one's body to become chilled,collocation,Health and the Body,neutral,The body undergoing the change takes が with intransitive 冷える.,雨にぬれて体が冷えた。,I got wet in the rain and became chilled.,震えが止まらないほど体が冷えたら助けを求める。,"If I become so chilled that the shivering does not stop, I seek help.",体を冷やす: cool the body / 手足が冷える: hands and feet become cold,Use が with 冷える and を with 冷やす. Severe cold exposure or altered consciousness requires urgent care.
体が丈夫だ,からだがじょうぶだ,karada ga joubu da,to have a robust constitution,collocation,Health and the Body,neutral,丈夫だ can describe physical robustness; the body takes が.,昔から体が丈夫で大きな病気をしたことがない。,I have long had a robust constitution and have not had a major illness.,体が丈夫だと思っても必要な検診は受ける。,"Even if I think I am robust, I still receive appropriate health checks.",体が弱い: have a weak constitution / 健康状態が良い: be in good health,Use が with 丈夫だ. Avoid using constitution labels to dismiss symptoms or another person's limits.
風邪を予防する,かぜをよぼうする,kaze o yobou suru,to reduce the risk of catching or spreading a cold,collocation,Health and the Body,neutral,The illness targeted takes を with 予防する.,手洗いと咳エチケットで風邪を予防する。,I use handwashing and cough etiquette to reduce the risk of colds.,症状があるときは周囲への感染も考えて風邪を予防する行動を取る。,"When I have symptoms, I act to reduce transmission to others as well.",感染を防ぐ: prevent infection / 風邪をひく: catch a cold,Use を with 予防する. Follow current public-health guidance and consider people unable to use a particular measure.
検診を受ける,けんしんをうける,kenshin o ukeru,to undergo a health screening,collocation,Health and the Body,neutral,The examination received takes を with 受ける.,案内された時期に定期検診を受けた。,I underwent the regular health screening at the recommended time.,対象と利益・不利益を確認して検診を受ける。,"I confirm eligibility, benefits, and drawbacks before undergoing screening.",健康診断を受ける: have a health check / 精密検査を受ける: undergo detailed testing,"Use を with 受ける. Follow current, individualized screening guidance and arrange follow-up for abnormal results."
薬の効果が現れる,くすりのこうかがあらわれる,kusuri no kouka ga arawareru,for a medicine's effect to become apparent,collocation,Health and the Body,neutral,"の links the medicine and effect, and the effect appearing takes が.",服用してしばらくすると薬の効果が現れた。,The medicine's effect became apparent some time after I took it.,薬の効果が現れなくても自己判断で量を増やさない。,"Even if the effect does not appear, I do not increase the dose on my own.",この薬は効果がある: this medicine is effective / 副作用が現れる: a side effect appears,Use が with 現れる. Follow the product-specific instructions and consult a qualified clinician or pharmacist about response or adverse effects.
血圧を測る,けつあつをはかる,ketsuatsu o hakaru,to measure blood pressure,collocation,Health and the Body,neutral,The quantity measured takes を with 測る.,説明書どおりの姿勢で血圧を測った。,I measured my blood pressure in the posture specified by the instructions.,同じ条件で血圧を測り記録を医療者に見せる。,I measure blood pressure under consistent conditions and show the record to a clinician.,体温を測る: measure body temperature / 血圧を記録する: record blood pressure,Use を with 測る. Follow validated-device instructions and seek urgent care for concerning symptoms regardless of a home reading.
手を上げて合図する,てをあげてあいずする,te o agete aizu suru,to raise a hand as a signal,collocation,Health and the Body,neutral,"The body part moved takes を, and the te-form connects the action to signaling.",具合が悪くなり、手を上げて係員に合図した。,I began to feel ill and raised my hand to signal the attendant.,声が出しにくいときは手を上げて合図する。,"When speaking is difficult, I raise my hand to signal.",声を出して助けを求める: call out for help / 手を振って知らせる: wave to alert someone,"Use を with 上げる. Establish accessible alternative signals in care, sport, work, and emergency settings."
症状が確認される,しょうじょうがかくにんされる,shoujou ga kakunin sareru,for a symptom to be observed or confirmed,collocation,Health and the Body,neutral,The observed symptom takes が in the passive construction.,診察で皮膚の症状が確認された。,A skin symptom was observed during the examination.,症状が確認されても検査結果と合わせて判断する。,"Even when a symptom is observed, it is interpreted together with test results.",症状を確認する: check a symptom / 病気が診断される: a disease is diagnosed,"Use が in the passive. Keep observation, test result, differential assessment, and diagnosis distinct."
手軽に作れる食事,てがるにつくれるしょくじ,tegaru ni tsukureru shokuji,a meal that is easy to prepare,collocation,Health and the Body,neutral,"手軽に modifies 作れる and means requiring relatively little effort, time, skill, or equipment.",疲れた日でも手軽に作れる食事を選んだ。,I chose a meal that was easy to prepare even on a tiring day.,材料と栄養表示を見て手軽に作れる食事を選ぶ。,I check the ingredients and nutrition label when choosing an easy-to-prepare meal.,簡単に作れる料理: a dish that is easy to make / 調理済みの食事: a prepared meal,"Use に to make 手軽 adverbial before the verb. Match food to individual allergies, swallowing needs, and medical advice."
体のバランスが崩れる,からだのばらんすがくずれる,karada no baransu ga kuzureru,to lose one's physical balance,collocation,Health and the Body,neutral,"の links the body and balance, and the state that breaks down takes が.",急に立ち上がると体のバランスが崩れた。,I lost my balance when I stood up suddenly.,突然体のバランスが崩れて立てないときは助けを求める。,"If I suddenly lose balance and cannot stand, I seek help.",バランスを崩す: lose one's balance / ふらつく: feel or move unsteadily,Use が with intransitive 崩れる. Sudden severe unsteadiness can be an emergency warning sign.
患部をかばって歩く,かんぶをかばってあるく,kanbu o kabatte aruku,to walk while protecting an injured area,collocation,Health and the Body,neutral,"The injured part protected takes を, and the te-form links the protective action to walking.",足首を痛め、患部をかばって歩いていた。,I had hurt my ankle and was walking while favoring the injured area.,患部をかばって歩く状態が続くので医療機関に相談した。,I sought medical advice because I kept walking while favoring the injured area.,足を引きずって歩く: walk with a limp / 患部を動かさない: keep the injured part still,"Use を with かばう. Significant injury, inability to bear weight, deformity, or severe pain needs appropriate assessment."
検査結果を本人に渡す,けんさけっかをほんにんにわたす,kensa kekka o honnin ni watasu,to give test results to the person concerned,collocation,Health and the Body,neutral,The document transferred takes を and the recipient takes に.,本人確認をしてから検査結果を本人に渡した。,I verified the person's identity before giving them the test results.,封筒に入れて検査結果を本人に渡す。,I place the test results in an envelope and give them to the person concerned.,検査結果を説明する: explain test results / 資料を全員に配る: distribute materials to everyone,"Use を for the results and に for the recipient. Follow current identity, consent, proxy, privacy, and record-access rules."
健康志向が高まる,けんこうしこうがたかまる,kenkou shikou ga takamaru,for interest in health-oriented choices to grow,collocation,Health and the Body,neutral,健康志向 refers to a tendency to prioritize perceived health; the tendency increasing takes が.,利用者の間で健康志向が高まっている。,Interest in health-oriented choices is growing among users.,健康志向が高まっても広告の根拠を確認する。,"Even as health interest grows, I check the evidence behind advertising claims.",健康志向を高める: increase health consciousness / 健康への関心が高まる: interest in health grows,Use が with intransitive 高まる. Do not turn a market trend into a medical recommendation.
医薬品を取り扱う,いやくひんをとりあつかう,iyakuhin o toriatsukau,to handle or deal in medicines,collocation,Health and the Body,neutral,"The goods handled take を with 取り扱う; the verb can cover storage, sale, supply, transport, and administration depending on context.",許可を受けた施設で医薬品を取り扱っている。,The licensed facility handles medicines.,温度と記録の要件に従って医薬品を取り扱う。,We handle medicines according to temperature and recordkeeping requirements.,医薬品を販売する: sell medicines / 薬を保管する: store medicine,"Use を with 取り扱う. Verify current medicine-specific and jurisdiction-specific licensing, storage, labeling, and traceability rules."
骨折の疑いがある,こっせつのうたがいがある,kossetsu no utagai ga aru,for a fracture to be suspected,collocation,Health and the Body,neutral,"Xの疑いがある marks a possibility requiring assessment, not a confirmed diagnosis.",強い痛みと変形があり骨折の疑いがある。,The severe pain and deformity raise suspicion of a fracture.,骨折の疑いがある部位を無理に動かさず助けを求める。,I avoid moving the area unnecessarily and seek help when a fracture is suspected.,骨折と診断される: be diagnosed with a fracture / 骨折を疑う: suspect a fracture,"Use の before 疑い and が with ある. Deformity, severe pain, open injury, loss of circulation or sensation, or major trauma needs urgent assessment."
肩をゆっくり回す,かたをゆっくりまわす,kata o yukkuri mawasu,to roll one's shoulders slowly,collocation,Health and the Body,neutral,The body part moved takes を and ゆっくり describes manner.,痛みのない範囲で肩をゆっくり回した。,I rolled my shoulders slowly within a pain-free range.,専門家の指示に従って肩をゆっくり回す。,I roll my shoulders slowly according to professional instructions.,肩を動かす: move the shoulder / 腕を回す: circle one's arm,"Use を with 回す. Stop and seek appropriate advice for sharp pain, weakness, numbness, trauma, or worsening symptoms."
治療を担当する,ちりょうをたんとうする,chiryou o tantou suru,to be responsible for treatment,collocation,Health and the Body,neutral,The work assigned takes を with 担当する; the responsible person can take が.,専門の医師が治療を担当している。,A specialist physician is responsible for the treatment.,複数の職種が役割を分けて治療を担当する。,Several professions divide responsibilities for treatment.,診療を担当する: be responsible for clinical care / 治療チームに加わる: join the treatment team,"Use を with 担当する. Titles, scope of practice, consent, and responsibility depend on the actual care setting."
苦心の末に回復する,くしんのすえにかいふくする,kushin no sue ni kaifuku suru,to recover after great difficulty and effort,collocation,Health and the Body,neutral,Xの末に marks the result reached after a prolonged process; 苦心 stresses effort and hardship.,長い治療と支援を受け、苦心の末に回復した。,"After prolonged treatment and support, the person recovered with great difficulty.",苦心の末に回復したという表現を本人の経験に合わせて使う。,I use the phrase 'recovered after great difficulty' only when it matches the person's experience.,治療の末に回復する: recover after treatment / 徐々に回復する: recover gradually,Use の末に as a unit. Avoid turning illness outcomes into moral judgments about effort or attitude.
体温を測る,たいおんをはかる,taion o hakaru,to measure body temperature,collocation,Health and the Body,neutral,The quantity measured takes を with 測る.,説明書を読んで同じ方法で体温を測った。,I read the instructions and measured my temperature using the same method.,症状と時刻も一緒に記録して体温を測る。,I measure my temperature and record the symptoms and time as well.,"熱を測る: take one's temperature, conversational / 体温を記録する: record body temperature","Use を with 測る. Follow the device instructions and seek care based on the overall condition, not one number alone."
症状の悪化を防ぐ,しょうじょうのあっかをふせぐ,shoujou no akka o fusegu,to prevent symptoms from worsening,collocation,Health and the Body,neutral,"の links the symptoms and worsening, and the event prevented takes を.",医療者の指示に従って症状の悪化を防いだ。,I followed the clinician's instructions to prevent the symptoms from worsening.,急な変化を記録しながら症状の悪化を防ぐ方法を相談する。,I record sudden changes and ask how to prevent the symptoms from worsening.,症状が悪化する: symptoms worsen / 重症化を防ぐ: prevent progression to severe disease,Use を with 防ぐ. Emergency warning signs require prompt local emergency guidance rather than routine prevention steps.
体に気をつける,からだにきをつける,karada ni ki o tsukeru,to take care of one's health,collocation,Health and the Body,neutral,Xに気をつける is an idiom meaning to pay attention or take care regarding X.,忙しい時期だからこそ体に気をつけている。,I make an extra effort to take care of my health during busy periods.,『体に気をつけて』だけでなく必要な支援も尋ねる。,"Rather than only saying 'take care,' I also ask what support is needed.","健康に気をつける: take care of one's health / お体に気をつけてください: please take care, polite","Use に for the concern and を in the fixed noun 気を. Add specific, evidence-based guidance only when qualified and appropriate."
ゆっくり休む,ゆっくりやすむ,yukkuri yasumu,to rest properly and without rushing,collocation,Health and the Body,neutral,"ゆっくり adverbially describes unhurried, ample rest.",疲れを感じたので家でゆっくり休んだ。,"I felt tired, so I rested properly at home.",ゆっくり休んでも強い症状が続くなら相談する。,"If severe symptoms continue despite rest, I seek advice.","十分に休む: rest adequately / 安静にする: rest and avoid exertion, medical/formal","Use ゆっくり directly without に. Follow urgent guidance for severe, sudden, or worsening symptoms."
発症から半年が経つ,はっしょうからはんとしがたつ,hasshou kara hantoshi ga tatsu,for six months to have passed since symptom onset,collocation,Health and the Body,neutral,"から marks the starting event, and the elapsed period takes が with 経つ.",最初の症状が出た発症から半年が経った。,Six months have passed since the first symptoms appeared.,記録を確認して発症から半年が経つ時点を数えた。,I checked the records to calculate the point six months after onset.,診断から半年が経つ: six months pass since diagnosis / 発病してから半年が経つ: six months pass since becoming ill,"Use から for the starting point. Define how onset is determined when dates affect research, benefits, or treatment."
手すりをしっかり握る,てすりをしっかりにぎる,tesuri o shikkari nigiru,to hold a handrail firmly,collocation,Health and the Body,neutral,The object gripped takes を and しっかり describes a secure manner.,階段では手すりをしっかり握った。,I held the handrail firmly on the stairs.,足元を確認しながら手すりをしっかり握る。,I hold the handrail firmly while watching my footing.,手すりにつかまる: hold on to a handrail / 手すりから手を離す: let go of the rail,Use を with 握る and に with つかまる. Provide appropriate assistance and accessible alternatives.
機能の回復を目指す,きのうのかいふくをめざす,kinou no kaifuku o mezasu,to aim to restore function,collocation,Health and the Body,neutral,"の links the function and recovery, and the target aimed for takes を.",本人の目標に合わせて手の機能の回復を目指した。,We aimed to restore hand function in line with the person's goals.,医療者と相談しながら無理なく機能の回復を目指す。,I work toward functional recovery at a manageable pace with clinical guidance.,機能を改善する: improve function / 生活の質を高める: improve quality of life,Use を with 目指す. Set individualized goals without promising a specific recovery outcome.
寒さを感じる,さむさをかんじる,samusa o kanjiru,to feel cold,collocation,Health and the Body,neutral,The sensation perceived takes を with 感じる.,部屋に入っても強い寒さを感じた。,I still felt intensely cold after entering the room.,震えを伴う寒さを感じるときは体温と他の症状も確認する。,"When I feel cold with shivering, I also check my temperature and other symptoms.",寒いと感じる: feel that it is cold / 体が冷える: become chilled,"Use を with 感じる. Seek appropriate help for severe exposure, confusion, breathing difficulty, or other alarming symptoms."
全身の力を込める,ぜんしんのちからをこめる,zenshin no chikara o komeru,to put one's whole-body strength into an action,collocation,Health and the Body,neutral,力を込める means deliberately applying force; 全身の specifies its source or extent.,重い物を動かそうとして全身の力を込めた。,I put my whole-body strength into trying to move the heavy object.,全身の力を込める前に安全な方法と補助具を確認する。,"Before using whole-body force, I check a safe method and assistive equipment.","力を入れる: exert force / 渾身の力を込める: put in every ounce of strength, literary",Use を with 込める. Do not lift beyond ability; follow trained manual-handling guidance.
視界がかすむ,しかいがかすむ,shikai ga kasumu,for one's vision to become blurred or hazy,collocation,Health and the Body,neutral,The visual field undergoing the change takes が with かすむ.,突然視界がかすみ、文字が読みにくくなった。,"My vision suddenly became blurred, and the text was hard to read.",突然視界がかすむ場合は運転をやめて助けを求める。,"If my vision suddenly blurs, I stop driving and seek help.",目がかすむ: have blurred vision / 視界が狭くなる: one's visual field narrows,"Use が with かすむ. Sudden vision change, double vision, weakness, speech trouble, or severe headache can require emergency care."
痛みに耐える,いたみにたえる,itami ni taeru,to endure pain,collocation,Health and the Body,neutral,The hardship endured takes に with 耐える.,助けが来るまで動かず強い痛みに耐えた。,I stayed still and endured severe pain until help arrived.,強い痛みに耐え続けず医療機関に相談する。,I seek medical advice rather than continuing to endure severe pain.,痛みを我慢する: put up with pain / 痛みを和らげる: ease pain,Use に with 耐える. Sudden or severe pain and pain with emergency warning signs require prompt assessment.
緊急手術を受ける,きんきゅうしゅじゅつをうける,kinkyuu shujutsu o ukeru,to undergo emergency surgery,collocation,Health and the Body,neutral,The procedure received takes を with 受ける.,検査のあと医師の説明を受けて緊急手術を受けた。,"After testing and an explanation from the physician, the patient underwent emergency surgery.",緊急手術を受ける前に可能な範囲で本人確認と説明を行う。,"Before emergency surgery, identity and explanation are addressed as far as circumstances allow.",手術を受ける: undergo surgery / 緊急処置を受ける: receive emergency treatment,"Use を with 受ける. Clinical decisions and consent follow the actual emergency, law, capacity, and professional standards."
左右の見え方を比べる,さゆうのみえかたをくらべる,sayuu no miekata o kuraberu,to compare vision between the two eyes,collocation,Health and the Body,neutral,"の links left and right with the manner of seeing, and the compared item takes を.",片目ずつ隠して左右の見え方を比べた。,I covered one eye at a time and compared how each eye saw.,急に左右の見え方が変わったら比べるだけで済ませず助けを求める。,"If vision suddenly differs between the eyes, I seek help rather than stopping at a comparison.",視力を測る: measure visual acuity / 見え方の違いに気づく: notice a difference in vision,"Use を with 比べる. Sudden loss, narrowing, double vision, or neurological symptoms can be an emergency."
束の間の休息を取る,つかのまのきゅうそくをとる,tsukanoma no kyuusoku o toru,to take a brief respite,collocation,Health and the Body,neutral,束の間の means lasting only a short while; the rest taken takes を.,長い介護の合間に束の間の休息を取った。,I took a brief respite during a long period of caregiving.,束の間の休息を取るだけでなく継続的な支援も利用する。,I use ongoing support rather than relying only on brief respites.,短い休憩を取る: take a short break / 十分な休息を取る: get adequate rest,"Use の before 休息 and を with 取る. In ordinary prose, 短い休憩 is clearer."
納期を前倒しする,のうきをまえだおしする,nouki o maedaoshi suru,to move a delivery deadline earlier,collocation,Society and Plans,neutral,The deadline moved earlier takes を with 前倒しする.,顧客と合意して納期を一週間前倒しした。,"With the customer's agreement, we moved the delivery deadline forward by one week.",必要な人員を確認してから納期を前倒しする。,We check the required staffing before moving the deadline forward.,納期を延期する: postpone a deadline / 作業を前倒しする: move work forward,"Use を with 前倒しする. Record agreement, revised scope, dependencies, and consequences."
予定が白紙になる,よていがはくしになる,yotei ga hakushi ni naru,for a plan to be canceled or reset completely,collocation,Society and Plans,neutral,白紙になる is an idiom meaning returning to an undecided state; the plan takes が.,会場が使えなくなり来月の予定が白紙になった。,Next month's plan was scrapped when the venue became unavailable.,予定が白紙になった理由と今後の連絡方法を伝える。,We explain why the plan was reset and how updates will be communicated.,予定が中止になる: the event is canceled / 計画を白紙に戻す: return a plan to square one,Use が with なる and を with the transitive 戻す pattern. Avoid the phrase when the plan is only postponed.
規則を守る,きそくをまもる,kisoku o mamoru,to follow a rule,collocation,Society and Plans,neutral,守る conventionally pairs with rules and promises to mean observing them.,施設を利用するときは安全の規則を守る。,I follow the safety rules when using the facility.,規則を守るだけでなく目的と例外も確認する。,I check the purpose and exceptions rather than merely following the rule.,規則に従う: comply with a rule / 規則を破る: break a rule,"Use を with 守る. Verify the rule's current text, scope, authority, and accommodation or appeal process."
予定を伝える,よていをつたえる,yotei o tsutaeru,to tell someone one's plans or schedule,collocation,Society and Plans,neutral,The information conveyed takes を and the recipient can take に.,家族に帰宅の予定を伝えた。,I told my family when I expected to return home.,未確定の部分を明示して予定を伝える。,I state what remains tentative when sharing the plan.,予定を共有する: share a schedule / 変更を知らせる: notify someone of a change,Use を for the information and に for the recipient. Mark tentative times clearly.
結果を掲載する,けっかをけいさいする,kekka o keisai suru,to publish results in a document or online,collocation,Society and Plans,neutral,The content published takes を and the publication location can take に.,方法と対象者数を添えて調査結果をウェブサイトに掲載した。,We published the survey results on the website with the method and sample size.,個人を特定できない形で結果を掲載する。,We publish the results in a form that does not identify individuals.,結果を公表する: make results public / 記事を掲載する: publish an article,"Use を for the content and に for the medium. Verify privacy, consent, source, copyright, and correction procedures."
手順を周知する,てじゅんをしゅうちする,tejun o shuuchi suru,to make a procedure known to everyone concerned,collocation,Society and Plans,neutral,The information disseminated takes を; 周知する implies reaching the relevant population broadly.,変更点を強調して新しい手順を周知した。,"We communicated the new procedure, highlighting what had changed.",理解度を確認しながら手順を周知する。,We communicate the procedure and check understanding.,手順を共有する: share a procedure / 変更を通知する: notify people of a change,"Use を with 周知する. Define the audience, channels, accessible formats, effective date, and acknowledgement method."
規約を適用する,きやくをてきようする,kiyaku o tekiyou suru,to apply terms or rules,collocation,Society and Plans,neutral,"The rule set applied takes を, and the case receiving it can take に.",申込日当時の規約を契約に適用した。,We applied the terms in effect on the application date to the contract.,規約を適用する前に版と同意記録を確認する。,"Before applying the terms, we check the version and consent record.",規約が適用される: the terms apply / 法律を適用する: apply a law,"Use を with transitive 適用する. Verify current law, version, notice, consent, hierarchy, and consumer protections."
予定を変更する,よていをへんこうする,yotei o henkou suru,to change a plan or schedule,collocation,Society and Plans,neutral,The plan altered takes を with 変更する.,天候のため午後の予定を変更した。,We changed the afternoon plan because of the weather.,関係者に連絡してから予定を変更する。,I contact those affected before changing the plan.,予定が変更になる: the schedule is changed / 予定を取り消す: cancel a plan,"Use を with the transitive verb. Confirm linked bookings, deadlines, and responsibilities."
料金を改定する,りょうきんをかいていする,ryoukin o kaitei suru,to revise a fee or tariff,collocation,Society and Plans,neutral,The formally revised fee takes を with 改定する.,原価と利用者への影響を検討して料金を改定した。,We revised the fee after considering costs and the effect on users.,適用日と解約条件を知らせて料金を改定する。,We state the effective date and cancellation terms when revising the fee.,料金を変更する: change a fee / 価格を改定する: revise a price,"Use を with 改定する. Verify current approval, filing, contract, notice, and consumer-protection requirements."
日程を調整する,にっていをちょうせいする,nittei o chousei suru,to coordinate or adjust a schedule,collocation,Society and Plans,neutral,The schedule coordinated takes を; counterparts may take と.,参加者の都合を聞いて会議の日程を調整した。,We coordinated the meeting schedule after asking about participants' availability.,時差と休業日を考慮して日程を調整する。,We coordinate the schedule while considering time zones and holidays.,日程を変更する: change the schedule / 予定をすり合わせる: align schedules,"Use を with 調整する. Record the confirmed zone, date, time, participants, and deadline for response."
契約を更新する,けいやくをこうしんする,keiyaku o koushin suru,to renew a contract,collocation,Society and Plans,neutral,The agreement renewed takes を with 更新する.,条件と期間を確認して契約を更新した。,We renewed the contract after checking its terms and duration.,自動更新の期限前に契約を更新するか判断する。,We decide whether to renew before the automatic-renewal deadline.,契約が更新される: the contract is renewed / 契約を延長する: extend a contract,"Use を with 更新する. Verify current terms, notice, authority, renewal mechanism, cancellation, and applicable law."
結果を公表する,けっかをこうひょうする,kekka o kouhyou suru,to announce results publicly,collocation,Society and Plans,neutral,The information made public takes を with 公表する.,集計方法を説明して選考結果を公表した。,We announced the selection results and explained the tabulation method.,異議申立ての方法も示して結果を公表する。,We publish the results together with the appeal procedure.,結果を掲載する: publish results in a medium / 結果を発表する: announce results,"Use を with 公表する. State authority, method, date, scope, privacy controls, and correction or appeal route."
規則を遵守する,きそくをじゅんしゅする,kisoku o junshu suru,to comply with rules,collocation,Society and Plans,neutral,"The rule observed takes を; 遵守する is formal and common in legal, compliance, and organizational writing.",担当者は安全に関する規則を遵守した。,The person in charge complied with the safety rules.,最新版を確認して規則を遵守する。,We check the latest version and comply with the rules.,"規則を守る: follow rules, everyday wording / 法令を遵守する: comply with laws and regulations","Use を with 遵守する. Verify authority, version, scope, exceptions, and conflict with higher norms."
公金の使途を公開する,こうきんのしとをこうかいする,koukin no shito o koukai suru,to disclose how public money is used,collocation,Society and Plans,neutral,"の links public funds and their use, and the information disclosed takes を.",自治体は事業ごとに公金の使途を公開した。,The municipality disclosed how public money was used for each program.,機械で読める形式でも公金の使途を公開する。,We disclose public spending in a machine-readable format as well.,支出内訳を公表する: publish an expenditure breakdown / 公金を横領する: embezzle public money,"Use を with 公開する. Protect legitimately confidential data while providing scope, period, definitions, and correction history."
歓迎会を催す,かんげいかいをもよおす,kangeikai o moyoosu,to hold a welcome gathering,collocation,Society and Plans,neutral,The event held takes を with 催す; the verb is somewhat formal.,新しい参加者の希望を聞いて歓迎会を催した。,We held a welcome gathering after asking what the new participants wanted.,参加しない選択も示したうえで歓迎会を催す。,We make nonparticipation an explicit option when holding the welcome event.,歓迎会を開く: hold a welcome party / 歓迎会に参加する: attend a welcome gathering,"Use を with 催す. Provide accessible, inclusive, voluntary formats and clarify costs and working-time treatment."
将来像を描く,しょうらいぞうをえがく,shouraizou o egaku,to envision a future state,collocation,Society and Plans,neutral,描く metaphorically means forming a concrete picture of a desired future.,地域の人と十年後の将来像を描いた。,We envisioned the community ten years from now with local residents.,複数の可能性を比べながら将来像を描く。,We envision the future while comparing several possibilities.,将来の夢を描く: dream about the future / 将来計画を立てる: make a future plan,"Use を with 描く. Identify participants, assumptions, conflicts, resources, and measures that connect vision to action."
施行期日を定める,しこうきじつをさだめる,shikou kijitsu o sadameru,to set an effective date,collocation,Society and Plans,neutral,The date formally fixed takes を with 定める.,準備期間を考慮して新制度の施行期日を定めた。,The effective date of the new system was set after considering preparation time.,経過措置と合わせて施行期日を定める。,We set the effective date together with transitional measures.,施行期日が定まる: the effective date is settled / 施行日を延期する: postpone the effective date,"Use を with 定める. Verify the enacted text, supplementary provisions, amendments, authority, and current e-Gov version."
行政が対応する,ぎょうせいがたいおうする,gyousei ga taiou suru,for a public authority to respond,collocation,Society and Plans,neutral,"The responding institution takes が, while the matter addressed can take に.",住民からの相談に行政が対応した。,The public authority responded to inquiries from residents.,担当部署を明らかにして行政が対応する。,The public authority responds and identifies the responsible department.,行政の対応が遅い: the administrative response is slow / 自治体が対応する: the local government responds,"Use が with 対応する and に for the issue. Distinguish acknowledgement, investigation, decision, remedy, and completion."
展示会を開催する,てんじかいをかいさいする,tenjikai o kaisai suru,to hold an exhibition or trade show,collocation,Society and Plans,neutral,The event held takes を with 開催する.,地域の作家を紹介する展示会を開催した。,We held an exhibition introducing local artists.,作品の許諾と返却条件を決めて展示会を開催する。,We obtain permissions and set return conditions before holding the exhibition.,展示会が開催される: an exhibition is held / 作品を展示する: display works,"Use を with the transitive verb. Record rights, loans, access, safety, sales, and cancellation responsibilities."
土壇場で計画を変更する,どたんばでけいかくをへんこうする,dotanba de keikaku o henkou suru,to change a plan at the last moment,collocation,Society and Plans,neutral,"土壇場で means at the final, critical moment; the plan altered takes を.",会場の故障が分かり土壇場で計画を変更した。,We changed the plan at the last moment after discovering a venue failure.,土壇場で計画を変更した理由と影響を記録する。,We record why the plan changed at the last moment and what it affected.,直前に予定を変更する: change plans immediately beforehand / 土壇場で逆転する: reverse the outcome at the last moment,"Use で after 土壇場. Notify affected people and preserve safety, consent, and refund rights."
有効期限を確認する,ゆうこうきげんをかくにんする,yuukou kigen o kakunin suru,to check an expiration or validity date,collocation,Society and Plans,neutral,The date or period checked takes を; 有効期限 identifies when validity ends.,利用する前に証明書の有効期限を確認した。,I checked the document's expiration date before using it.,年月日と時刻まで含めて有効期限を確認する。,I check the validity deadline down to the date and time.,使用期限を確認する: check a use-by date / 契約期間を確認する: check a contract term,Use を with 確認する. Check the issuer's current record when status can change independently of the printed date.
明るい未来を描く,あかるいみらいをえがく,akarui mirai o egaku,to envision a hopeful future,collocation,Society and Plans,neutral,"明るい metaphorically means hopeful or promising, and the envisioned future takes を.",課題を隠さずに明るい未来を描いた。,We envisioned a hopeful future without hiding the problems.,実行できる小さな目標から明るい未来を描く。,We envision a hopeful future starting with small actionable goals.,未来を信じる: believe in the future / 将来像を描く: envision a future state,Use を with 描く. Connect aspiration to responsible action and measurable outcomes.
規則に従う,きそくにしたがう,kisoku ni shitagau,to follow a rule,collocation,Society and Plans,neutral,The rule followed takes に with 従う.,利用者は施設の安全規則に従った。,Users followed the facility's safety rules.,規則に従う前に適用範囲と最新版を確認する。,"Before following a rule, I check its scope and current version.",規則を守る: observe a rule / 指示に従う: follow an instruction,"Use に with 従う. Use lawful reporting, accommodation, and appeal routes when a rule creates harm or conflict."
地域社会に貢献する,ちいきしゃかいにこうけんする,chiiki shakai ni kouken suru,to contribute to the local community,collocation,Society and Plans,neutral,The beneficiary takes に with 貢献する.,住民の希望を聞いて地域社会に貢献する活動を始めた。,We began an activity that contributed to the local community after hearing residents' wishes.,成果と負担を住民と検証して地域社会に貢献する。,We assess benefits and burdens with residents while contributing to the community.,地域に役立つ: benefit the community / 地域活動に参加する: participate in community activities,"Use に with 貢献する. Define community, consent, outcome, and who bears the cost."
世論が政治を動かす,よろんがせいじをうごかす,yoron ga seiji o ugokasu,for public opinion to influence politics,collocation,Society and Plans,neutral,The influencing force takes が and the system affected takes を with 動かす.,大規模な抗議をきっかけに世論が政治を動かした。,Public opinion influenced politics after large protests.,一つの調査だけで世論が政治を動かしたと断定しない。,We do not conclude from one survey that public opinion drove political change.,世論が変わる: public opinion changes / 政治に影響を与える: influence politics,"Use が for the influence and を for the affected domain. Cite dated, representative evidence and separate correlation from causation."
パスポートを更新する,ぱすぽーとをこうしんする,pasupooto o koushin suru,to renew a passport,collocation,Society and Plans,neutral,The document being renewed takes を with 更新する.,有効期限を確かめて早めにパスポートを更新した。,I checked the expiration date and renewed my passport early.,渡航日が決まる前にパスポートを更新する。,I will renew my passport before fixing my travel date.,パスポートを申請する: apply for a passport / 情報を更新する: update information,Use を for the item renewed. Check the current official procedure rather than treating the example as procedural advice.
市場に介入する,しじょうにかいにゅうする,shijou ni kainyuu suru,to intervene in a market,collocation,Society and Plans,neutral,The sphere entered or affected takes に with 介入する.,政府が急激な混乱を抑えるため市場に介入した。,The government intervened in the market to curb sudden disruption.,市場に介入する前後の指標を分けて検証する。,We assess the indicators before and after intervening in the market separately.,市場を規制する: regulate a market / 取引に介入する: intervene in a transaction,"Use に, not を, with 介入する. State the actor, instrument, date, and observed result when making a policy claim."
地域の人々と交流する,ちいきのひとびととこうりゅうする,chiiki no hitobito to kouryuu suru,to interact with people in the local community,collocation,Society and Plans,neutral,The people one interacts with take と; 交流する suggests reciprocal contact.,祭りの準備を通して地域の人々と交流した。,I interacted with people in the local community while preparing for the festival.,短い訪問でも地域の人々と交流する機会を大切にした。,"Even on a short visit, I valued opportunities to interact with local people.",地域の人々に会う: meet local people / 住民同士が交流する: residents interact with one another,Use と for the other participants. Prefer a specific activity over vague claims of cultural exchange.
例外を設ける,れいがいをもうける,reigai o moukeru,to provide for an exception,collocation,Society and Plans,neutral,The exception created takes を with 設ける.,安全上の理由がある場合に限り例外を設けた。,We provided an exception only when there was a safety reason.,例外を設けるなら適用条件を文書にする。,"If we provide an exception, we document its conditions.",例外を認める: allow an exception / 規則に例外はない: there is no exception to the rule,Use を with 設ける. Do not imply that a stated exception is lawful or fair without checking the governing rule.
地域の催しに参加する,ちいきのもよおしにさんかする,chiiki no moyooshi ni sanka suru,to take part in a local event,collocation,Society and Plans,neutral,The event joined takes に with 参加する; 催し is a somewhat formal word for an event or program.,転入した翌月に地域の催しに参加した。,I took part in a local event the month after moving in.,案内の参加条件を確認して地域の催しに参加する。,I check the participation conditions in the notice before joining the local event.,催しを開く: hold an event / 地域活動に参加する: join a community activity,"Use に with 参加する. 催し is read もよおし, not from the on-reading of 催."
事故防止の対策を講じる,じこぼうしのたいさくをこうじる,jiko boushi no taisaku o koujiru,to take measures to prevent accidents,collocation,Society and Plans,neutral,"The purpose modifies 対策 with の, and the measures taken take を with 講じる.",点検結果を受けて事故防止の対策を講じた。,We took accident-prevention measures in response to the inspection findings.,担当者と期限を決めて事故防止の対策を講じる。,We assign an owner and deadline when taking accident-prevention measures.,安全対策を取る: take safety measures / 事故を防止する: prevent accidents,"Use を with 講じる. Name the hazard, measure, responsible party, and follow-up evidence."
一概には言えない,いちがいにはいえない,ichigai ni wa ienai,cannot be said categorically,collocation,Society and Plans,neutral,一概に modifies the judgment; は commonly adds contrast before the negative 言えない.,利用者が増えたから成功したとは一概には言えない。,It cannot be said categorically that the project succeeded merely because user numbers rose.,条件が地域ごとに違うため一概には言えない。,It cannot be generalized because conditions differ by region.,必ずしもそうとは限らない: that is not necessarily so / 一律には扱えない: cannot be treated uniformly,Use 一概に with a negative predicate. State which variables prevent a general conclusion.
安堵の表情を浮かべる,あんどのひょうじょうをうかべる,ando no hyoujou o ukaberu,to show an expression of relief,collocation,Society and Plans,neutral,"安堵 modifies 表情 with の, and the expression shown takes を with 浮かべる.",家族の無事を知って安堵の表情を浮かべた。,"On learning that the family was safe, she showed an expression of relief.",本人の言葉も聞かず安堵の表情を浮かべたと決めつけない。,We do not assume someone looked relieved without also hearing what they said.,安堵する: feel relieved / 胸をなで下ろす: breathe a sigh of relief,"Use 安堵の表情, not 安堵な表情. In reporting, distinguish observation from inference."
秘密を守る,ひみつをまもる,himitsu o mamoru,to keep a secret,collocation,Society and Plans,neutral,The secret or confidential information protected takes を with 守る.,相談者の秘密を守ると約束した。,I promised to keep the person's disclosure confidential.,共有範囲を確認して秘密を守る。,I confirm who may receive the information and keep it confidential.,規則を守る: obey a rule / 約束を守る: keep a promise,"Use を with 守る. In professional settings, explain any applicable limits instead of making an absolute promise."
声明を発表する,せいめいをはっぴょうする,seimei o happyou suru,to issue a statement,collocation,Society and Plans,neutral,The statement released takes を with 発表する. 公式声明 can specify formal status.,団体は調査結果を受けて声明を発表した。,The organization issued a statement in response to the investigation findings.,声明を発表する際に日付と発表主体を明記した。,"When issuing the statement, we identified its date and issuer.",声明を出す: issue a statement / 見解を示す: state a view,Use を with 発表する. Quote or summarize an official statement with its issuer and date.
失望を隠せない,しつぼうをかくせない,shitsubou o kakusenai,to be unable to hide one's disappointment,collocation,Society and Plans,neutral,The emotion one cannot conceal takes を with 隠せない.,期待していた結果ではなく失望を隠せなかった。,"It was not the result I had hoped for, and I could not hide my disappointment.",本人は会見で失望を隠せないと語った。,"At the press conference, the person said they could not hide their disappointment.",結果に失望する: be disappointed by the result / 落胆の色を見せる: show signs of dejection,Use を with 隠せない. Attribute emotional claims when reporting on another person.
思わぬ展開に呆気にとられる,おもわぬてんかいにあっけにとられる,omowanu tenkai ni akke ni torareru,to be dumbfounded by an unexpected turn,collocation,Society and Plans,neutral,The event causing surprise takes に. 呆気にとられる is a fixed expression and is usually written あっけにとられる in lighter prose.,議論が突然終わるという思わぬ展開に呆気にとられた。,I was dumbfounded by the unexpected turn in which the discussion suddenly ended.,知らせを聞いた直後は思わぬ展開に呆気にとられた。,"Immediately after hearing the news, I was dumbfounded by the unexpected turn.",驚く: be surprised / 言葉を失う: be lost for words,Use に for the cause. Do not analyze とられる here as an ordinary passive of 取る.
波瀾万丈な人生を送る,はらんばんじょうなじんせいをおくる,haranbanjou na jinsei o okuru,to lead an eventful life full of dramatic changes,collocation,Society and Plans,neutral,"波瀾万丈 takes な before 人生, and the life led takes を with 送る.",本人は自伝で波瀾万丈な人生を送ったと振り返る。,"In the autobiography, the author looks back on having led an eventful life full of dramatic changes.",出来事を列挙するだけで波瀾万丈な人生を送ったと決めつけない。,We do not label a life dramatic merely by listing events.,波乱の多い人生を送る: lead a turbulent life / 穏やかな人生を送る: lead a peaceful life,"In this predicate use, 波瀾万丈な人生 is standard. The variant spelling 波乱万丈 is also seen."
大規模な調査を実施する,だいきぼなちょうさをじっしする,daikibo na chousa o jisshi suru,to conduct a large-scale survey,collocation,Society and Plans,neutral,大規模 takes な before a noun; the survey conducted takes を with 実施する.,対象地域を広げて大規模な調査を実施した。,We expanded the target area and conducted a large-scale survey.,標本の選び方を公開して大規模な調査を実施する。,We disclose the sampling method when conducting a large-scale survey.,全国調査を行う: conduct a nationwide survey / 小規模な調査を行う: conduct a small-scale survey,"Use 大規模な before a noun. Report sample, field dates, question wording, and method as well as size."
逝去を悼む,せいきょをいたむ,seikyo o itamu,to mourn someone's passing,collocation,Society and Plans,neutral,"The passing mourned takes を with 悼む. 逝去 is a respectful, formal noun.",教え子たちは恩師の逝去を悼んだ。,The former students mourned their teacher's passing.,関係者は静かに逝去を悼んだ。,Those concerned quietly mourned the passing.,死を悼む: mourn a death / 訃報に接する: learn of someone's death,Use を with 悼む. Avoid using the honorific 逝去 for one's own side when conventional in-group modesty is required.
危惧の声が上がる,きぐのこえがあがる,kigu no koe ga agaru,for concerns to be raised,collocation,Society and Plans,neutral,"危惧 modifies 声 with の, and the voices arising take が with 上がる.",計画の安全性をめぐって危惧の声が上がった。,Concerns were raised about the plan's safety.,誰のどのような危惧の声が上がったのかを記事に記した。,The article stated whose concerns were raised and what they were.,将来を危惧する: fear for the future / 懸念が示される: concerns are expressed,"Use 危惧の声, not 危惧な声. Replace vague attribution with named or accurately bounded sources when possible."
候補を篩にかける,こうほをふるいにかける,kouho o furui ni kakeru,to screen candidates,collocation,Society and Plans,neutral,The items screened take を; 篩にかける is a metaphor meaning to filter or screen.,明示した条件に沿って候補を篩にかけた。,We screened the candidates according to the stated conditions.,基準と異議申立ての手順を公開して候補を篩にかける。,We publish the criteria and appeal process when screening candidates.,候補を絞る: narrow the candidates / 応募者を選考する: evaluate applicants,"Write ふるいにかける in general-audience prose if the kanji is distracting. For people, 選考する is often more neutral."
世論の風向きが変わる,よろんのかざむきがかわる,yoron no kazamuki ga kawaru,for the direction of public opinion to shift,collocation,Society and Plans,neutral,世論 modifies the metaphorical 風向き with の; what changes takes が.,複数の調査で世論の風向きが変わったことが示された。,Several surveys indicated that the direction of public opinion had shifted.,一回の調査だけで世論の風向きが変わったとは判断しない。,We do not judge from a single survey that public opinion has shifted.,世論が変化する: public opinion changes / 支持が広がる: support grows,"Use の and が as shown. Give dates, population, method, and uncertainty when the claim rests on polls."
財政を立て直す,ざいせいをたてなおす,zaisei o tatenaosu,to restore public finances,collocation,Society and Plans,neutral,The finances being restored take を with 立て直す.,市は支出と収入を見直して財政を立て直した。,The city reviewed spending and revenue and restored its finances.,住民サービスへの影響も示して財政を立て直す案を比較する。,We compare plans to restore finances while also showing their effects on resident services.,財政を改善する: improve public finances / 財政が悪化する: public finances deteriorate,Use を with 立て直す. Do not equate a single balance figure with complete fiscal health.
人権を尊重する,じんけんをそんちょうする,jinken o sonchou suru,to respect human rights,collocation,Society and Plans,neutral,The rights respected take を with 尊重する.,すべての利用者の人権を尊重する方針を定めた。,We adopted a policy to respect the human rights of every user.,当事者の意見を聞きながら人権を尊重する手順を見直す。,We review procedures for respecting human rights while hearing from those affected.,人権を守る: protect human rights / 人格を尊重する: respect a person's dignity,"Use を with 尊重する. In legal contexts, identify the specific right and consult current authoritative sources."
無為無策を批判する,むいむさくをひはんする,muimusaku o hihan suru,to criticize a lack of effective action,collocation,Society and Plans,neutral,The alleged inaction criticized takes を. 無為無策 is strongly condemnatory.,野党は災害対応の無為無策を批判した。,The opposition criticized the lack of effective action in the disaster response.,記事では発言者を示して無為無策を批判する言葉を引用した。,The article attributed the words criticizing a lack of action to the speaker.,対応の遅れを批判する: criticize a delayed response / 具体策を求める: call for concrete measures,Use を with 批判する. Attribute the label and state the specific omitted or inadequate action.
予定表を確認する,よていひょうをかくにんする,yoteihyou o kakunin suru,to check a schedule,collocation,Society and Plans,neutral,The schedule checked takes を with 確認する.,会議室を予約する前に予定表を確認した。,I checked the schedule before reserving the meeting room.,変更がないか朝に予定表を確認する。,I check the schedule in the morning for any changes.,予定を確認する: confirm plans / 予定表に記入する: enter something on a schedule,Use を for what you check and に for where you enter an item.
政策を打ち出す,せいさくをうちだす,seisaku o uchidasu,to put forward a policy,collocation,Society and Plans,neutral,The policy announced or advanced takes を with 打ち出す.,政府は住宅費の負担を減らす政策を打ち出した。,The government put forward a policy to reduce the burden of housing costs.,財源と開始時期も示して政策を打ち出す。,The government puts forward the policy while also stating its funding source and start date.,政策を発表する: announce a policy / 政策を実施する: implement a policy,Use を with 打ち出す. Distinguish a proposal or announcement from an enacted and implemented measure.
高齢化が進む,こうれいかがすすむ,koureika ga susumu,for population aging to advance,collocation,Society and Plans,neutral,The demographic process takes が with 進む.,この地域では全国平均より速く高齢化が進んでいる。,Population aging is advancing faster in this area than the national average.,年齢別人口の推移を見て高齢化が進む速度を比べる。,We compare the pace of population aging by examining population trends by age.,高齢者が増える: the number of older people increases / 少子化が進む: the birthrate decline advances,"Use が with 進む. Cite the reference population, age threshold, dates, and source for quantitative claims."
社会を風刺する,しゃかいをふうしする,shakai o fuushi suru,to satirize society,collocation,Society and Plans,neutral,The target of satire takes を with 風刺する.,この小説は誇張と皮肉を使って社会を風刺している。,This novel uses exaggeration and irony to satirize society.,作品の時代背景を調べてから社会を風刺する表現を読む。,I examine the work's historical context before interpreting expressions that satirize society.,政治を風刺する: satirize politics / 社会を批判する: criticize society,"Use を for the target. Separate textual evidence, creator statements, and your own interpretation."
